{"custom_metrics": {}, "episode_media": {}, "info": {"learner": {"shared_policy": {"learner_stats": {"allreduce_latency": 0.0, "grad_gnorm": 2.9884083749125243, "cur_kl_coeff": 0.2, "cur_lr": 5.0000000000000016e-05, "total_loss": 4.799894774653924, "policy_loss": -0.016350174223186163, "vf_loss": 4.812992587417522, "vf_explained_var": -0.0012711078086227337, "kl": 0.016261812016470985, "entropy": 0.9765978920712042, "entropy_coeff": 0.0}, "model": {}, "custom_metrics": {}, "num_agent_steps_trained": 126.98412698412699, "num_grad_updates_lifetime": 945.5, "diff_num_grad_updates_vs_sampler_policy": 944.5}}, "num_env_steps_sampled": 4000, "num_env_steps_trained": 4000, "num_agent_steps_sampled": 8000, "num_agent_steps_trained": 8000}, "env_runners": {"episode_reward_max": 0.0, "episode_reward_min": 0.0, "episode_reward_mean": 0.0, "episode_len_mean": 9.521428571428572, "episode_media": {}, "episodes_timesteps_total": 3999, "policy_reward_min": {"shared_policy": -3.0}, "policy_reward_max": {"shared_policy": 3.0}, "policy_reward_mean": {"shared_policy": 0.0}, "custom_metrics": {}, "hist_stats": {"episode_reward": [0.0, 0.0, 0.0, 0.0, 0.0, 0.0, 0.0, 0.0, 0.0, 0.0, 0.0, 0.0, 0.0, 0.0, 0.0, 0.0, 0.0, 0.0, 0.0, 0.0, 0.0, 0.0, 0.0, 0.0, 0.0, 0.0, 0.0, 0.0, 0.0, 0.0, 0.0, 0.0, 0.0, 0.0, 0.0, 0.0, 0.0, 0.0, 0.0, 0.0, 0.0, 0.0, 0.0, 0.0, 0.0, 0.0, 0.0, 0.0, 0.0, 0.0, 0.0, 0.0, 0.0, 0.0, 0.0, 0.0, 0.0, 0.0, 0.0, 0.0, 0.0, 0.0, 0.0, 0.0, 0.0, 0.0, 0.0, 0.0, 0.0, 0.0, 0.0, 0.0, 0.0, 0.0, 0.0, 0.0, 0.0, 0.0, 0.0, 0.0, 0.0, 0.0, 0.0, 0.0, 0.0, 0.0, 0.0, 0.0, 0.0, 0.0, 0.0, 0.0, 0.0, 0.0, 0.0, 0.0, 0.0, 0.0, 0.0, 0.0, 0.0, 0.0, 0.0, 0.0, 0.0, 0.0, 0.0, 0.0, 0.0, 0.0, 0.0, 0.0, 0.0, 0.0, 0.0, 0.0, 0.0, 0.0, 0.0, 0.0, 0.0, 0.0, 0.0, 0.0, 0.0, 0.0, 0.0, 0.0, 0.0, 0.0, 0.0, 0.0, 0.0, 0.0, 0.0, 0.0, 0.0, 0.0, 0.0, 0.0, 0.0, 0.0, 0.0, 0.0, 0.0, 0.0, 0.0, 0.0, 0.0, 0.0, 0.0, 0.0, 0.0, 0.0, 0.0, 0.0, 0.0, 0.0, 0.0, 0.0, 0.0, 0.0, 0.0, 0.0, 0.0, 0.0, 0.0, 0.0, 0.0, 0.0, 0.0, 0.0, 0.0, 0.0, 0.0, 0.0, 0.0, 0.0, 0.0, 0.0, 0.0, 0.0, 0.0, 0.0, 0.0, 0.0, 0.0, 0.0, 0.0, 0.0, 0.0, 0.0, 0.0, 0.0, 0.0, 0.0, 0.0, 0.0, 0.0, 0.0, 0.0, 0.0, 0.0, 0.0, 0.0, 0.0, 0.0, 0.0, 0.0, 0.0, 0.0, 0.0, 0.0, 0.0, 0.0, 0.0, 0.0, 0.0, 0.0, 0.0, 0.0, 0.0, 0.0, 0.0, 0.0, 0.0, 0.0, 0.0, 0.0, 0.0, 0.0, 0.0, 0.0, 0.0, 0.0, 0.0, 0.0, 0.0, 0.0, 0.0, 0.0, 0.0, 0.0, 0.0, 0.0, 0.0, 0.0, 0.0, 0.0, 0.0, 0.0, 0.0, 0.0, 0.0, 0.0, 0.0, 0.0, 0.0, 0.0, 0.0, 0.0, 0.0, 0.0, 0.0, 0.0, 0.0, 0.0, 0.0, 0.0, 0.0, 0.0, 0.0, 0.0, 0.0, 0.0, 0.0, 0.0, 0.0, 0.0, 0.0, 0.0, 0.0, 0.0, 0.0, 0.0, 0.0, 0.0, 0.0, 0.0, 0.0, 0.0, 0.0, 0.0, 0.0, 0.0, 0.0, 0.0, 0.0, 0.0, 0.0, 0.0, 0.0, 0.0, 0.0, 0.0, 0.0, 0.0, 0.0, 0.0, 0.0, 0.0, 0.0, 0.0, 0.0, 0.0, 0.0, 0.0, 0.0, 0.0, 0.0, 0.0, 0.0, 0.0, 0.0, 0.0, 0.0, 0.0, 0.0, 0.0, 0.0, 0.0, 0.0, 0.0, 0.0, 0.0, 0.0, 0.0, 0.0, 0.0, 0.0, 0.0, 0.0, 0.0, 0.0, 0.0, 0.0, 0.0, 0.0, 0.0, 0.0, 0.0, 0.0, 0.0, 0.0, 0.0, 0.0, 0.0, 0.0, 0.0, 0.0, 0.0, 0.0, 0.0, 0.0, 0.0, 0.0, 0.0, 0.0, 0.0, 0.0, 0.0, 0.0, 0.0, 0.0, 0.0, 0.0, 0.0, 0.0, 0.0, 0.0, 0.0, 0.0, 0.0, 0.0, 0.0, 0.0, 0.0, 0.0, 0.0, 0.0, 0.0, 0.0, 0.0, 0.0, 0.0, 0.0, 0.0, 0.0, 0.0, 0.0, 0.0, 0.0, 0.0, 0.0, 0.0, 0.0, 0.0, 0.0, 0.0, 0.0, 0.0, 0.0, 0.0, 0.0, 0.0, 0.0, 0.0, 0.0, 0.0, 0.0], "episode_lengths": [8, 6, 15, 5, 12, 4, 7, 11, 2, 8, 5, 8, 7, 8, 6, 14, 5, 4, 14, 15, 3, 12, 14, 5, 14, 6, 9, 10, 11, 9, 13, 5, 10, 18, 3, 5, 29, 10, 13, 7, 6, 11, 30, 8, 4, 4, 7, 18, 13, 11, 5, 14, 17, 8, 6, 15, 12, 20, 10, 2, 16, 6, 10, 5, 2, 10, 9, 6, 11, 7, 7, 4, 15, 9, 4, 4, 8, 16, 4, 3, 11, 30, 12, 9, 4, 12, 9, 11, 7, 7, 4, 19, 4, 5, 17, 18, 5, 6, 8, 4, 7, 16, 8, 20, 6, 15, 9, 5, 25, 15, 6, 11, 5, 2, 10, 13, 13, 4, 10, 27, 9, 4, 7, 2, 11, 13, 4, 7, 18, 6, 24, 6, 4, 8, 9, 7, 14, 5, 16, 4, 7, 5, 7, 7, 30, 7, 10, 14, 7, 6, 27, 6, 5, 22, 5, 17, 6, 14, 11, 19, 9, 6, 5, 6, 23, 9, 10, 12, 10, 29, 6, 3, 10, 6, 11, 10, 8, 13, 9, 11, 12, 4, 13, 6, 8, 3, 6, 2, 5, 12, 17, 11, 6, 4, 13, 4, 20, 6, 20, 7, 5, 6, 7, 13, 15, 10, 12, 13, 5, 6, 6, 7, 11, 13, 12, 7, 9, 8, 5, 16, 7, 4, 11, 17, 9, 19, 10, 4, 11, 7, 2, 4, 10, 19, 5, 8, 15, 14, 4, 7, 13, 7, 3, 10, 8, 14, 11, 26, 19, 12, 9, 21, 6, 8, 5, 5, 12, 10, 10, 12, 8, 10, 5, 11, 5, 5, 5, 10, 3, 15, 27, 5, 6, 6, 8, 6, 5, 29, 10, 27, 5, 8, 4, 23, 5, 5, 10, 12, 4, 4, 9, 5, 7, 5, 5, 13, 3, 8, 9, 5, 7, 9, 10, 13, 15, 6, 7, 20, 4, 1, 7, 24, 6, 7, 7, 7, 12, 11, 21, 8, 4, 11, 9, 4, 3, 9, 7, 7, 20, 7, 5, 8, 17, 6, 7, 7, 13, 7, 7, 12, 4, 6, 5, 12, 3, 6, 6, 4, 8, 11, 18, 7, 6, 5, 4, 8, 21, 6, 5, 10, 7, 16, 10, 18, 3, 4, 5, 10, 18, 11, 4, 9, 6, 10, 17, 4, 18, 3, 12, 9, 8, 6, 10, 30, 14, 4, 15, 5, 29, 6, 4, 18, 11, 11, 6, 8, 1, 5, 4, 5, 6, 9, 2, 2, 7, 8, 8, 6, 6, 18, 14, 4, 7, 4, 9, 14, 16, 6, 7, 5],