{"data": {"env_evaluation": {"ehi": 0.889, "esi": 0.996, "mpi": 0.733, "avg_rounds": 11.591025641025642}, "profession_evaluation": {"\u8056\u9a0e\u58eb": {"EIR": 0.63, "Advanced NAS": 1.174, "MSI": 0.64, "PI20": 0.33, "AVG_WR": 76.36363636363637}, "\u6cd5\u5e2b": {"EIR": 0.66, "Advanced NAS": 0.983, "MSI": 0.83, "PI20": 0.92, "AVG_WR": 71.66666666666667}, "\u523a\u5ba2": {"EIR": 0.36, "Advanced NAS": -0.668, "MSI": 0.73, "PI20": 0.5, "AVG_WR": 43.333333333333336}, "\u5f13\u7bad\u624b": {"EIR": 0.41, "Advanced NAS": -0.441, "MSI": 0.74, "PI20": 0.42, "AVG_WR": 50.0}, "\u72c2\u6230\u58eb": {"EIR": 0.28, "Advanced NAS": -1.011, "MSI": 0.75, "PI20": 0.5, "AVG_WR": 28.333333333333332}, "\u9f8d\u795e": {"EIR": 0.48, "Advanced NAS": 0.04, "MSI": 0.67, "PI20": 0.5, "AVG_WR": 60.0}, "\u8840\u795e": {"EIR": 0.17, "Advanced NAS": -1.114, "MSI": 0.67, "PI20": 0.25, "AVG_WR": 21.666666666666668}, "\u525b\u6bc5\u6b66\u58eb": {"EIR": 0.57, "Advanced NAS": 0.073, "MSI": 0.74, "PI20": 0.58, "AVG_WR": 60.3448275862069}, "\u9be8\u541e": {"EIR": 0.51, "Advanced NAS": 0.143, "MSI": 0.6, "PI20": 0.25, "AVG_WR": 66.07142857142857}, "\u8352\u539f\u904a\u4fe0": {"EIR": 0.38, "Advanced NAS": -0.562, "MSI": 0.7, "PI20": 0.33, "AVG_WR": 46.666666666666664}, "\u5143\u7d20\u6cd5\u5e2b": {"EIR": 0.51, "Advanced NAS": -0.056, "MSI": 0.76, "PI20": 0.5, "AVG_WR": 58.333333333333336}, "\u8352\u795e": {"EIR": 0.23, "Advanced NAS": -1.065, "MSI": 0.75, "PI20": 0.5, "AVG_WR": 25.0}, "\u661f\u795e": {"EIR": 0.72, "Advanced NAS": 2.504, "MSI": 0.78, "PI20": 0.58, "AVG_WR": 81.66666666666667}}, "combine_win_rate_table": {"\u8056\u9a0e\u58eb": {"\u6cd5\u5e2b": {"win": 5, "loss": 0, "draw": 0, "win_rate": 100.0}, "\u523a\u5ba2": {"win": 3, "loss": 2, "draw": 0, "win_rate": 60.0}, "\u5f13\u7bad\u624b": {"win": 5, "loss": 0, "draw": 0, "win_rate": 100.0}, "\u72c2\u6230\u58eb": {"win": 5, "loss": 0, "draw": 0, "win_rate": 100.0}, "\u9f8d\u795e": {"win": 4, "loss": 1, "draw": 0, "win_rate": 80.0}, "\u8840\u795e": {"win": 5, "loss": 0, "draw": 0, "win_rate": 100.0}, "\u525b\u6bc5\u6b66\u58eb": {"win": 0, "loss": 3, "draw": 2, "win_rate": 0.0}, "\u9be8\u541e": {"win": 3, "loss": 0, "draw": 2, "win_rate": 100.0}, "\u8352\u539f\u904a\u4fe0": {"win": 5, "loss": 0, "draw": 0, "win_rate": 100.0}, "\u5143\u7d20\u6cd5\u5e2b": {"win": 3, "loss": 2, "draw": 0, "win_rate": 60.0}, "\u8352\u795e": {"win": 4, "loss": 1, "draw": 0, "win_rate": 80.0}, "\u661f\u795e": {"win": 0, "loss": 4, "draw": 1, "win_rate": 0.0}}, "\u6cd5\u5e2b": {"\u8056\u9a0e\u58eb": {"win": 4, "loss": 1, "draw": 0, "win_rate": 80.0}, "\u523a\u5ba2": {"win": 4, "loss": 1, "draw": 0, "win_rate": 80.0}, "\u5f13\u7bad\u624b": {"win": 3, "loss": 2, "draw": 0, "win_rate": 60.0}, "\u72c2\u6230\u58eb": {"win": 4, "loss": 1, "draw": 0, "win_rate": 80.0}, "\u9f8d\u795e": {"win": 4, "loss": 1, "draw": 0, "win_rate": 80.0}, "\u8840\u795e": {"win": 4, "loss": 1, "draw": 0, "win_rate": 80.0}, "\u525b\u6bc5\u6b66\u58eb": {"win": 4, "loss": 1, "draw": 0, "win_rate": 80.0}, "\u9be8\u541e": {"win": 1, "loss": 4, "draw": 0, "win_rate": 20.0}, "\u8352\u539f\u904a\u4fe0": {"win": 3, "loss": 2, "draw": 0, "win_rate": 60.0}, "\u5143\u7d20\u6cd5\u5e2b": {"win": 4, "loss": 1, "draw": 0, "win_rate": 80.0}, "\u8352\u795e": {"win": 4, "loss": 1, "draw": 0, "win_rate": 80.0}, "\u661f\u795e": {"win": 4, "loss": 1, "draw": 0, "win_rate": 80.0}}, "\u523a\u5ba2": {"\u8056\u9a0e\u58eb": {"win": 2, "loss": 3, "draw": 0, "win_rate": 40.0}, "\u6cd5\u5e2b": {"win": 1, "loss": 4, "draw": 0, "win_rate": 20.0}, "\u5f13\u7bad\u624b": {"win": 4, "loss": 1, "draw": 0, "win_rate": 80.0}, "\u72c2\u6230\u58eb": {"win": 2, "loss": 3, "draw": 0, "win_rate": 40.0}, "\u9f8d\u795e": {"win": 3, "loss": 2, "draw": 0, "win_rate": 60.0}, "\u8840\u795e": {"win": 3, "loss": 2, "draw": 0, "win_rate": 60.0}, "\u525b\u6bc5\u6b66\u58eb": {"win": 1, "loss": 4, "draw": 0, "win_rate": 20.0}, "\u9be8\u541e": {"win": 1, "loss": 4, "draw": 0, "win_rate": 20.0}, "\u8352\u539f\u904a\u4fe0": {"win": 2, "loss": 3, "draw": 0, "win_rate": 40.0}, "\u5143\u7d20\u6cd5\u5e2b": {"win": 2, "loss": 3, "draw": 0, "win_rate": 40.0}, "\u8352\u795e": {"win": 5, "loss": 0, "draw": 0, "win_rate": 100.0}, "\u661f\u795e": {"win": 0, "loss": 5, "draw": 0, "win_rate": 0.0}}, "\u5f13\u7bad\u624b": {"\u8056\u9a0e\u58eb": {"win": 2, "loss": 3, "draw": 0, "win_rate": 40.0}, "\u6cd5\u5e2b": {"win": 1, "loss": 4, "draw": 0, "win_rate": 20.0}, "\u523a\u5ba2": {"win": 2, "loss": 3, "draw": 0, "win_rate": 40.0}, "\u72c2\u6230\u58eb": {"win": 4, "loss": 1, "draw": 0, "win_rate": 80.0}, "\u9f8d\u795e": {"win": 2, "loss": 3, "draw": 0, "win_rate": 40.0}, "\u8840\u795e": {"win": 4, "loss": 1, "draw": 0, "win_rate": 80.0}, "\u525b\u6bc5\u6b66\u58eb": {"win": 3, "loss": 2, "draw": 0, "win_rate": 60.0}, "\u9be8\u541e": {"win": 1, "loss": 4, "draw": 0, "win_rate": 20.0}, "\u8352\u539f\u904a\u4fe0": {"win": 3, "loss": 2, "draw": 0, "win_rate": 60.0}, "\u5143\u7d20\u6cd5\u5e2b": {"win": 4, "loss": 1, "draw": 0, "win_rate": 80.0}, "\u8352\u795e": {"win": 4, "loss": 1, "draw": 0, "win_rate": 80.0}, "\u661f\u795e": {"win": 0, "loss": 5, "draw": 0, "win_rate": 0.0}}, "\u72c2\u6230\u58eb": {"\u8056\u9a0e\u58eb": {"win": 1, "loss": 4, "draw": 0, "win_rate": 20.0}, "\u6cd5\u5e2b": {"win": 3, "loss": 2, "draw": 0, "win_rate": 60.0}, "\u523a\u5ba2": {"win": 1, "loss": 4, "draw": 0, "win_rate": 20.0}, "\u5f13\u7bad\u624b": {"win": 2, "loss": 3, "draw": 0, "win_rate": 40.0}, "\u9f8d\u795e": {"win": 1, "loss": 4, "draw": 0, "win_rate": 20.0}, "\u8840\u795e": {"win": 4, "loss": 1, "draw": 0, "win_rate": 80.0}, "\u525b\u6bc5\u6b66\u58eb": {"win": 1, "loss": 4, "draw": 0, "win_rate": 20.0}, "\u9be8\u541e": {"win": 0, "loss": 5, "draw": 0, "win_rate": 0.0}, "\u8352\u539f\u904a\u4fe0": {"win": 0, "loss": 5, "draw": 0, "win_rate": 0.0}, "\u5143\u7d20\u6cd5\u5e2b": {"win": 3, "loss": 2, "draw": 0, "win_rate": 60.0}, "\u8352\u795e": {"win": 0, "loss": 5, "draw": 0, "win_rate": 0.0}, "\u661f\u795e": {"win": 1, "loss": 4, "draw": 0, "win_rate": 20.0}}, "\u9f8d\u795e": {"\u8056\u9a0e\u58eb": {"win": 3, "loss": 2, "draw": 0, "win_rate": 60.0}, "\u6cd5\u5e2b": {"win": 2, "loss": 3, "draw": 0, "win_rate": 40.0}, "\u523a\u5ba2": {"win": 3, "loss": 2, "draw": 0, "win_rate": 60.0}, "\u5f13\u7bad\u624b": {"win": 5, "loss": 0, "draw": 0, "win_rate": 100.0}, "\u72c2\u6230\u58eb": {"win": 5, "loss": 0, "draw": 0, "win_rate": 100.0}, "\u8840\u795e": {"win": 5, "loss": 0, "draw": 0, "win_rate": 100.0}, "\u525b\u6bc5\u6b66\u58eb": {"win": 2, "loss": 3, "draw": 0, "win_rate": 40.0}, "\u9be8\u541e": {"win": 1, "loss": 4, "draw": 0, "win_rate": 20.0}, "\u8352\u539f\u904a\u4fe0": {"win": 2, "loss": 3, "draw": 0, "win_rate": 40.0}, "\u5143\u7d20\u6cd5\u5e2b": {"win": 3, "loss": 2, "draw": 0, "win_rate": 60.0}, "\u8352\u795e": {"win": 5, "loss": 0, "draw": 0, "win_rate": 100.0}, "\u661f\u795e": {"win": 0, "loss": 5, "draw": 0, "win_rate": 0.0}}, "\u8840\u795e": {"\u8056\u9a0e\u58eb": {"win": 0, "loss": 5, "draw": 0, "win_rate": 0.0}, "\u6cd5\u5e2b": {"win": 0, "loss": 5, "draw": 0, "win_rate": 0.0}, "\u523a\u5ba2": {"win": 1, "loss": 4, "draw": 0, "win_rate": 20.0}, "\u5f13\u7bad\u624b": {"win": 0, "loss": 5, "draw": 0, "win_rate": 0.0}, "\u72c2\u6230\u58eb": {"win": 5, "loss": 0, "draw": 0, "win_rate": 100.0}, "\u9f8d\u795e": {"win": 0, "loss": 5, "draw": 0, "win_rate": 0.0}, "\u525b\u6bc5\u6b66\u58eb": {"win": 2, "loss": 3, "draw": 0, "win_rate": 40.0}, "\u9be8\u541e": {"win": 0, "loss": 5, "draw": 0, "win_rate": 0.0}, "\u8352\u539f\u904a\u4fe0": {"win": 4, "loss": 1, "draw": 0, "win_rate": 80.0}, "\u5143\u7d20\u6cd5\u5e2b": {"win": 1, "loss": 4, "draw": 0, "win_rate": 20.0}, "\u8352\u795e": {"win": 0, "loss": 5, "draw": 0, "win_rate": 0.0}, "\u661f\u795e": {"win": 0, "loss": 5, "draw": 0, "win_rate": 0.0}}, "\u525b\u6bc5\u6b66\u58eb": {"\u8056\u9a0e\u58eb": {"win": 2, "loss": 1, "draw": 2, "win_rate": 66.66666666666666}, "\u6cd5\u5e2b": {"win": 2, "loss": 3, "draw": 0,