{"data": {"env_evaluation": {"ehi": 0.889, "esi": 0.988, "mpi": 0.337}, "profession_evaluation": {"\u8056\u9a0e\u58eb": {"EIR": 14.48, "Advanced NAS": -0.759, "MSI": 0.76, "PI20": 0.5}, "\u6cd5\u5e2b": {"EIR": 48.08, "Advanced NAS": 1.874, "MSI": 0.82, "PI20": 0.33}, "\u523a\u5ba2": {"EIR": 7.06, "Advanced NAS": -0.985, "MSI": 0.81, "PI20": 0.42}, "\u5f13\u7bad\u624b": {"EIR": 25.96, "Advanced NAS": -0.257, "MSI": 0.8, "PI20": 0.33}, "\u72c2\u6230\u58eb": {"EIR": -3.24, "Advanced NAS": -1.227, "MSI": 0.87, "PI20": 0.17}, "\u9f8d\u795e": {"EIR": 44.78, "Advanced NAS": 1.39, "MSI": 0.8, "PI20": 0.42}, "\u8840\u795e": {"EIR": 27.27, "Advanced NAS": -0.155, "MSI": 0.8, "PI20": 0.33}, "\u525b\u6bc5\u6b66\u58eb": {"EIR": 45.09, "Advanced NAS": 1.424, "MSI": 0.76, "PI20": 0.42}, "\u9be8\u541e": {"EIR": 20.91, "Advanced NAS": -0.49, "MSI": 0.78, "PI20": 0.5}, "\u8352\u539f\u904a\u4fe0": {"EIR": 16.11, "Advanced NAS": -0.689, "MSI": 0.78, "PI20": 0.5}, "\u5143\u7d20\u6cd5\u5e2b": {"EIR": 40.14, "Advanced NAS": 0.844, "MSI": 0.78, "PI20": 0.42}, "\u8352\u795e": {"EIR": 7.47, "Advanced NAS": -0.979, "MSI": 0.75, "PI20": 0.58}, "\u661f\u795e": {"EIR": 30.4, "Advanced NAS": 0.009, "MSI": 0.74, "PI20": 0.5}}, "combine_win_rate_table": {"\u8056\u9a0e\u58eb": {"\u6cd5\u5e2b": {"win": 15, "loss": 85, "draw": 0, "win_rate": 18.5}, "\u523a\u5ba2": {"win": 54, "loss": 46, "draw": 0, "win_rate": 54.0}, "\u5f13\u7bad\u624b": {"win": 31, "loss": 69, "draw": 0, "win_rate": 32.0}, "\u72c2\u6230\u58eb": {"win": 85, "loss": 15, "draw": 0, "win_rate": 84.0}, "\u9f8d\u795e": {"win": 7, "loss": 93, "draw": 0, "win_rate": 7.5}, "\u8840\u795e": {"win": 43, "loss": 54, "draw": 3, "win_rate": 46.40737269603249}, "\u525b\u6bc5\u6b66\u58eb": {"win": 1, "loss": 61, "draw": 38, "win_rate": 3.1874039938556127}, "\u9be8\u541e": {"win": 65, "loss": 35, "draw": 0, "win_rate": 62.2979797979798}, "\u8352\u539f\u904a\u4fe0": {"win": 69, "loss": 31, "draw": 0, "win_rate": 65.5}, "\u5143\u7d20\u6cd5\u5e2b": {"win": 27, "loss": 73, "draw": 0, "win_rate": 22.0}, "\u8352\u795e": {"win": 41, "loss": 58, "draw": 1, "win_rate": 43.9029469957305}, "\u661f\u795e": {"win": 22, "loss": 63, "draw": 15, "win_rate": 33.27084680025857}}, "\u6cd5\u5e2b": {"\u8056\u9a0e\u58eb": {"win": 78, "loss": 22, "draw": 0, "win_rate": 79.75}, "\u523a\u5ba2": {"win": 94, "loss": 6, "draw": 0, "win_rate": 94.5}, "\u5f13\u7bad\u624b": {"win": 72, "loss": 28, "draw": 0, "win_rate": 72.5}, "\u72c2\u6230\u58eb": {"win": 78, "loss": 22, "draw": 0, "win_rate": 81.5}, "\u9f8d\u795e": {"win": 65, "loss": 35, "draw": 0, "win_rate": 67.5}, "\u8840\u795e": {"win": 69, "loss": 31, "draw": 0, "win_rate": 65.5}, "\u525b\u6bc5\u6b66\u58eb": {"win": 28, "loss": 72, "draw": 0, "win_rate": 32.5}, "\u9be8\u541e": {"win": 58, "loss": 42, "draw": 0, "win_rate": 58.0}, "\u8352\u539f\u904a\u4fe0": {"win": 82, "loss": 18, "draw": 0, "win_rate": 80.0}, "\u5143\u7d20\u6cd5\u5e2b": {"win": 53, "loss": 47, "draw": 0, "win_rate": 55.5}, "\u8352\u795e": {"win": 94, "loss": 6, "draw": 0, "win_rate": 93.5}, "\u661f\u795e": {"win": 93, "loss": 7, "draw": 0, "win_rate": 93.5}}, "\u523a\u5ba2": {"\u8056\u9a0e\u58eb": {"win": 46, "loss": 54, "draw": 0, "win_rate": 46.0}, "\u6cd5\u5e2b": {"win": 5, "loss": 95, "draw": 0, "win_rate": 5.25}, "\u5f13\u7bad\u624b": {"win": 43, "loss": 57, "draw": 0, "win_rate": 44.5}, "\u72c2\u6230\u58eb": {"win": 54, "loss": 46, "draw": 0, "win_rate": 54.0}, "\u9f8d\u795e": {"win": 16, "loss": 84, "draw": 0, "win_rate": 15.5}, "\u8840\u795e": {"win": 22, "loss": 78, "draw": 0, "win_rate": 25.5}, "\u525b\u6bc5\u6b66\u58eb": {"win": 4, "loss": 96, "draw": 0, "win_rate": 5.5}, "\u9be8\u541e": {"win": 32, "loss": 68, "draw": 0, "win_rate": 31.5}, "\u8352\u539f\u904a\u4fe0": {"win": 52, "loss": 48, "draw": 0, "win_rate": 47.0}, "\u5143\u7d20\u6cd5\u5e2b": {"win": 10, "loss": 90, "draw": 0, "win_rate": 11.5}, "\u8352\u795e": {"win": 67, "loss": 33, "draw": 0, "win_rate": 64.5}, "\u661f\u795e": {"win": 37, "loss": 63, "draw": 0, "win_rate": 35.0}}, "\u5f13\u7bad\u624b": {"\u8056\u9a0e\u58eb": {"win": 67, "loss": 33, "draw": 0, "win_rate": 67.5}, "\u6cd5\u5e2b": {"win": 27, "loss": 73, "draw": 0, "win_rate": 27.25}, "\u523a\u5ba2": {"win": 54, "loss": 46, "draw": 0, "win_rate": 54.75}, "\u72c2\u6230\u58eb": {"win": 67, "loss": 33, "draw": 0, "win_rate": 64.5}, "\u9f8d\u795e": {"win": 29, "loss": 71, "draw": 0, "win_rate": 36.0}, "\u8840\u795e": {"win": 67, "loss": 33, "draw": 0, "win_rate": 63.5}, "\u525b\u6bc5\u6b66\u58eb": {"win": 71, "loss": 29, "draw": 0, "win_rate": 67.5}, "\u9be8\u541e": {"win": 17, "loss": 83, "draw": 0, "win_rate": 19.5}, "\u8352\u539f\u904a\u4fe0": {"win": 39, "loss": 61, "draw": 0, "win_rate": 40.5}, "\u5143\u7d20\u6cd5\u5e2b": {"win": 24, "loss": 76, "draw": 0, "win_rate": 28.5}, "\u8352\u795e": {"win": 82, "loss": 18, "draw": 0, "win_rate": 87.0}, "\u661f\u795e": {"win": 55, "loss": 45, "draw": 0, "win_rate": 52.5}}, "\u72c2\u6230\u58eb": {"\u8056\u9a0e\u58eb": {"win": 17, "loss": 83, "draw": 0, "win_rate": 16.5}, "\u6cd5\u5e2b": {"win": 15, "loss": 85, "draw": 0, "win_rate": 16.75}, "\u523a\u5ba2": {"win": 46, "loss": 54, "draw": 0, "win_rate": 46.0}, "\u5f13\u7bad\u624b": {"win": 38, "loss": 62, "draw": 0, "win_rate": 36.75}, "\u9f8d\u795e": {"win": 10, "loss": 90, "draw": 0, "win_rate": 8.0}, "\u8840\u795e": {"win": 12, "loss": 88, "draw": 0, "win_rate": 12.5}, "\u525b\u6bc5\u6b66\u58eb": {"win": 6, "loss": 94, "draw": 0, "win_rate": 9.0}, "\u9be8\u541e": {"win": 14, "loss": 86, "draw": 0, "win_rate": 12.5}, "\u8352\u539f\u904a\u4fe0": {"win": 27, "loss": 73, "draw": 0, "win_rate": 25.0}, "\u5143\u7d20\u6cd5\u5e2b": {"win": 17, "loss": 83, "draw": 0, "win_rate": 18.0}, "\u8352\u795e": {"win": 44, "loss": 56, "draw": 0, "win_rate": 43.5}, "\u661f\u795e": {"win": 15, "loss": 85, "draw": 0, "win_rate": 17.0}}, "\u9f8d\u795e": {"\u8056\u9a0e\u58eb": {"win": 92, "loss": 8, "draw": 0, "win_rate": 92.25}, "\u6cd5\u5e2b": {"win": 30, "loss": 70, "draw": 0, "win_rate": 31.25}, "\u523a\u5ba2": {"win": 85, "loss": 15, "draw": 0, "win_rate": 84.75}, "\u5f13\u7bad\u624b": {"win": 57, "loss": 43, "draw": 0, "win_rate": 60.5}, "\u72c2\u6230\u58eb": {"win": 94, "loss": 6, "draw": 0, "win_rate": 93.0}, "\u8840\u795e": {"win": 70, "loss": 30, "draw": 0, "win_rate": 65.5}, "\u525b\u6bc5\u6b66\u58eb": {"win": 43, "loss": 57, "draw": 0, "win_rate": 39.0}, "\u9be8\u541e": {"win": 86, "loss": 14, "draw": 0, "win_rate": 81.0}, "\u8352\u539f\u904a\u4fe0": {"win": 73, "loss": 27, "draw": 0, "win_rate": 78.0}, "\u5143\u7d20\u6cd5\u5e2b": {"win": 55, "loss": 45, "draw": 0, "win_rate": 59.5}, "\u8352\u795e": {"win": 91, "loss": 9, "draw": 0, "win_rate": 93.5}, "\u661f\u795e": {"win": 56, "loss": 44, "draw": 0, "win_rate": 57.5}}, "\u8840\u795e": {"\u8056\u9a0e\u58eb": {"win": 51, "loss": 48, "draw": 1, "win_rate": 52.55388940955952}, "\u6cd5\u5e2b": {"win": 38, "loss": 62, "draw": 0, "win_rate": 36.25}, "\u523a\u5ba2": {"win": 71, "loss": 29, "draw": 0, "win_rate": 72.75}, "\u5f13\u7bad\u624b": {"win": 40, "loss": 60, "draw": 0, "win_rate": 38.25}, "\u72c2\u6230\u58eb": {"win": 87, "loss": 13, "draw": 0, "win_rate": 87.25}, "\u9f8d\u795e": {"win": 39, "loss": 61, "draw": 0, "win_rate": 36.75}, "\u525b\u6bc5\u6b66\u58eb": {"win": 38, "loss": 62, "draw": 0, "win_rate": 40.71717171717172}, "\u9be8\u541e": {"win": 64, "loss": 36, "draw": 0, "win_rate": 62.5}, "\u8352\u539f\u904a\u4fe0": {"win": 77, "loss": 23, "draw": 0, "win_rate": 78.5}, "\u5143\u7d20\u6cd5\u5e2b": {"win": 55, "loss": 45, "draw": 0, "win_rate": 50.5}, "\u8352\u795e": {"win": 61, "loss": 39, "draw": 0, "win_rate": 59.5}, "\u661f\u795e": {"win": 16, "loss": 84, "draw": 0, "win_rate": 15.0}}, "\u525b\u6bc5\u6b66\u58eb": {"\u8056\u9a0e\u58eb": {"win": 60, "loss": 3, "draw": 37, "win_rate": 96.0253456221198}, "\u6cd5\u5e2b": {"win": 63, "loss": 37, "draw": 0, "win_rate": 65.25}, "\u523a\u5ba2": {"win": 93, "loss": 7, "draw": 0, "win_rate": 93.75},