{"data": {"env_evaluation": {"ehi": 0.898, "esi": 0.987, "mpi": 1}, "profession_evaluation": {"\u8056\u9a0e\u58eb": {"EIR": 25.85, "Advanced NAS": -0.473, "MSI": 0.62, "PI20": 0.67}, "\u6cd5\u5e2b": {"EIR": -14.66, "Advanced NAS": -0.912, "MSI": 0.81, "PI20": 0.17}, "\u523a\u5ba2": {"EIR": -16.75, "Advanced NAS": -0.917, "MSI": 0.85, "PI20": 0.08}, "\u5f13\u7bad\u624b": {"EIR": -18.82, "Advanced NAS": -0.921, "MSI": 0.91, "PI20": 0.17}, "\u72c2\u6230\u58eb": {"EIR": 13.8, "Advanced NAS": -0.698, "MSI": 0.63, "PI20": 0.75}, "\u9f8d\u795e": {"EIR": 60.33, "Advanced NAS": 2.179, "MSI": 0.83, "PI20": 0.17}, "\u8840\u795e": {"EIR": 56.55, "Advanced NAS": 1.499, "MSI": 0.8, "PI20": 0.25}, "\u525b\u6bc5\u6b66\u58eb": {"EIR": 55.59, "Advanced NAS": 1.394, "MSI": 0.75, "PI20": 0.25}, "\u9be8\u541e": {"EIR": 26.45, "Advanced NAS": -0.467, "MSI": 0.64, "PI20": 0.67}, "\u8352\u539f\u904a\u4fe0": {"EIR": 25.66, "Advanced NAS": -0.479, "MSI": 0.65, "PI20": 0.75}, "\u5143\u7d20\u6cd5\u5e2b": {"EIR": 45.05, "Advanced NAS": 0.334, "MSI": 0.71, "PI20": 0.58}, "\u8352\u795e": {"EIR": 23.92, "Advanced NAS": -0.52, "MSI": 0.62, "PI20": 0.75}, "\u661f\u795e": {"EIR": 39.1, "Advanced NAS": -0.018, "MSI": 0.68, "PI20": 0.5}}, "combine_win_rate_table": {"\u8056\u9a0e\u58eb": {"\u6cd5\u5e2b": {"win": 100, "loss": 0, "draw": 0, "win_rate": 100.0}, "\u523a\u5ba2": {"win": 100, "loss": 0, "draw": 0, "win_rate": 100.0}, "\u5f13\u7bad\u624b": {"win": 100, "loss": 0, "draw": 0, "win_rate": 100.0}, "\u72c2\u6230\u58eb": {"win": 87, "loss": 13, "draw": 0, "win_rate": 85.0}, "\u9f8d\u795e": {"win": 3, "loss": 97, "draw": 0, "win_rate": 2.0}, "\u8840\u795e": {"win": 2, "loss": 98, "draw": 0, "win_rate": 6.102040816326529}, "\u525b\u6bc5\u6b66\u58eb": {"win": 0, "loss": 60, "draw": 40, "win_rate": 0.0}, "\u9be8\u541e": {"win": 63, "loss": 37, "draw": 0, "win_rate": 62.0}, "\u8352\u539f\u904a\u4fe0": {"win": 64, "loss": 36, "draw": 0, "win_rate": 63.5}, "\u5143\u7d20\u6cd5\u5e2b": {"win": 17, "loss": 83, "draw": 0, "win_rate": 19.5}, "\u8352\u795e": {"win": 45, "loss": 53, "draw": 2, "win_rate": 42.85714285714286}, "\u661f\u795e": {"win": 32, "loss": 47, "draw": 21, "win_rate": 34.370811615785556}}, "\u6cd5\u5e2b": {"\u8056\u9a0e\u58eb": {"win": 0, "loss": 100, "draw": 0, "win_rate": 0.0}, "\u523a\u5ba2": {"win": 0, "loss": 0, "draw": 100, "win_rate": 50.0}, "\u5f13\u7bad\u624b": {"win": 0, "loss": 0, "draw": 100, "win_rate": 50.0}, "\u72c2\u6230\u58eb": {"win": 0, "loss": 100, "draw": 0, "win_rate": 0.0}, "\u9f8d\u795e": {"win": 0, "loss": 100, "draw": 0, "win_rate": 0.0}, "\u8840\u795e": {"win": 0, "loss": 100, "draw": 0, "win_rate": 0.0}, "\u525b\u6bc5\u6b66\u58eb": {"win": 0, "loss": 100, "draw": 0, "win_rate": 0.0}, "\u9be8\u541e": {"win": 0, "loss": 100, "draw": 0, "win_rate": 0.0}, "\u8352\u539f\u904a\u4fe0": {"win": 0, "loss": 100, "draw": 0, "win_rate": 0.0}, "\u5143\u7d20\u6cd5\u5e2b": {"win": 0, "loss": 100, "draw": 0, "win_rate": 0.0}, "\u8352\u795e": {"win": 0, "loss": 100, "draw": 0, "win_rate": 0.0}, "\u661f\u795e": {"win": 0, "loss": 100, "draw": 0, "win_rate": 0.0}}, "\u523a\u5ba2": {"\u8056\u9a0e\u58eb": {"win": 0, "loss": 100, "draw": 0, "win_rate": 0.0}, "\u6cd5\u5e2b": {"win": 0, "loss": 0, "draw": 100, "win_rate": 25.0}, "\u5f13\u7bad\u624b": {"win": 0, "loss": 0, "draw": 100, "win_rate": 50.0}, "\u72c2\u6230\u58eb": {"win": 0, "loss": 100, "draw": 0, "win_rate": 0.0}, "\u9f8d\u795e": {"win": 0, "loss": 100, "draw": 0, "win_rate": 0.0}, "\u8840\u795e": {"win": 0, "loss": 100, "draw": 0, "win_rate": 0.0}, "\u525b\u6bc5\u6b66\u58eb": {"win": 0, "loss": 100, "draw": 0, "win_rate": 0.0}, "\u9be8\u541e": {"win": 0, "loss": 100, "draw": 0, "win_rate": 0.0}, "\u8352\u539f\u904a\u4fe0": {"win": 0, "loss": 100, "draw": 0, "win_rate": 0.0}, "\u5143\u7d20\u6cd5\u5e2b": {"win": 0, "loss": 100, "draw": 0, "win_rate": 0.0}, "\u8352\u795e": {"win": 0, "loss": 100, "draw": 0, "win_rate": 0.0}, "\u661f\u795e": {"win": 0, "loss": 100, "draw": 0, "win_rate": 0.0}}, "\u5f13\u7bad\u624b": {"\u8056\u9a0e\u58eb": {"win": 0, "loss": 100, "draw": 0, "win_rate": 0.0}, "\u6cd5\u5e2b": {"win": 0, "loss": 0, "draw": 100, "win_rate": 25.0}, "\u523a\u5ba2": {"win": 0, "loss": 0, "draw": 100, "win_rate": 25.0}, "\u72c2\u6230\u58eb": {"win": 0, "loss": 100, "draw": 0, "win_rate": 0.0}, "\u9f8d\u795e": {"win": 0, "loss": 100, "draw": 0, "win_rate": 0.0}, "\u8840\u795e": {"win": 0, "loss": 100, "draw": 0, "win_rate": 0.0}, "\u525b\u6bc5\u6b66\u58eb": {"win": 0, "loss": 100, "draw": 0, "win_rate": 0.0}, "\u9be8\u541e": {"win": 0, "loss": 100, "draw": 0, "win_rate": 0.0}, "\u8352\u539f\u904a\u4fe0": {"win": 0, "loss": 100, "draw": 0, "win_rate": 0.0}, "\u5143\u7d20\u6cd5\u5e2b": {"win": 0, "loss": 100, "draw": 0, "win_rate": 0.0}, "\u8352\u795e": {"win": 0, "loss": 100, "draw": 0, "win_rate": 0.0}, "\u661f\u795e": {"win": 0, "loss": 100, "draw": 0, "win_rate": 0.0}}, "\u72c2\u6230\u58eb": {"\u8056\u9a0e\u58eb": {"win": 17, "loss": 83, "draw": 0, "win_rate": 16.0}, "\u6cd5\u5e2b": {"win": 100, "loss": 0, "draw": 0, "win_rate": 100.0}, "\u523a\u5ba2": {"win": 100, "loss": 0, "draw": 0, "win_rate": 100.0}, "\u5f13\u7bad\u624b": {"win": 100, "loss": 0, "draw": 0, "win_rate": 100.0}, "\u9f8d\u795e": {"win": 6, "loss": 94, "draw": 0, "win_rate": 5.0}, "\u8840\u795e": {"win": 5, "loss": 95, "draw": 0, "win_rate": 6.5}, "\u525b\u6bc5\u6b66\u58eb": {"win": 7, "loss": 93, "draw": 0, "win_rate": 5.5}, "\u9be8\u541e": {"win": 20, "loss": 80, "draw": 0, "win_rate": 19.0}, "\u8352\u539f\u904a\u4fe0": {"win": 37, "loss": 63, "draw": 0, "win_rate": 33.5}, "\u5143\u7d20\u6cd5\u5e2b": {"win": 24, "loss": 76, "draw": 0, "win_rate": 18.0}, "\u8352\u795e": {"win": 47, "loss": 53, "draw": 0, "win_rate": 47.5}, "\u661f\u795e": {"win": 15, "loss": 85, "draw": 0, "win_rate": 20.0}}, "\u9f8d\u795e": {"\u8056\u9a0e\u58eb": {"win": 99, "loss": 1, "draw": 0, "win_rate": 98.5}, "\u6cd5\u5e2b": {"win": 100, "loss": 0, "draw": 0, "win_rate": 100.0}, "\u523a\u5ba2": {"win": 100, "loss": 0, "draw": 0, "win_rate": 100.0}, "\u5f13\u7bad\u624b": {"win": 100, "loss": 0, "draw": 0, "win_rate": 100.0}, "\u72c2\u6230\u58eb": {"win": 96, "loss": 4, "draw": 0, "win_rate": 95.5}, "\u8840\u795e": {"win": 56, "loss": 44, "draw": 0, "win_rate": 56.0}, "\u525b\u6bc5\u6b66\u58eb": {"win": 49, "loss": 51, "draw": 0, "win_rate": 50.0}, "\u9be8\u541e": {"win": 91, "loss": 9, "draw": 0, "win_rate": 93.0}, "\u8352\u539f\u904a\u4fe0": {"win": 92, "loss": 8, "draw": 0, "win_rate": 91.0}, "\u5143\u7d20\u6cd5\u5e2b": {"win": 63, "loss": 37, "draw": 0, "win_rate": 67.0}, "\u8352\u795e": {"win": 97, "loss": 3, "draw": 0, "win_rate": 96.5}, "\u661f\u795e": {"win": 80, "loss": 20, "draw": 0, "win_rate": 79.0}}, "\u8840\u795e": {"\u8056\u9a0e\u58eb": {"win": 88, "loss": 10, "draw": 2, "win_rate": 91.84693877551021}, "\u6cd5\u5e2b": {"win": 100, "loss": 0, "draw": 0, "win_rate": 100.0}, "\u523a\u5ba2": {"win": 100, "loss": 0, "draw": 0, "win_rate": 100.0}, "\u5f13\u7bad\u624b": {"win": 100, "loss": 0, "draw": 0, "win_rate": 100.0}, "\u72c2\u6230\u58eb": {"win": 92, "loss": 8, "draw": 0, "win_rate": 92.75}, "\u9f8d\u795e": {"win": 44, "loss": 56, "draw": 0, "win_rate": 44.0}, "\u525b\u6bc5\u6b66\u58eb": {"win": 49, "loss": 49, "draw": 2, "win_rate": 53.28282828282828}, "\u9be8\u541e": {"win": 93, "loss": 7, "draw": 0, "win_rate": 93.0}, "\u8352\u539f\u904a\u4fe0": {"win": 92, "loss": 8, "draw": 0, "win_rate": 90.0}, "\u5143\u7d20\u6cd5\u5e2b": {"win": 64, "loss": 36, "draw": 0, "win_rate": 65.0}, "\u8352\u795e": {"win": 95, "loss": 5, "draw": 0, "win_rate": 96.0}, "\u661f\u795e": {"win": 58, "loss": 42, "draw": 0, "win_rate": 54.5}}, "\u525b\u6bc5\u6b66\u58eb": {"\u8056\u9a0e\u58eb": {"win": 53, "loss": 0, "draw": 47, "win_rate": 100.0}, "\u6cd5\u5e2b": {"win": 100, "loss": 0, "draw": 0, "win_rate": 100.0}, "\u523a\u5ba2": {"win": 100, "loss": 0, "draw": 0, "win_rate": 100.0}, "\u5f13\u7bad\u624b": {"win": 100, "loss": 0, "draw": 0, "win_rate": 100.0},