{"data": {"env_evaluation": {"ehi": 0.895, "esi": 0.987, "mpi": 0.669}, "profession_evaluation": {"\u8056\u9a0e\u58eb": {"EIR": 13.51, "Advanced NAS": -0.691, "MSI": 0.74, "PI20": 0.58}, "\u6cd5\u5e2b": {"EIR": 46.92, "Advanced NAS": 1.228, "MSI": 0.79, "PI20": 0.17}, "\u523a\u5ba2": {"EIR": 8.62, "Advanced NAS": -0.814, "MSI": 0.81, "PI20": 0.42}, "\u5f13\u7bad\u624b": {"EIR": 23.33, "Advanced NAS": -0.395, "MSI": 0.81, "PI20": 0.33}, "\u72c2\u6230\u58eb": {"EIR": -2.17, "Advanced NAS": -1.007, "MSI": 0.86, "PI20": 0.17}, "\u9f8d\u795e": {"EIR": 51.97, "Advanced NAS": 1.966, "MSI": 0.81, "PI20": 0.33}, "\u8840\u795e": {"EIR": 22.75, "Advanced NAS": -0.414, "MSI": 0.78, "PI20": 0.5}, "\u525b\u6bc5\u6b66\u58eb": {"EIR": 51.42, "Advanced NAS": 1.815, "MSI": 0.74, "PI20": 0.42}, "\u9be8\u541e": {"EIR": 19.63, "Advanced NAS": -0.529, "MSI": 0.76, "PI20": 0.42}, "\u8352\u539f\u904a\u4fe0": {"EIR": 13.52, "Advanced NAS": -0.694, "MSI": 0.77, "PI20": 0.58}, "\u5143\u7d20\u6cd5\u5e2b": {"EIR": 40.1, "Advanced NAS": 0.573, "MSI": 0.77, "PI20": 0.33}, "\u8352\u795e": {"EIR": 6.58, "Advanced NAS": -0.854, "MSI": 0.77, "PI20": 0.42}, "\u661f\u795e": {"EIR": 28.2, "Advanced NAS": -0.183, "MSI": 0.73, "PI20": 0.58}}, "combine_win_rate_table": {"\u8056\u9a0e\u58eb": {"\u6cd5\u5e2b": {"win": 11, "loss": 89, "draw": 0, "win_rate": 14.0}, "\u523a\u5ba2": {"win": 56, "loss": 44, "draw": 0, "win_rate": 54.0}, "\u5f13\u7bad\u624b": {"win": 34, "loss": 66, "draw": 0, "win_rate": 33.5}, "\u72c2\u6230\u58eb": {"win": 90, "loss": 10, "draw": 0, "win_rate": 91.0}, "\u9f8d\u795e": {"win": 2, "loss": 98, "draw": 0, "win_rate": 1.5}, "\u8840\u795e": {"win": 45, "loss": 54, "draw": 1, "win_rate": 41.72727272727273}, "\u525b\u6bc5\u6b66\u58eb": {"win": 0, "loss": 65, "draw": 35, "win_rate": 0.0}, "\u9be8\u541e": {"win": 56, "loss": 42, "draw": 2, "win_rate": 63.07142857142857}, "\u8352\u539f\u904a\u4fe0": {"win": 72, "loss": 28, "draw": 0, "win_rate": 67.0}, "\u5143\u7d20\u6cd5\u5e2b": {"win": 16, "loss": 84, "draw": 0, "win_rate": 18.5}, "\u8352\u795e": {"win": 48, "loss": 50, "draw": 2, "win_rate": 46.93877551020408}, "\u661f\u795e": {"win": 31, "loss": 51, "draw": 18, "win_rate": 33.188153310104525}}, "\u6cd5\u5e2b": {"\u8056\u9a0e\u58eb": {"win": 83, "loss": 17, "draw": 0, "win_rate": 84.5}, "\u523a\u5ba2": {"win": 90, "loss": 10, "draw": 0, "win_rate": 90.0}, "\u5f13\u7bad\u624b": {"win": 72, "loss": 28, "draw": 0, "win_rate": 72.0}, "\u72c2\u6230\u58eb": {"win": 88, "loss": 12, "draw": 0, "win_rate": 87.0}, "\u9f8d\u795e": {"win": 62, "loss": 38, "draw": 0, "win_rate": 62.5}, "\u8840\u795e": {"win": 68, "loss": 32, "draw": 0, "win_rate": 70.0}, "\u525b\u6bc5\u6b66\u58eb": {"win": 8, "loss": 92, "draw": 0, "win_rate": 14.5}, "\u9be8\u541e": {"win": 61, "loss": 39, "draw": 0, "win_rate": 61.0}, "\u8352\u539f\u904a\u4fe0": {"win": 80, "loss": 20, "draw": 0, "win_rate": 81.0}, "\u5143\u7d20\u6cd5\u5e2b": {"win": 56, "loss": 44, "draw": 0, "win_rate": 54.0}, "\u8352\u795e": {"win": 98, "loss": 2, "draw": 0, "win_rate": 95.0}, "\u661f\u795e": {"win": 91, "loss": 9, "draw": 0, "win_rate": 90.5}}, "\u523a\u5ba2": {"\u8056\u9a0e\u58eb": {"win": 48, "loss": 52, "draw": 0, "win_rate": 47.0}, "\u6cd5\u5e2b": {"win": 10, "loss": 90, "draw": 0, "win_rate": 10.0}, "\u5f13\u7bad\u624b": {"win": 43, "loss": 57, "draw": 0, "win_rate": 46.0}, "\u72c2\u6230\u58eb": {"win": 55, "loss": 45, "draw": 0, "win_rate": 55.5}, "\u9f8d\u795e": {"win": 14, "loss": 86, "draw": 0, "win_rate": 13.5}, "\u8840\u795e": {"win": 26, "loss": 74, "draw": 0, "win_rate": 28.5}, "\u525b\u6bc5\u6b66\u58eb": {"win": 0, "loss": 100, "draw": 0, "win_rate": 2.0}, "\u9be8\u541e": {"win": 38, "loss": 62, "draw": 0, "win_rate": 40.5}, "\u8352\u539f\u904a\u4fe0": {"win": 50, "loss": 50, "draw": 0, "win_rate": 48.5}, "\u5143\u7d20\u6cd5\u5e2b": {"win": 20, "loss": 80, "draw": 0, "win_rate": 13.0}, "\u8352\u795e": {"win": 58, "loss": 42, "draw": 0, "win_rate": 62.5}, "\u661f\u795e": {"win": 31, "loss": 69, "draw": 0, "win_rate": 35.0}}, "\u5f13\u7bad\u624b": {"\u8056\u9a0e\u58eb": {"win": 67, "loss": 33, "draw": 0, "win_rate": 66.75}, "\u6cd5\u5e2b": {"win": 28, "loss": 72, "draw": 0, "win_rate": 28.0}, "\u523a\u5ba2": {"win": 51, "loss": 49, "draw": 0, "win_rate": 52.5}, "\u72c2\u6230\u58eb": {"win": 56, "loss": 44, "draw": 0, "win_rate": 57.5}, "\u9f8d\u795e": {"win": 40, "loss": 60, "draw": 0, "win_rate": 39.0}, "\u8840\u795e": {"win": 62, "loss": 38, "draw": 0, "win_rate": 63.5}, "\u525b\u6bc5\u6b66\u58eb": {"win": 53, "loss": 47, "draw": 0, "win_rate": 62.0}, "\u9be8\u541e": {"win": 23, "loss": 77, "draw": 0, "win_rate": 22.0}, "\u8352\u539f\u904a\u4fe0": {"win": 35, "loss": 65, "draw": 0, "win_rate": 36.0}, "\u5143\u7d20\u6cd5\u5e2b": {"win": 17, "loss": 83, "draw": 0, "win_rate": 21.5}, "\u8352\u795e": {"win": 90, "loss": 10, "draw": 0, "win_rate": 84.0}, "\u661f\u795e": {"win": 51, "loss": 49, "draw": 0, "win_rate": 46.0}}, "\u72c2\u6230\u58eb": {"\u8056\u9a0e\u58eb": {"win": 8, "loss": 92, "draw": 0, "win_rate": 8.5}, "\u6cd5\u5e2b": {"win": 14, "loss": 86, "draw": 0, "win_rate": 13.5}, "\u523a\u5ba2": {"win": 44, "loss": 56, "draw": 0, "win_rate": 44.25}, "\u5f13\u7bad\u624b": {"win": 41, "loss": 59, "draw": 0, "win_rate": 41.75}, "\u9f8d\u795e": {"win": 13, "loss": 87, "draw": 0, "win_rate": 9.5}, "\u8840\u795e": {"win": 16, "loss": 84, "draw": 0, "win_rate": 17.0}, "\u525b\u6bc5\u6b66\u58eb": {"win": 5, "loss": 95, "draw": 0, "win_rate": 5.5}, "\u9be8\u541e": {"win": 12, "loss": 88, "draw": 0, "win_rate": 15.0}, "\u8352\u539f\u904a\u4fe0": {"win": 26, "loss": 74, "draw": 0, "win_rate": 25.5}, "\u5143\u7d20\u6cd5\u5e2b": {"win": 23, "loss": 77, "draw": 0, "win_rate": 23.0}, "\u8352\u795e": {"win": 39, "loss": 61, "draw": 0, "win_rate": 46.0}, "\u661f\u795e": {"win": 27, "loss": 73, "draw": 0, "win_rate": 23.5}}, "\u9f8d\u795e": {"\u8056\u9a0e\u58eb": {"win": 99, "loss": 1, "draw": 0, "win_rate": 98.75}, "\u6cd5\u5e2b": {"win": 37, "loss": 63, "draw": 0, "win_rate": 37.25}, "\u523a\u5ba2": {"win": 87, "loss": 13, "draw": 0, "win_rate": 86.75}, "\u5f13\u7bad\u624b": {"win": 62, "loss": 38, "draw": 0, "win_rate": 61.5}, "\u72c2\u6230\u58eb": {"win": 94, "loss": 6, "draw": 0, "win_rate": 92.25}, "\u8840\u795e": {"win": 68, "loss": 32, "draw": 0, "win_rate": 71.0}, "\u525b\u6bc5\u6b66\u58eb": {"win": 43, "loss": 57, "draw": 0, "win_rate": 47.0}, "\u9be8\u541e": {"win": 93, "loss": 7, "draw": 0, "win_rate": 93.0}, "\u8352\u539f\u904a\u4fe0": {"win": 87, "loss": 13, "draw": 0, "win_rate": 90.5}, "\u5143\u7d20\u6cd5\u5e2b": {"win": 72, "loss": 28, "draw": 0, "win_rate": 70.0}, "\u8352\u795e": {"win": 98, "loss": 2, "draw": 0, "win_rate": 97.5}, "\u661f\u795e": {"win": 76, "loss": 24, "draw": 0, "win_rate": 77.5}}, "\u8840\u795e": {"\u8056\u9a0e\u58eb": {"win": 62, "loss": 38, "draw": 0, "win_rate": 60.13636363636364}, "\u6cd5\u5e2b": {"win": 28, "loss": 72, "draw": 0, "win_rate": 29.0}, "\u523a\u5ba2": {"win": 69, "loss": 31, "draw": 0, "win_rate": 70.25}, "\u5f13\u7bad\u624b": {"win": 35, "loss": 65, "draw": 0, "win_rate": 35.75}, "\u72c2\u6230\u58eb": {"win": 82, "loss": 18, "draw": 0, "win_rate": 82.5}, "\u9f8d\u795e": {"win": 26, "loss": 74, "draw": 0, "win_rate": 27.5}, "\u525b\u6bc5\u6b66\u58eb": {"win": 14, "loss": 86, "draw": 0, "win_rate": 19.244897959183675}, "\u9be8\u541e": {"win": 56, "loss": 44, "draw": 0, "win_rate": 55.0}, "\u8352\u539f\u904a\u4fe0": {"win": 73, "loss": 27, "draw": 0, "win_rate": 71.5}, "\u5143\u7d20\u6cd5\u5e2b": {"win": 52, "loss": 48, "draw": 0, "win_rate": 48.0}, "\u8352\u795e": {"win": 62, "loss": 38, "draw": 0, "win_rate": 60.5}, "\u661f\u795e": {"win": 12, "loss": 88, "draw": 0, "win_rate": 13.0}}, "\u525b\u6bc5\u6b66\u58eb": {"\u8056\u9a0e\u58eb": {"win": 66, "loss": 0, "draw": 34, "win_rate": 100.0}, "\u6cd5\u5e2b": {"win": 79, "loss": 21, "draw": 0, "win_rate": 82.25}, "\u523a\u5ba2": {"win": 96, "loss": 4, "draw": 0, "win_rate": 97.0}, "\u5f13\u7bad\u624b": {"win": 29, "loss": 71,