{"data": {"env_evaluation": {"ehi": 0.892, "esi": 0.989, "mpi": 0.727}, "profession_evaluation": {"\u8056\u9a0e\u58eb": {"EIR": 21.59, "Advanced NAS": -0.434, "MSI": 0.72, "PI20": 0.58}, "\u6cd5\u5e2b": {"EIR": 51.88, "Advanced NAS": 1.387, "MSI": 0.77, "PI20": 0.17}, "\u523a\u5ba2": {"EIR": -2.26, "Advanced NAS": -0.833, "MSI": 0.82, "PI20": 0.25}, "\u5f13\u7bad\u624b": {"EIR": 17.24, "Advanced NAS": -0.547, "MSI": 0.8, "PI20": 0.42}, "\u72c2\u6230\u58eb": {"EIR": 0.96, "Advanced NAS": -0.803, "MSI": 0.86, "PI20": 0.17}, "\u9f8d\u795e": {"EIR": 31.45, "Advanced NAS": -0.134, "MSI": 0.73, "PI20": 0.58}, "\u8840\u795e": {"EIR": 20.54, "Advanced NAS": -0.461, "MSI": 0.72, "PI20": 0.58}, "\u525b\u6bc5\u6b66\u58eb": {"EIR": 59.75, "Advanced NAS": 2.75, "MSI": 0.81, "PI20": 0.08}, "\u9be8\u541e": {"EIR": 28.08, "Advanced NAS": -0.258, "MSI": 0.77, "PI20": 0.5}, "\u8352\u539f\u904a\u4fe0": {"EIR": 2.85, "Advanced NAS": -0.774, "MSI": 0.78, "PI20": 0.25}, "\u5143\u7d20\u6cd5\u5e2b": {"EIR": 42.52, "Advanced NAS": 0.442, "MSI": 0.76, "PI20": 0.42}, "\u8352\u795e": {"EIR": 9.14, "Advanced NAS": -0.687, "MSI": 0.78, "PI20": 0.5}, "\u661f\u795e": {"EIR": 40.98, "Advanced NAS": 0.352, "MSI": 0.69, "PI20": 0.67}}, "combine_win_rate_table": {"\u8056\u9a0e\u58eb": {"\u6cd5\u5e2b": {"win": 23, "loss": 77, "draw": 0, "win_rate": 19.0}, "\u523a\u5ba2": {"win": 88, "loss": 11, "draw": 1, "win_rate": 89.94444444444444}, "\u5f13\u7bad\u624b": {"win": 52, "loss": 48, "draw": 0, "win_rate": 56.0}, "\u72c2\u6230\u58eb": {"win": 88, "loss": 12, "draw": 0, "win_rate": 88.0}, "\u9f8d\u795e": {"win": 31, "loss": 69, "draw": 0, "win_rate": 29.5}, "\u8840\u795e": {"win": 41, "loss": 53, "draw": 6, "win_rate": 46.808510638297875}, "\u525b\u6bc5\u6b66\u58eb": {"win": 0, "loss": 56, "draw": 44, "win_rate": 0.0}, "\u9be8\u541e": {"win": 50, "loss": 50, "draw": 0, "win_rate": 54.5}, "\u8352\u539f\u904a\u4fe0": {"win": 85, "loss": 15, "draw": 0, "win_rate": 86.0}, "\u5143\u7d20\u6cd5\u5e2b": {"win": 25, "loss": 74, "draw": 1, "win_rate": 24.126262626262626}, "\u8352\u795e": {"win": 50, "loss": 47, "draw": 3, "win_rate": 42.60993057016621}, "\u661f\u795e": {"win": 30, "loss": 61, "draw": 9, "win_rate": 25.412087912087912}}, "\u6cd5\u5e2b": {"\u8056\u9a0e\u58eb": {"win": 85, "loss": 15, "draw": 0, "win_rate": 83.0}, "\u523a\u5ba2": {"win": 99, "loss": 1, "draw": 0, "win_rate": 97.0}, "\u5f13\u7bad\u624b": {"win": 90, "loss": 10, "draw": 0, "win_rate": 86.0}, "\u72c2\u6230\u58eb": {"win": 79, "loss": 21, "draw": 0, "win_rate": 81.5}, "\u9f8d\u795e": {"win": 86, "loss": 14, "draw": 0, "win_rate": 83.0}, "\u8840\u795e": {"win": 87, "loss": 13, "draw": 0, "win_rate": 86.5}, "\u525b\u6bc5\u6b66\u58eb": {"win": 9, "loss": 91, "draw": 0, "win_rate": 13.5}, "\u9be8\u541e": {"win": 60, "loss": 40, "draw": 0, "win_rate": 58.0}, "\u8352\u539f\u904a\u4fe0": {"win": 94, "loss": 6, "draw": 0, "win_rate": 92.5}, "\u5143\u7d20\u6cd5\u5e2b": {"win": 54, "loss": 46, "draw": 0, "win_rate": 56.5}, "\u8352\u795e": {"win": 95, "loss": 5, "draw": 0, "win_rate": 95.5}, "\u661f\u795e": {"win": 93, "loss": 7, "draw": 0, "win_rate": 92.0}}, "\u523a\u5ba2": {"\u8056\u9a0e\u58eb": {"win": 9, "loss": 91, "draw": 0, "win_rate": 9.527777777777779}, "\u6cd5\u5e2b": {"win": 5, "loss": 95, "draw": 0, "win_rate": 4.0}, "\u5f13\u7bad\u624b": {"win": 33, "loss": 67, "draw": 0, "win_rate": 31.0}, "\u72c2\u6230\u58eb": {"win": 44, "loss": 56, "draw": 0, "win_rate": 47.0}, "\u9f8d\u795e": {"win": 17, "loss": 83, "draw": 0, "win_rate": 18.5}, "\u8840\u795e": {"win": 35, "loss": 65, "draw": 0, "win_rate": 26.5}, "\u525b\u6bc5\u6b66\u58eb": {"win": 0, "loss": 100, "draw": 0, "win_rate": 0.0}, "\u9be8\u541e": {"win": 19, "loss": 81, "draw": 0, "win_rate": 21.0}, "\u8352\u539f\u904a\u4fe0": {"win": 64, "loss": 36, "draw": 0, "win_rate": 59.5}, "\u5143\u7d20\u6cd5\u5e2b": {"win": 4, "loss": 96, "draw": 0, "win_rate": 7.0}, "\u8352\u795e": {"win": 37, "loss": 63, "draw": 0, "win_rate": 39.5}, "\u661f\u795e": {"win": 12, "loss": 88, "draw": 0, "win_rate": 11.0}}, "\u5f13\u7bad\u624b": {"\u8056\u9a0e\u58eb": {"win": 40, "loss": 60, "draw": 0, "win_rate": 42.0}, "\u6cd5\u5e2b": {"win": 18, "loss": 82, "draw": 0, "win_rate": 16.0}, "\u523a\u5ba2": {"win": 71, "loss": 29, "draw": 0, "win_rate": 70.0}, "\u72c2\u6230\u58eb": {"win": 55, "loss": 45, "draw": 0, "win_rate": 59.5}, "\u9f8d\u795e": {"win": 34, "loss": 66, "draw": 0, "win_rate": 34.5}, "\u8840\u795e": {"win": 56, "loss": 44, "draw": 0, "win_rate": 60.5}, "\u525b\u6bc5\u6b66\u58eb": {"win": 30, "loss": 70, "draw": 0, "win_rate": 32.5}, "\u9be8\u541e": {"win": 20, "loss": 80, "draw": 0, "win_rate": 18.5}, "\u8352\u539f\u904a\u4fe0": {"win": 43, "loss": 57, "draw": 0, "win_rate": 42.0}, "\u5143\u7d20\u6cd5\u5e2b": {"win": 14, "loss": 86, "draw": 0, "win_rate": 17.0}, "\u8352\u795e": {"win": 74, "loss": 26, "draw": 0, "win_rate": 76.0}, "\u661f\u795e": {"win": 34, "loss": 66, "draw": 0, "win_rate": 35.0}}, "\u72c2\u6230\u58eb": {"\u8056\u9a0e\u58eb": {"win": 12, "loss": 88, "draw": 0, "win_rate": 12.0}, "\u6cd5\u5e2b": {"win": 16, "loss": 84, "draw": 0, "win_rate": 17.25}, "\u523a\u5ba2": {"win": 50, "loss": 50, "draw": 0, "win_rate": 51.5}, "\u5f13\u7bad\u624b": {"win": 36, "loss": 64, "draw": 0, "win_rate": 38.25}, "\u9f8d\u795e": {"win": 17, "loss": 83, "draw": 0, "win_rate": 17.0}, "\u8840\u795e": {"win": 21, "loss": 79, "draw": 0, "win_rate": 18.5}, "\u525b\u6bc5\u6b66\u58eb": {"win": 6, "loss": 94, "draw": 0, "win_rate": 7.5}, "\u9be8\u541e": {"win": 17, "loss": 83, "draw": 0, "win_rate": 15.0}, "\u8352\u539f\u904a\u4fe0": {"win": 40, "loss": 60, "draw": 0, "win_rate": 39.5}, "\u5143\u7d20\u6cd5\u5e2b": {"win": 22, "loss": 78, "draw": 0, "win_rate": 25.5}, "\u8352\u795e": {"win": 47, "loss": 53, "draw": 0, "win_rate": 48.5}, "\u661f\u795e": {"win": 15, "loss": 85, "draw": 0, "win_rate": 17.5}}, "\u9f8d\u795e": {"\u8056\u9a0e\u58eb": {"win": 72, "loss": 28, "draw": 0, "win_rate": 71.25}, "\u6cd5\u5e2b": {"win": 20, "loss": 80, "draw": 0, "win_rate": 18.5}, "\u523a\u5ba2": {"win": 80, "loss": 20, "draw": 0, "win_rate": 80.75}, "\u5f13\u7bad\u624b": {"win": 65, "loss": 35, "draw": 0, "win_rate": 65.25}, "\u72c2\u6230\u58eb": {"win": 83, "loss": 17, "draw": 0, "win_rate": 83.0}, "\u8840\u795e": {"win": 60, "loss": 40, "draw": 0, "win_rate": 64.5}, "\u525b\u6bc5\u6b66\u58eb": {"win": 8, "loss": 92, "draw": 0, "win_rate": 8.5}, "\u9be8\u541e": {"win": 57, "loss": 43, "draw": 0, "win_rate": 63.0}, "\u8352\u539f\u904a\u4fe0": {"win": 84, "loss": 16, "draw": 0, "win_rate": 86.0}, "\u5143\u7d20\u6cd5\u5e2b": {"win": 45, "loss": 55, "draw": 0, "win_rate": 46.0}, "\u8352\u795e": {"win": 80, "loss": 20, "draw": 0, "win_rate": 77.0}, "\u661f\u795e": {"win": 11, "loss": 89, "draw": 0, "win_rate": 11.5}}, "\u8840\u795e": {"\u8056\u9a0e\u58eb": {"win": 48, "loss": 48, "draw": 4, "win_rate": 51.59574468085106}, "\u6cd5\u5e2b": {"win": 14, "loss": 86, "draw": 0, "win_rate": 13.75}, "\u523a\u5ba2": {"win": 82, "loss": 18, "draw": 0, "win_rate": 77.75}, "\u5f13\u7bad\u624b": {"win": 35, "loss": 65, "draw": 0, "win_rate": 37.25}, "\u72c2\u6230\u58eb": {"win": 84, "loss": 16, "draw": 0, "win_rate": 82.75}, "\u9f8d\u795e": {"win": 31, "loss": 69, "draw": 0, "win_rate": 33.25}, "\u525b\u6bc5\u6b66\u58eb": {"win": 14, "loss": 80, "draw": 6, "win_rate": 11.528441163699519}, "\u9be8\u541e": {"win": 51, "loss": 49, "draw": 0, "win_rate": 54.0}, "\u8352\u539f\u904a\u4fe0": {"win": 78, "loss": 22, "draw": 0, "win_rate": 81.0}, "\u5143\u7d20\u6cd5\u5e2b": {"win": 37, "loss": 63, "draw": 0, "win_rate": 29.0}, "\u8352\u795e": {"win": 80, "loss": 20, "draw": 0, "win_rate": 75.5}, "\u661f\u795e": {"win": 0, "loss": 100, "draw": 0, "win_rate": 1.5}}, "\u525b\u6bc5\u6b66\u58eb": {"\u8056\u9a0e\u58eb": {"win": 65, "loss": 0, "draw": 35, "win_rate": 100.0}, "\u6cd5\u5e2b": {"win": 82, "loss": 18, "draw": 0, "win_rate": 84.25}, "\u523a\u5ba2": {"win": 100, "loss": 0, "draw": 0, "win_rate": 100.0},