{"data": {"env_evaluation": {"ehi": 0.887, "esi": 0.989, "mpi": 0.742}, "profession_evaluation": {"\u8056\u9a0e\u58eb": {"EIR": 19.3, "Advanced NAS": -0.5, "MSI": 0.73, "PI20": 0.5}, "\u6cd5\u5e2b": {"EIR": 50.23, "Advanced NAS": 1.288, "MSI": 0.76, "PI20": 0.17}, "\u523a\u5ba2": {"EIR": -1.13, "Advanced NAS": -0.874, "MSI": 0.8, "PI20": 0.33}, "\u5f13\u7bad\u624b": {"EIR": 19.29, "Advanced NAS": -0.513, "MSI": 0.8, "PI20": 0.42}, "\u72c2\u6230\u58eb": {"EIR": 3.15, "Advanced NAS": -0.838, "MSI": 0.84, "PI20": 0.25}, "\u9f8d\u795e": {"EIR": 33.56, "Advanced NAS": -0.014, "MSI": 0.7, "PI20": 0.5}, "\u8840\u795e": {"EIR": 22.96, "Advanced NAS": -0.424, "MSI": 0.69, "PI20": 0.75}, "\u525b\u6bc5\u6b66\u58eb": {"EIR": 58.17, "Advanced NAS": 2.669, "MSI": 0.77, "PI20": 0.17}, "\u9be8\u541e": {"EIR": 24.04, "Advanced NAS": -0.403, "MSI": 0.74, "PI20": 0.42}, "\u8352\u539f\u904a\u4fe0": {"EIR": -0.54, "Advanced NAS": -0.862, "MSI": 0.74, "PI20": 0.58}, "\u5143\u7d20\u6cd5\u5e2b": {"EIR": 43.7, "Advanced NAS": 0.597, "MSI": 0.75, "PI20": 0.33}, "\u8352\u795e": {"EIR": 9.65, "Advanced NAS": -0.692, "MSI": 0.74, "PI20": 0.58}, "\u661f\u795e": {"EIR": 42.88, "Advanced NAS": 0.566, "MSI": 0.65, "PI20": 0.67}}, "combine_win_rate_table": {"\u8056\u9a0e\u58eb": {"\u6cd5\u5e2b": {"win": 5, "loss": 5, "draw": 0, "win_rate": 45.0}, "\u523a\u5ba2": {"win": 8, "loss": 2, "draw": 0, "win_rate": 85.0}, "\u5f13\u7bad\u624b": {"win": 4, "loss": 6, "draw": 0, "win_rate": 50.0}, "\u72c2\u6230\u58eb": {"win": 7, "loss": 3, "draw": 0, "win_rate": 75.0}, "\u9f8d\u795e": {"win": 6, "loss": 4, "draw": 0, "win_rate": 50.0}, "\u8840\u795e": {"win": 3, "loss": 6, "draw": 1, "win_rate": 26.666666666666664}, "\u525b\u6bc5\u6b66\u58eb": {"win": 0, "loss": 5, "draw": 5, "win_rate": 0.0}, "\u9be8\u541e": {"win": 6, "loss": 4, "draw": 0, "win_rate": 55.0}, "\u8352\u539f\u904a\u4fe0": {"win": 10, "loss": 0, "draw": 0, "win_rate": 85.0}, "\u5143\u7d20\u6cd5\u5e2b": {"win": 0, "loss": 10, "draw": 0, "win_rate": 10.0}, "\u8352\u795e": {"win": 6, "loss": 4, "draw": 0, "win_rate": 45.0}, "\u661f\u795e": {"win": 1, "loss": 8, "draw": 1, "win_rate": 11.805555555555555}}, "\u6cd5\u5e2b": {"\u8056\u9a0e\u58eb": {"win": 6, "loss": 4, "draw": 0, "win_rate": 57.5}, "\u523a\u5ba2": {"win": 10, "loss": 0, "draw": 0, "win_rate": 90.0}, "\u5f13\u7bad\u624b": {"win": 10, "loss": 0, "draw": 0, "win_rate": 90.0}, "\u72c2\u6230\u58eb": {"win": 7, "loss": 3, "draw": 0, "win_rate": 80.0}, "\u9f8d\u795e": {"win": 9, "loss": 1, "draw": 0, "win_rate": 85.0}, "\u8840\u795e": {"win": 8, "loss": 2, "draw": 0, "win_rate": 85.0}, "\u525b\u6bc5\u6b66\u58eb": {"win": 1, "loss": 9, "draw": 0, "win_rate": 5.0}, "\u9be8\u541e": {"win": 5, "loss": 5, "draw": 0, "win_rate": 60.0}, "\u8352\u539f\u904a\u4fe0": {"win": 9, "loss": 1, "draw": 0, "win_rate": 85.0}, "\u5143\u7d20\u6cd5\u5e2b": {"win": 7, "loss": 3, "draw": 0, "win_rate": 75.0}, "\u8352\u795e": {"win": 10, "loss": 0, "draw": 0, "win_rate": 100.0}, "\u661f\u795e": {"win": 8, "loss": 2, "draw": 0, "win_rate": 90.0}}, "\u523a\u5ba2": {"\u8056\u9a0e\u58eb": {"win": 1, "loss": 9, "draw": 0, "win_rate": 12.5}, "\u6cd5\u5e2b": {"win": 2, "loss": 8, "draw": 0, "win_rate": 15.0}, "\u5f13\u7bad\u624b": {"win": 5, "loss": 5, "draw": 0, "win_rate": 35.0}, "\u72c2\u6230\u58eb": {"win": 4, "loss": 6, "draw": 0, "win_rate": 50.0}, "\u9f8d\u795e": {"win": 0, "loss": 10, "draw": 0, "win_rate": 5.0}, "\u8840\u795e": {"win": 1, "loss": 9, "draw": 0, "win_rate": 15.0}, "\u525b\u6bc5\u6b66\u58eb": {"win": 0, "loss": 10, "draw": 0, "win_rate": 0.0}, "\u9be8\u541e": {"win": 2, "loss": 8, "draw": 0, "win_rate": 15.0}, "\u8352\u539f\u904a\u4fe0": {"win": 8, "loss": 2, "draw": 0, "win_rate": 60.0}, "\u5143\u7d20\u6cd5\u5e2b": {"win": 1, "loss": 9, "draw": 0, "win_rate": 15.0}, "\u8352\u795e": {"win": 5, "loss": 5, "draw": 0, "win_rate": 55.0}, "\u661f\u795e": {"win": 0, "loss": 10, "draw": 0, "win_rate": 10.0}}, "\u5f13\u7bad\u624b": {"\u8056\u9a0e\u58eb": {"win": 4, "loss": 6, "draw": 0, "win_rate": 45.0}, "\u6cd5\u5e2b": {"win": 2, "loss": 8, "draw": 0, "win_rate": 15.0}, "\u523a\u5ba2": {"win": 8, "loss": 2, "draw": 0, "win_rate": 72.5}, "\u72c2\u6230\u58eb": {"win": 3, "loss": 7, "draw": 0, "win_rate": 50.0}, "\u9f8d\u795e": {"win": 2, "loss": 8, "draw": 0, "win_rate": 25.0}, "\u8840\u795e": {"win": 6, "loss": 4, "draw": 0, "win_rate": 70.0}, "\u525b\u6bc5\u6b66\u58eb": {"win": 5, "loss": 5, "draw": 0, "win_rate": 50.0}, "\u9be8\u541e": {"win": 4, "loss": 6, "draw": 0, "win_rate": 50.0}, "\u8352\u539f\u904a\u4fe0": {"win": 3, "loss": 7, "draw": 0, "win_rate": 25.0}, "\u5143\u7d20\u6cd5\u5e2b": {"win": 2, "loss": 8, "draw": 0, "win_rate": 15.0}, "\u8352\u795e": {"win": 8, "loss": 2, "draw": 0, "win_rate": 70.0}, "\u661f\u795e": {"win": 6, "loss": 4, "draw": 0, "win_rate": 45.0}}, "\u72c2\u6230\u58eb": {"\u8056\u9a0e\u58eb": {"win": 2, "loss": 8, "draw": 0, "win_rate": 22.5}, "\u6cd5\u5e2b": {"win": 1, "loss": 9, "draw": 0, "win_rate": 15.0}, "\u523a\u5ba2": {"win": 4, "loss": 6, "draw": 0, "win_rate": 45.0}, "\u5f13\u7bad\u624b": {"win": 3, "loss": 7, "draw": 0, "win_rate": 40.0}, "\u9f8d\u795e": {"win": 3, "loss": 7, "draw": 0, "win_rate": 30.0}, "\u8840\u795e": {"win": 2, "loss": 8, "draw": 0, "win_rate": 25.0}, "\u525b\u6bc5\u6b66\u58eb": {"win": 0, "loss": 10, "draw": 0, "win_rate": 5.0}, "\u9be8\u541e": {"win": 1, "loss": 9, "draw": 0, "win_rate": 10.0}, "\u8352\u539f\u904a\u4fe0": {"win": 4, "loss": 6, "draw": 0, "win_rate": 45.0}, "\u5143\u7d20\u6cd5\u5e2b": {"win": 3, "loss": 7, "draw": 0, "win_rate": 25.0}, "\u8352\u795e": {"win": 6, "loss": 4, "draw": 0, "win_rate": 55.0}, "\u661f\u795e": {"win": 0, "loss": 10, "draw": 0, "win_rate": 5.0}}, "\u9f8d\u795e": {"\u8056\u9a0e\u58eb": {"win": 6, "loss": 4, "draw": 0, "win_rate": 55.0}, "\u6cd5\u5e2b": {"win": 2, "loss": 8, "draw": 0, "win_rate": 17.5}, "\u523a\u5ba2": {"win": 9, "loss": 1, "draw": 0, "win_rate": 92.5}, "\u5f13\u7bad\u624b": {"win": 7, "loss": 3, "draw": 0, "win_rate": 72.5}, "\u72c2\u6230\u58eb": {"win": 7, "loss": 3, "draw": 0, "win_rate": 70.0}, "\u8840\u795e": {"win": 7, "loss": 3, "draw": 0, "win_rate": 55.0}, "\u525b\u6bc5\u6b66\u58eb": {"win": 0, "loss": 10, "draw": 0, "win_rate": 15.0}, "\u9be8\u541e": {"win": 7, "loss": 3, "draw": 0, "win_rate": 75.0}, "\u8352\u539f\u904a\u4fe0": {"win": 10, "loss": 0, "draw": 0, "win_rate": 100.0}, "\u5143\u7d20\u6cd5\u5e2b": {"win": 4, "loss": 6, "draw": 0, "win_rate": 45.0}, "\u8352\u795e": {"win": 10, "loss": 0, "draw": 0, "win_rate": 95.0}, "\u661f\u795e": {"win": 1, "loss": 9, "draw": 0, "win_rate": 10.0}}, "\u8840\u795e": {"\u8056\u9a0e\u58eb": {"win": 8, "loss": 2, "draw": 0, "win_rate": 76.66666666666667}, "\u6cd5\u5e2b": {"win": 1, "loss": 9, "draw": 0, "win_rate": 12.5}, "\u523a\u5ba2": {"win": 8, "loss": 2, "draw": 0, "win_rate": 82.5}, "\u5f13\u7bad\u624b": {"win": 2, "loss": 8, "draw": 0, "win_rate": 25.0}, "\u72c2\u6230\u58eb": {"win": 7, "loss": 3, "draw": 0, "win_rate": 72.5}, "\u9f8d\u795e": {"win": 6, "loss": 4, "draw": 0, "win_rate": 52.5}, "\u525b\u6bc5\u6b66\u58eb": {"win": 0, "loss": 10, "draw": 0, "win_rate": 0.0}, "\u9be8\u541e": {"win": 4, "loss": 6, "draw": 0, "win_rate": 60.0}, "\u8352\u539f\u904a\u4fe0": {"win": 7, "loss": 3, "draw": 0, "win_rate": 85.0}, "\u5143\u7d20\u6cd5\u5e2b": {"win": 5, "loss": 5, "draw": 0, "win_rate": 35.0}, "\u8352\u795e": {"win": 8, "loss": 2, "draw": 0, "win_rate": 70.0}, "\u661f\u795e": {"win": 0, "loss": 10, "draw": 0, "win_rate": 0.0}}, "\u525b\u6bc5\u6b66\u58eb": {"\u8056\u9a0e\u58eb": {"win": 5, "loss": 0, "draw": 5, "win_rate": 100.0}, "\u6cd5\u5e2b": {"win": 10, "loss": 0, "draw": 0, "win_rate": 97.5}, "\u523a\u5ba2": {"win": 10, "loss": 0, "draw": 0, "win_rate": 100.0}, "\u5f13\u7bad\u624b": {"win": 5, "loss": 5, "draw": 0, "win_rate": 50.0}, "\u72c2\u6230\u58eb": {"win": 9, "loss": 1, "draw": 0, "win_rate": 92.5}, "\u9f8d\u795e": {"win": 7, "loss": 3, "draw": 0, "win_rate": 77.5}, "\u8840\u795e": {"win": 10,