{"data": {"env_evaluation": {"ehi": 0.888, "esi": 0.988, "mpi": 0.652}, "profession_evaluation": {"\u8056\u9a0e\u58eb": {"EIR": 15.57, "Advanced NAS": -0.623, "MSI": 0.75, "PI20": 0.5}, "\u6cd5\u5e2b": {"EIR": 48.39, "Advanced NAS": 1.384, "MSI": 0.78, "PI20": 0.25}, "\u523a\u5ba2": {"EIR": 8.31, "Advanced NAS": -0.783, "MSI": 0.8, "PI20": 0.5}, "\u5f13\u7bad\u624b": {"EIR": 23.4, "Advanced NAS": -0.371, "MSI": 0.81, "PI20": 0.33}, "\u72c2\u6230\u58eb": {"EIR": -2.71, "Advanced NAS": -0.971, "MSI": 0.88, "PI20": 0.08}, "\u9f8d\u795e": {"EIR": 45.28, "Advanced NAS": 0.99, "MSI": 0.78, "PI20": 0.42}, "\u8840\u795e": {"EIR": 23.32, "Advanced NAS": -0.379, "MSI": 0.77, "PI20": 0.42}, "\u525b\u6bc5\u6b66\u58eb": {"EIR": 55.49, "Advanced NAS": 2.549, "MSI": 0.77, "PI20": 0.17}, "\u9be8\u541e": {"EIR": 20.44, "Advanced NAS": -0.475, "MSI": 0.77, "PI20": 0.42}, "\u8352\u539f\u904a\u4fe0": {"EIR": 14.74, "Advanced NAS": -0.642, "MSI": 0.77, "PI20": 0.5}, "\u5143\u7d20\u6cd5\u5e2b": {"EIR": 36.74, "Advanced NAS": 0.276, "MSI": 0.75, "PI20": 0.58}, "\u8352\u795e": {"EIR": 7.25, "Advanced NAS": -0.805, "MSI": 0.77, "PI20": 0.5}, "\u661f\u795e": {"EIR": 28.72, "Advanced NAS": -0.15, "MSI": 0.71, "PI20": 0.58}}, "combine_win_rate_table": {"\u8056\u9a0e\u58eb": {"\u6cd5\u5e2b": {"win": 23, "loss": 77, "draw": 0, "win_rate": 16.5}, "\u523a\u5ba2": {"win": 49, "loss": 51, "draw": 0, "win_rate": 55.0}, "\u5f13\u7bad\u624b": {"win": 27, "loss": 73, "draw": 0, "win_rate": 30.5}, "\u72c2\u6230\u58eb": {"win": 82, "loss": 18, "draw": 0, "win_rate": 85.5}, "\u9f8d\u795e": {"win": 6, "loss": 94, "draw": 0, "win_rate": 7.5}, "\u8840\u795e": {"win": 47, "loss": 49, "draw": 4, "win_rate": 45.47916666666667}, "\u525b\u6bc5\u6b66\u58eb": {"win": 0, "loss": 66, "draw": 34, "win_rate": 0.0}, "\u9be8\u541e": {"win": 69, "loss": 30, "draw": 1, "win_rate": 69.54236239950527}, "\u8352\u539f\u904a\u4fe0": {"win": 56, "loss": 44, "draw": 0, "win_rate": 63.0}, "\u5143\u7d20\u6cd5\u5e2b": {"win": 22, "loss": 78, "draw": 0, "win_rate": 26.5}, "\u8352\u795e": {"win": 48, "loss": 52, "draw": 0, "win_rate": 47.46938775510204}, "\u661f\u795e": {"win": 30, "loss": 51, "draw": 19, "win_rate": 35.98839803659081}}, "\u6cd5\u5e2b": {"\u8056\u9a0e\u58eb": {"win": 90, "loss": 10, "draw": 0, "win_rate": 86.75}, "\u523a\u5ba2": {"win": 96, "loss": 4, "draw": 0, "win_rate": 93.0}, "\u5f13\u7bad\u624b": {"win": 80, "loss": 20, "draw": 0, "win_rate": 77.0}, "\u72c2\u6230\u58eb": {"win": 81, "loss": 19, "draw": 0, "win_rate": 78.5}, "\u9f8d\u795e": {"win": 68, "loss": 32, "draw": 0, "win_rate": 68.0}, "\u8840\u795e": {"win": 67, "loss": 33, "draw": 0, "win_rate": 69.5}, "\u525b\u6bc5\u6b66\u58eb": {"win": 14, "loss": 86, "draw": 0, "win_rate": 13.5}, "\u9be8\u541e": {"win": 57, "loss": 43, "draw": 0, "win_rate": 58.5}, "\u8352\u539f\u904a\u4fe0": {"win": 81, "loss": 19, "draw": 0, "win_rate": 83.5}, "\u5143\u7d20\u6cd5\u5e2b": {"win": 63, "loss": 37, "draw": 0, "win_rate": 64.5}, "\u8352\u795e": {"win": 98, "loss": 2, "draw": 0, "win_rate": 95.5}, "\u661f\u795e": {"win": 92, "loss": 8, "draw": 0, "win_rate": 94.5}}, "\u523a\u5ba2": {"\u8056\u9a0e\u58eb": {"win": 39, "loss": 61, "draw": 0, "win_rate": 42.0}, "\u6cd5\u5e2b": {"win": 10, "loss": 90, "draw": 0, "win_rate": 8.5}, "\u5f13\u7bad\u624b": {"win": 55, "loss": 45, "draw": 0, "win_rate": 51.0}, "\u72c2\u6230\u58eb": {"win": 57, "loss": 43, "draw": 0, "win_rate": 56.5}, "\u9f8d\u795e": {"win": 14, "loss": 86, "draw": 0, "win_rate": 13.0}, "\u8840\u795e": {"win": 27, "loss": 73, "draw": 0, "win_rate": 26.5}, "\u525b\u6bc5\u6b66\u58eb": {"win": 0, "loss": 100, "draw": 0, "win_rate": 0.5}, "\u9be8\u541e": {"win": 34, "loss": 66, "draw": 0, "win_rate": 39.0}, "\u8352\u539f\u904a\u4fe0": {"win": 47, "loss": 53, "draw": 0, "win_rate": 44.5}, "\u5143\u7d20\u6cd5\u5e2b": {"win": 14, "loss": 86, "draw": 0, "win_rate": 13.0}, "\u8352\u795e": {"win": 69, "loss": 31, "draw": 0, "win_rate": 69.0}, "\u661f\u795e": {"win": 41, "loss": 59, "draw": 0, "win_rate": 37.5}}, "\u5f13\u7bad\u624b": {"\u8056\u9a0e\u58eb": {"win": 66, "loss": 34, "draw": 0, "win_rate": 67.75}, "\u6cd5\u5e2b": {"win": 26, "loss": 74, "draw": 0, "win_rate": 24.5}, "\u523a\u5ba2": {"win": 53, "loss": 47, "draw": 0, "win_rate": 51.0}, "\u72c2\u6230\u58eb": {"win": 59, "loss": 41, "draw": 0, "win_rate": 60.0}, "\u9f8d\u795e": {"win": 36, "loss": 64, "draw": 0, "win_rate": 37.0}, "\u8840\u795e": {"win": 66, "loss": 34, "draw": 0, "win_rate": 68.0}, "\u525b\u6bc5\u6b66\u58eb": {"win": 60, "loss": 40, "draw": 0, "win_rate": 57.5}, "\u9be8\u541e": {"win": 22, "loss": 78, "draw": 0, "win_rate": 24.5}, "\u8352\u539f\u904a\u4fe0": {"win": 34, "loss": 66, "draw": 0, "win_rate": 34.0}, "\u5143\u7d20\u6cd5\u5e2b": {"win": 26, "loss": 74, "draw": 0, "win_rate": 24.5}, "\u8352\u795e": {"win": 85, "loss": 15, "draw": 0, "win_rate": 83.5}, "\u661f\u795e": {"win": 48, "loss": 52, "draw": 0, "win_rate": 49.0}}, "\u72c2\u6230\u58eb": {"\u8056\u9a0e\u58eb": {"win": 11, "loss": 89, "draw": 0, "win_rate": 12.75}, "\u6cd5\u5e2b": {"win": 24, "loss": 76, "draw": 0, "win_rate": 22.75}, "\u523a\u5ba2": {"win": 44, "loss": 56, "draw": 0, "win_rate": 43.75}, "\u5f13\u7bad\u624b": {"win": 39, "loss": 61, "draw": 0, "win_rate": 39.5}, "\u9f8d\u795e": {"win": 5, "loss": 95, "draw": 0, "win_rate": 7.5}, "\u8840\u795e": {"win": 16, "loss": 84, "draw": 0, "win_rate": 18.0}, "\u525b\u6bc5\u6b66\u58eb": {"win": 5, "loss": 95, "draw": 0, "win_rate": 6.0}, "\u9be8\u541e": {"win": 14, "loss": 86, "draw": 0, "win_rate": 13.0}, "\u8352\u539f\u904a\u4fe0": {"win": 31, "loss": 69, "draw": 0, "win_rate": 26.5}, "\u5143\u7d20\u6cd5\u5e2b": {"win": 29, "loss": 71, "draw": 0, "win_rate": 21.5}, "\u8352\u795e": {"win": 39, "loss": 61, "draw": 0, "win_rate": 38.5}, "\u661f\u795e": {"win": 24, "loss": 76, "draw": 0, "win_rate": 20.5}}, "\u9f8d\u795e": {"\u8056\u9a0e\u58eb": {"win": 91, "loss": 9, "draw": 0, "win_rate": 91.75}, "\u6cd5\u5e2b": {"win": 32, "loss": 68, "draw": 0, "win_rate": 32.0}, "\u523a\u5ba2": {"win": 88, "loss": 12, "draw": 0, "win_rate": 87.5}, "\u5f13\u7bad\u624b": {"win": 62, "loss": 38, "draw": 0, "win_rate": 62.5}, "\u72c2\u6230\u58eb": {"win": 90, "loss": 10, "draw": 0, "win_rate": 91.25}, "\u8840\u795e": {"win": 67, "loss": 33, "draw": 0, "win_rate": 69.0}, "\u525b\u6bc5\u6b66\u58eb": {"win": 29, "loss": 71, "draw": 0, "win_rate": 27.5}, "\u9be8\u541e": {"win": 81, "loss": 19, "draw": 0, "win_rate": 81.5}, "\u8352\u539f\u904a\u4fe0": {"win": 82, "loss": 18, "draw": 0, "win_rate": 83.0}, "\u5143\u7d20\u6cd5\u5e2b": {"win": 73, "loss": 27, "draw": 0, "win_rate": 71.0}, "\u8352\u795e": {"win": 96, "loss": 4, "draw": 0, "win_rate": 94.0}, "\u661f\u795e": {"win": 50, "loss": 50, "draw": 0, "win_rate": 51.5}}, "\u8840\u795e": {"\u8056\u9a0e\u58eb": {"win": 58, "loss": 42, "draw": 0, "win_rate": 56.26041666666666}, "\u6cd5\u5e2b": {"win": 28, "loss": 72, "draw": 0, "win_rate": 29.25}, "\u523a\u5ba2": {"win": 74, "loss": 26, "draw": 0, "win_rate": 73.75}, "\u5f13\u7bad\u624b": {"win": 30, "loss": 70, "draw": 0, "win_rate": 31.0}, "\u72c2\u6230\u58eb": {"win": 80, "loss": 20, "draw": 0, "win_rate": 81.0}, "\u9f8d\u795e": {"win": 29, "loss": 71, "draw": 0, "win_rate": 30.0}, "\u525b\u6bc5\u6b66\u58eb": {"win": 10, "loss": 88, "draw": 2, "win_rate": 14.192949907235617}, "\u9be8\u541e": {"win": 66, "loss": 34, "draw": 0, "win_rate": 66.5}, "\u8352\u539f\u904a\u4fe0": {"win": 75, "loss": 25, "draw": 0, "win_rate": 75.5}, "\u5143\u7d20\u6cd5\u5e2b": {"win": 44, "loss": 56, "draw": 0, "win_rate": 46.5}, "\u8352\u795e": {"win": 65, "loss": 35, "draw": 0, "win_rate": 60.0}, "\u661f\u795e": {"win": 16, "loss": 84, "draw": 0, "win_rate": 14.5}}, "\u525b\u6bc5\u6b66\u58eb": {"\u8056\u9a0e\u58eb": {"win": 54, "loss": 0, "draw": 46, "win_rate": 100.0}, "\u6cd5\u5e2b": {"win": 87, "loss": 13, "draw": 0, "win_rate": 86.75}, "\u523a\u5ba2": {"win": 99, "loss": 1, "draw": 0, "win_rate": 99.25}, "\u5f13\u7bad\u624b": {"win": 45, "loss": 55,