{"data": {"env_evaluation": {"ehi": 0.874, "esi": 0.989, "mpi": 0.633, "avg_rounds": 9.707692307692307}, "profession_evaluation": {"\u8056\u9a0e\u58eb": {"EIR": 21.3, "Advanced NAS": -0.408, "MSI": 0.7, "PI20": 0.67, "AVG_WR": 51.724137931034484}, "\u6cd5\u5e2b": {"EIR": 49.11, "Advanced NAS": 1.09, "MSI": 0.72, "PI20": 0.42, "AVG_WR": 71.66666666666667}, "\u523a\u5ba2": {"EIR": 8.8, "Advanced NAS": -0.879, "MSI": 0.73, "PI20": 0.42, "AVG_WR": 35.0}, "\u5f13\u7bad\u624b": {"EIR": 28.66, "Advanced NAS": -0.095, "MSI": 0.76, "PI20": 0.5, "AVG_WR": 56.666666666666664}, "\u72c2\u6230\u58eb": {"EIR": 2.45, "Advanced NAS": -1.082, "MSI": 0.8, "PI20": 0.42, "AVG_WR": 25.0}, "\u9f8d\u795e": {"EIR": 49.86, "Advanced NAS": 1.29, "MSI": 0.79, "PI20": 0.25, "AVG_WR": 73.33333333333333}, "\u8840\u795e": {"EIR": 19.71, "Advanced NAS": -0.181, "MSI": 0.77, "PI20": 0.42, "AVG_WR": 55.00000000000001}, "\u525b\u6bc5\u6b66\u58eb": {"EIR": 53.27, "Advanced NAS": 2.507, "MSI": 0.82, "PI20": 0.17, "AVG_WR": 81.03448275862068}, "\u9be8\u541e": {"EIR": 15.93, "Advanced NAS": -0.838, "MSI": 0.76, "PI20": 0.5, "AVG_WR": 36.666666666666664}, "\u8352\u539f\u904a\u4fe0": {"EIR": 19.71, "Advanced NAS": -0.595, "MSI": 0.75, "PI20": 0.5, "AVG_WR": 45.0}, "\u5143\u7d20\u6cd5\u5e2b": {"EIR": 33.05, "Advanced NAS": -0.001, "MSI": 0.68, "PI20": 0.75, "AVG_WR": 58.333333333333336}, "\u8352\u795e": {"EIR": 7.86, "Advanced NAS": -0.806, "MSI": 0.74, "PI20": 0.5, "AVG_WR": 37.28813559322034}, "\u661f\u795e": {"EIR": 32.14, "Advanced NAS": -0.001, "MSI": 0.72, "PI20": 0.58, "AVG_WR": 58.333333333333336}}, "combine_win_rate_table": {"\u8056\u9a0e\u58eb": {"\u6cd5\u5e2b": {"win": 1, "loss": 4, "draw": 0, "win_rate": 20.0}, "\u523a\u5ba2": {"win": 3, "loss": 2, "draw": 0, "win_rate": 60.0}, "\u5f13\u7bad\u624b": {"win": 3, "loss": 2, "draw": 0, "win_rate": 60.0}, "\u72c2\u6230\u58eb": {"win": 5, "loss": 0, "draw": 0, "win_rate": 100.0}, "\u9f8d\u795e": {"win": 1, "loss": 4, "draw": 0, "win_rate": 20.0}, "\u8840\u795e": {"win": 4, "loss": 1, "draw": 0, "win_rate": 80.0}, "\u525b\u6bc5\u6b66\u58eb": {"win": 0, "loss": 3, "draw": 2, "win_rate": 0.0}, "\u9be8\u541e": {"win": 4, "loss": 1, "draw": 0, "win_rate": 80.0}, "\u8352\u539f\u904a\u4fe0": {"win": 4, "loss": 1, "draw": 0, "win_rate": 80.0}, "\u5143\u7d20\u6cd5\u5e2b": {"win": 1, "loss": 4, "draw": 0, "win_rate": 20.0}, "\u8352\u795e": {"win": 2, "loss": 3, "draw": 0, "win_rate": 40.0}, "\u661f\u795e": {"win": 2, "loss": 3, "draw": 0, "win_rate": 40.0}}, "\u6cd5\u5e2b": {"\u8056\u9a0e\u58eb": {"win": 4, "loss": 1, "draw": 0, "win_rate": 80.0}, "\u523a\u5ba2": {"win": 5, "loss": 0, "draw": 0, "win_rate": 100.0}, "\u5f13\u7bad\u624b": {"win": 3, "loss": 2, "draw": 0, "win_rate": 60.0}, "\u72c2\u6230\u58eb": {"win": 4, "loss": 1, "draw": 0, "win_rate": 80.0}, "\u9f8d\u795e": {"win": 4, "loss": 1, "draw": 0, "win_rate": 80.0}, "\u8840\u795e": {"win": 4, "loss": 1, "draw": 0, "win_rate": 80.0}, "\u525b\u6bc5\u6b66\u58eb": {"win": 0, "loss": 5, "draw": 0, "win_rate": 0.0}, "\u9be8\u541e": {"win": 2, "loss": 3, "draw": 0, "win_rate": 40.0}, "\u8352\u539f\u904a\u4fe0": {"win": 3, "loss": 2, "draw": 0, "win_rate": 60.0}, "\u5143\u7d20\u6cd5\u5e2b": {"win": 4, "loss": 1, "draw": 0, "win_rate": 80.0}, "\u8352\u795e": {"win": 5, "loss": 0, "draw": 0, "win_rate": 100.0}, "\u661f\u795e": {"win": 5, "loss": 0, "draw": 0, "win_rate": 100.0}}, "\u523a\u5ba2": {"\u8056\u9a0e\u58eb": {"win": 2, "loss": 3, "draw": 0, "win_rate": 40.0}, "\u6cd5\u5e2b": {"win": 1, "loss": 4, "draw": 0, "win_rate": 20.0}, "\u5f13\u7bad\u624b": {"win": 3, "loss": 2, "draw": 0, "win_rate": 60.0}, "\u72c2\u6230\u58eb": {"win": 2, "loss": 3, "draw": 0, "win_rate": 40.0}, "\u9f8d\u795e": {"win": 0, "loss": 5, "draw": 0, "win_rate": 0.0}, "\u8840\u795e": {"win": 2, "loss": 3, "draw": 0, "win_rate": 40.0}, "\u525b\u6bc5\u6b66\u58eb": {"win": 0, "loss": 5, "draw": 0, "win_rate": 0.0}, "\u9be8\u541e": {"win": 5, "loss": 0, "draw": 0, "win_rate": 100.0}, "\u8352\u539f\u904a\u4fe0": {"win": 2, "loss": 3, "draw": 0, "win_rate": 40.0}, "\u5143\u7d20\u6cd5\u5e2b": {"win": 0, "loss": 5, "draw": 0, "win_rate": 0.0}, "\u8352\u795e": {"win": 2, "loss": 3, "draw": 0, "win_rate": 40.0}, "\u661f\u795e": {"win": 2, "loss": 3, "draw": 0, "win_rate": 40.0}}, "\u5f13\u7bad\u624b": {"\u8056\u9a0e\u58eb": {"win": 4, "loss": 1, "draw": 0, "win_rate": 80.0}, "\u6cd5\u5e2b": {"win": 1, "loss": 4, "draw": 0, "win_rate": 20.0}, "\u523a\u5ba2": {"win": 3, "loss": 2, "draw": 0, "win_rate": 60.0}, "\u72c2\u6230\u58eb": {"win": 3, "loss": 2, "draw": 0, "win_rate": 60.0}, "\u9f8d\u795e": {"win": 2, "loss": 3, "draw": 0, "win_rate": 40.0}, "\u8840\u795e": {"win": 4, "loss": 1, "draw": 0, "win_rate": 80.0}, "\u525b\u6bc5\u6b66\u58eb": {"win": 4, "loss": 1, "draw": 0, "win_rate": 80.0}, "\u9be8\u541e": {"win": 1, "loss": 4, "draw": 0, "win_rate": 20.0}, "\u8352\u539f\u904a\u4fe0": {"win": 3, "loss": 2, "draw": 0, "win_rate": 60.0}, "\u5143\u7d20\u6cd5\u5e2b": {"win": 2, "loss": 3, "draw": 0, "win_rate": 40.0}, "\u8352\u795e": {"win": 5, "loss": 0, "draw": 0, "win_rate": 100.0}, "\u661f\u795e": {"win": 2, "loss": 3, "draw": 0, "win_rate": 40.0}}, "\u72c2\u6230\u58eb": {"\u8056\u9a0e\u58eb": {"win": 0, "loss": 5, "draw": 0, "win_rate": 0.0}, "\u6cd5\u5e2b": {"win": 1, "loss": 4, "draw": 0, "win_rate": 20.0}, "\u523a\u5ba2": {"win": 3, "loss": 2, "draw": 0, "win_rate": 60.0}, "\u5f13\u7bad\u624b": {"win": 2, "loss": 3, "draw": 0, "win_rate": 40.0}, "\u9f8d\u795e": {"win": 1, "loss": 4, "draw": 0, "win_rate": 20.0}, "\u8840\u795e": {"win": 2, "loss": 3, "draw": 0, "win_rate": 40.0}, "\u525b\u6bc5\u6b66\u58eb": {"win": 0, "loss": 5, "draw": 0, "win_rate": 0.0}, "\u9be8\u541e": {"win": 0, "loss": 5, "draw": 0, "win_rate": 0.0}, "\u8352\u539f\u904a\u4fe0": {"win": 2, "loss": 3, "draw": 0, "win_rate": 40.0}, "\u5143\u7d20\u6cd5\u5e2b": {"win": 2, "loss": 3, "draw": 0, "win_rate": 40.0}, "\u8352\u795e": {"win": 2, "loss": 3, "draw": 0, "win_rate": 40.0}, "\u661f\u795e": {"win": 0, "loss": 5, "draw": 0, "win_rate": 0.0}}, "\u9f8d\u795e": {"\u8056\u9a0e\u58eb": {"win": 4, "loss": 1, "draw": 0, "win_rate": 80.0}, "\u6cd5\u5e2b": {"win": 1, "loss": 4, "draw": 0, "win_rate": 20.0}, "\u523a\u5ba2": {"win": 4, "loss": 1, "draw": 0, "win_rate": 80.0}, "\u5f13\u7bad\u624b": {"win": 3, "loss": 2, "draw": 0, "win_rate": 60.0}, "\u72c2\u6230\u58eb": {"win": 4, "loss": 1, "draw": 0, "win_rate": 80.0}, "\u8840\u795e": {"win": 4, "loss": 1, "draw": 0, "win_rate": 80.0}, "\u525b\u6bc5\u6b66\u58eb": {"win": 3, "loss": 2, "draw": 0, "win_rate": 60.0}, "\u9be8\u541e": {"win": 5, "loss": 0, "draw": 0, "win_rate": 100.0}, "\u8352\u539f\u904a\u4fe0": {"win": 4, "loss": 1, "draw": 0, "win_rate": 80.0}, "\u5143\u7d20\u6cd5\u5e2b": {"win": 3, "loss": 2, "draw": 0, "win_rate": 60.0}, "\u8352\u795e": {"win": 5, "loss": 0, "draw": 0, "win_rate": 100.0}, "\u661f\u795e": {"win": 4, "loss": 1, "draw": 0, "win_rate": 80.0}}, "\u8840\u795e": {"\u8056\u9a0e\u58eb": {"win": 2, "loss": 3, "draw": 0, "win_rate": 40.0}, "\u6cd5\u5e2b": {"win": 3, "loss": 2, "draw": 0, "win_rate": 60.0}, "\u523a\u5ba2": {"win": 4, "loss": 1, "draw": 0, "win_rate": 80.0}, "\u5f13\u7bad\u624b": {"win": 2, "loss": 3, "draw": 0, "win_rate": 40.0}, "\u72c2\u6230\u58eb": {"win": 4, "loss": 1, "draw": 0, "win_rate": 80.0}, "\u9f8d\u795e": {"win": 1, "loss": 4, "draw": 0, "win_rate": 20.0}, "\u525b\u6bc5\u6b66\u58eb": {"win": 3, "loss": 2, "draw": 0, "win_rate": 60.0}, "\u9be8\u541e": {"win": 3, "loss": 2, "draw": 0, "win_rate": 60.0}, "\u8352\u539f\u904a\u4fe0": {"win": 2, "loss": 3, "draw": 0, "win_rate": 40.0}, "\u5143\u7d20\u6cd5\u5e2b": {"win": 3, "loss": 2, "draw": 0, "win_rate": 60.0}, "\u8352\u795e": {"win": 5, "loss": 0, "draw": 0, "win_rate": 100.0}, "\u661f\u795e": {"win": 1, "loss": 4, "draw": 0, "win_rate": 20.0}}, "\u525b\u6bc5\u6b66\u58eb": {"\u8056\u9a0e\u58eb": {"win": 4, "loss": 0, "draw": 1, "win_rate": 100.0}, "\u6cd5\u5e2b": {"win": 4, "loss": 1, "draw": 0,