{"data": {"env_evaluation": {"ehi": 0.882, "esi": 0.998, "mpi": 0.633, "avg_rounds": 12.001923076923077}, "profession_evaluation": {"\u8056\u9a0e\u58eb": {"EIR": 0.32, "Advanced NAS": -0.372, "MSI": 0.65, "PI20": 0.25, "AVG_WR": 50.0}, "\u6cd5\u5e2b": {"EIR": 0.47, "Advanced NAS": 0.057, "MSI": 0.78, "PI20": 0.67, "AVG_WR": 57.49999999999999}, "\u523a\u5ba2": {"EIR": 0.3, "Advanced NAS": -0.681, "MSI": 0.79, "PI20": 0.58, "AVG_WR": 39.166666666666664}, "\u5f13\u7bad\u624b": {"EIR": 0.54, "Advanced NAS": 1.242, "MSI": 0.73, "PI20": 0.67, "AVG_WR": 72.26890756302521}, "\u72c2\u6230\u58eb": {"EIR": 0.11, "Advanced NAS": -1.128, "MSI": 0.85, "PI20": 0.92, "AVG_WR": 15.126050420168067}, "\u9f8d\u795e": {"EIR": 0.55, "Advanced NAS": 1.383, "MSI": 0.7, "PI20": 0.42, "AVG_WR": 73.33333333333333}, "\u8840\u795e": {"EIR": 0.06, "Advanced NAS": -1.195, "MSI": 0.88, "PI20": 0.92, "AVG_WR": 8.333333333333332}, "\u525b\u6bc5\u6b66\u58eb": {"EIR": 0.45, "Advanced NAS": 0.143, "MSI": 0.76, "PI20": 0.33, "AVG_WR": 59.64912280701754}, "\u9be8\u541e": {"EIR": 0.42, "Advanced NAS": 0.047, "MSI": 0.73, "PI20": 0.42, "AVG_WR": 58.03571428571429}, "\u8352\u539f\u904a\u4fe0": {"EIR": 0.25, "Advanced NAS": -0.738, "MSI": 0.73, "PI20": 0.5, "AVG_WR": 36.97478991596639}, "\u5143\u7d20\u6cd5\u5e2b": {"EIR": 0.41, "Advanced NAS": -0.078, "MSI": 0.76, "PI20": 0.5, "AVG_WR": 55.00000000000001}, "\u8352\u795e": {"EIR": 0.23, "Advanced NAS": -0.888, "MSI": 0.72, "PI20": 0.25, "AVG_WR": 30.252100840336134}, "\u661f\u795e": {"EIR": 0.64, "Advanced NAS": 2.209, "MSI": 0.77, "PI20": 0.58, "AVG_WR": 79.16666666666666}}, "combine_win_rate_table": {"\u8056\u9a0e\u58eb": {"\u6cd5\u5e2b": {"win": 3, "loss": 7, "draw": 0, "win_rate": 30.0}, "\u523a\u5ba2": {"win": 8, "loss": 2, "draw": 0, "win_rate": 80.0}, "\u5f13\u7bad\u624b": {"win": 2, "loss": 7, "draw": 1, "win_rate": 22.22222222222222}, "\u72c2\u6230\u58eb": {"win": 10, "loss": 0, "draw": 0, "win_rate": 100.0}, "\u9f8d\u795e": {"win": 1, "loss": 9, "draw": 0, "win_rate": 10.0}, "\u8840\u795e": {"win": 10, "loss": 0, "draw": 0, "win_rate": 100.0}, "\u525b\u6bc5\u6b66\u58eb": {"win": 0, "loss": 5, "draw": 5, "win_rate": 0.0}, "\u9be8\u541e": {"win": 3, "loss": 1, "draw": 6, "win_rate": 75.0}, "\u8352\u539f\u904a\u4fe0": {"win": 7, "loss": 3, "draw": 0, "win_rate": 70.0}, "\u5143\u7d20\u6cd5\u5e2b": {"win": 5, "loss": 5, "draw": 0, "win_rate": 50.0}, "\u8352\u795e": {"win": 4, "loss": 5, "draw": 1, "win_rate": 44.44444444444444}, "\u661f\u795e": {"win": 0, "loss": 9, "draw": 1, "win_rate": 0.0}}, "\u6cd5\u5e2b": {"\u8056\u9a0e\u58eb": {"win": 4, "loss": 6, "draw": 0, "win_rate": 40.0}, "\u523a\u5ba2": {"win": 6, "loss": 4, "draw": 0, "win_rate": 60.0}, "\u5f13\u7bad\u624b": {"win": 6, "loss": 4, "draw": 0, "win_rate": 60.0}, "\u72c2\u6230\u58eb": {"win": 8, "loss": 2, "draw": 0, "win_rate": 80.0}, "\u9f8d\u795e": {"win": 6, "loss": 4, "draw": 0, "win_rate": 60.0}, "\u8840\u795e": {"win": 7, "loss": 3, "draw": 0, "win_rate": 70.0}, "\u525b\u6bc5\u6b66\u58eb": {"win": 3, "loss": 7, "draw": 0, "win_rate": 30.0}, "\u9be8\u541e": {"win": 1, "loss": 9, "draw": 0, "win_rate": 10.0}, "\u8352\u539f\u904a\u4fe0": {"win": 5, "loss": 5, "draw": 0, "win_rate": 50.0}, "\u5143\u7d20\u6cd5\u5e2b": {"win": 7, "loss": 3, "draw": 0, "win_rate": 70.0}, "\u8352\u795e": {"win": 10, "loss": 0, "draw": 0, "win_rate": 100.0}, "\u661f\u795e": {"win": 6, "loss": 4, "draw": 0, "win_rate": 60.0}}, "\u523a\u5ba2": {"\u8056\u9a0e\u58eb": {"win": 1, "loss": 9, "draw": 0, "win_rate": 10.0}, "\u6cd5\u5e2b": {"win": 4, "loss": 6, "draw": 0, "win_rate": 40.0}, "\u5f13\u7bad\u624b": {"win": 4, "loss": 6, "draw": 0, "win_rate": 40.0}, "\u72c2\u6230\u58eb": {"win": 5, "loss": 5, "draw": 0, "win_rate": 50.0}, "\u9f8d\u795e": {"win": 1, "loss": 9, "draw": 0, "win_rate": 10.0}, "\u8840\u795e": {"win": 8, "loss": 2, "draw": 0, "win_rate": 80.0}, "\u525b\u6bc5\u6b66\u58eb": {"win": 3, "loss": 7, "draw": 0, "win_rate": 30.0}, "\u9be8\u541e": {"win": 2, "loss": 8, "draw": 0, "win_rate": 20.0}, "\u8352\u539f\u904a\u4fe0": {"win": 6, "loss": 4, "draw": 0, "win_rate": 60.0}, "\u5143\u7d20\u6cd5\u5e2b": {"win": 6, "loss": 4, "draw": 0, "win_rate": 60.0}, "\u8352\u795e": {"win": 5, "loss": 5, "draw": 0, "win_rate": 50.0}, "\u661f\u795e": {"win": 2, "loss": 8, "draw": 0, "win_rate": 20.0}}, "\u5f13\u7bad\u624b": {"\u8056\u9a0e\u58eb": {"win": 9, "loss": 1, "draw": 0, "win_rate": 90.0}, "\u6cd5\u5e2b": {"win": 7, "loss": 3, "draw": 0, "win_rate": 70.0}, "\u523a\u5ba2": {"win": 8, "loss": 2, "draw": 0, "win_rate": 80.0}, "\u72c2\u6230\u58eb": {"win": 10, "loss": 0, "draw": 0, "win_rate": 100.0}, "\u9f8d\u795e": {"win": 3, "loss": 7, "draw": 0, "win_rate": 30.0}, "\u8840\u795e": {"win": 10, "loss": 0, "draw": 0, "win_rate": 100.0}, "\u525b\u6bc5\u6b66\u58eb": {"win": 9, "loss": 1, "draw": 0, "win_rate": 90.0}, "\u9be8\u541e": {"win": 5, "loss": 4, "draw": 1, "win_rate": 55.55555555555556}, "\u8352\u539f\u904a\u4fe0": {"win": 8, "loss": 2, "draw": 0, "win_rate": 80.0}, "\u5143\u7d20\u6cd5\u5e2b": {"win": 7, "loss": 3, "draw": 0, "win_rate": 70.0}, "\u8352\u795e": {"win": 9, "loss": 1, "draw": 0, "win_rate": 90.0}, "\u661f\u795e": {"win": 1, "loss": 9, "draw": 0, "win_rate": 10.0}}, "\u72c2\u6230\u58eb": {"\u8056\u9a0e\u58eb": {"win": 0, "loss": 10, "draw": 0, "win_rate": 0.0}, "\u6cd5\u5e2b": {"win": 1, "loss": 9, "draw": 0, "win_rate": 10.0}, "\u523a\u5ba2": {"win": 3, "loss": 7, "draw": 0, "win_rate": 30.0}, "\u5f13\u7bad\u624b": {"win": 2, "loss": 8, "draw": 0, "win_rate": 20.0}, "\u9f8d\u795e": {"win": 0, "loss": 10, "draw": 0, "win_rate": 0.0}, "\u8840\u795e": {"win": 5, "loss": 5, "draw": 0, "win_rate": 50.0}, "\u525b\u6bc5\u6b66\u58eb": {"win": 1, "loss": 9, "draw": 0, "win_rate": 10.0}, "\u9be8\u541e": {"win": 0, "loss": 10, "draw": 0, "win_rate": 0.0}, "\u8352\u539f\u904a\u4fe0": {"win": 0, "loss": 9, "draw": 1, "win_rate": 0.0}, "\u5143\u7d20\u6cd5\u5e2b": {"win": 1, "loss": 9, "draw": 0, "win_rate": 10.0}, "\u8352\u795e": {"win": 3, "loss": 7, "draw": 0, "win_rate": 30.0}, "\u661f\u795e": {"win": 2, "loss": 8, "draw": 0, "win_rate": 20.0}}, "\u9f8d\u795e": {"\u8056\u9a0e\u58eb": {"win": 7, "loss": 3, "draw": 0, "win_rate": 70.0}, "\u6cd5\u5e2b": {"win": 10, "loss": 0, "draw": 0, "win_rate": 100.0}, "\u523a\u5ba2": {"win": 10, "loss": 0, "draw": 0, "win_rate": 100.0}, "\u5f13\u7bad\u624b": {"win": 6, "loss": 4, "draw": 0, "win_rate": 60.0}, "\u72c2\u6230\u58eb": {"win": 10, "loss": 0, "draw": 0, "win_rate": 100.0}, "\u8840\u795e": {"win": 10, "loss": 0, "draw": 0, "win_rate": 100.0}, "\u525b\u6bc5\u6b66\u58eb": {"win": 4, "loss": 6, "draw": 0, "win_rate": 40.0}, "\u9be8\u541e": {"win": 6, "loss": 4, "draw": 0, "win_rate": 60.0}, "\u8352\u539f\u904a\u4fe0": {"win": 6, "loss": 4, "draw": 0, "win_rate": 60.0}, "\u5143\u7d20\u6cd5\u5e2b": {"win": 9, "loss": 1, "draw": 0, "win_rate": 90.0}, "\u8352\u795e": {"win": 10, "loss": 0, "draw": 0, "win_rate": 100.0}, "\u661f\u795e": {"win": 0, "loss": 10, "draw": 0, "win_rate": 0.0}}, "\u8840\u795e": {"\u8056\u9a0e\u58eb": {"win": 0, "loss": 10, "draw": 0, "win_rate": 0.0}, "\u6cd5\u5e2b": {"win": 2, "loss": 8, "draw": 0, "win_rate": 20.0}, "\u523a\u5ba2": {"win": 0, "loss": 10, "draw": 0, "win_rate": 0.0}, "\u5f13\u7bad\u624b": {"win": 0, "loss": 10, "draw": 0, "win_rate": 0.0}, "\u72c2\u6230\u58eb": {"win": 4, "loss": 6, "draw": 0, "win_rate": 40.0}, "\u9f8d\u795e": {"win": 0, "loss": 10, "draw": 0, "win_rate": 0.0}, "\u525b\u6bc5\u6b66\u58eb": {"win": 0, "loss": 10, "draw": 0, "win_rate": 0.0}, "\u9be8\u541e": {"win": 1, "loss": 9, "draw": 0, "win_rate": 10.0}, "\u8352\u539f\u904a\u4fe0": {"win": 1, "loss": 9, "draw": 0, "win_rate": 10.0}, "\u5143\u7d20\u6cd5\u5e2b": {"win": 2, "loss": 8, "draw": 0, "win_rate": 20.0}, "\u8352\u795e": {"win": 0, "loss": 10, "draw": 0, "win_rate": 0.0}, "\u661f\u795e": {"win": 0, "loss": 10, "draw": 0, "win_rate": 0.0}}, "\u525b\u6bc5\u6b66\u58eb": {"\u8056\u9a0e\u58eb": {"win": 3, "loss": 3, "draw": 4,