{"data": {"env_evaluation": {"ehi": 0.874, "esi": 0.998, "mpi": 0.467, "avg_rounds": 10.63525641025641}, "profession_evaluation": {"\u8056\u9a0e\u58eb": {"EIR": 0.34, "Advanced NAS": -0.366, "MSI": 0.66, "PI20": 0.75, "AVG_WR": 46.666666666666664}, "\u6cd5\u5e2b": {"EIR": 0.46, "Advanced NAS": 0.176, "MSI": 0.73, "PI20": 0.58, "AVG_WR": 57.98319327731093}, "\u523a\u5ba2": {"EIR": 0.41, "Advanced NAS": -0.195, "MSI": 0.79, "PI20": 0.42, "AVG_WR": 50.83333333333333}, "\u5f13\u7bad\u624b": {"EIR": 0.58, "Advanced NAS": 1.296, "MSI": 0.81, "PI20": 0.33, "AVG_WR": 71.66666666666667}, "\u72c2\u6230\u58eb": {"EIR": 0.18, "Advanced NAS": -0.992, "MSI": 0.82, "PI20": 0.5, "AVG_WR": 21.666666666666668}, "\u9f8d\u795e": {"EIR": 0.43, "Advanced NAS": 0.095, "MSI": 0.72, "PI20": 0.58, "AVG_WR": 56.666666666666664}, "\u8840\u795e": {"EIR": 0.16, "Advanced NAS": -0.986, "MSI": 0.74, "PI20": 0.58, "AVG_WR": 21.84873949579832}, "\u525b\u6bc5\u6b66\u58eb": {"EIR": 0.5, "Advanced NAS": 0.351, "MSI": 0.77, "PI20": 0.25, "AVG_WR": 60.83333333333333}, "\u9be8\u541e": {"EIR": 0.32, "Advanced NAS": -0.564, "MSI": 0.74, "PI20": 0.58, "AVG_WR": 40.833333333333336}, "\u8352\u539f\u904a\u4fe0": {"EIR": 0.34, "Advanced NAS": -0.456, "MSI": 0.75, "PI20": 0.58, "AVG_WR": 44.166666666666664}, "\u5143\u7d20\u6cd5\u5e2b": {"EIR": 0.36, "Advanced NAS": -0.427, "MSI": 0.77, "PI20": 0.25, "AVG_WR": 45.0}, "\u8352\u795e": {"EIR": 0.26, "Advanced NAS": -0.725, "MSI": 0.7, "PI20": 0.67, "AVG_WR": 35.0}, "\u661f\u795e": {"EIR": 0.67, "Advanced NAS": 2.792, "MSI": 0.8, "PI20": 0.17, "AVG_WR": 81.66666666666667}}, "combine_win_rate_table": {"\u8056\u9a0e\u58eb": {"\u6cd5\u5e2b": {"win": 7, "loss": 3, "draw": 0, "win_rate": 70.0}, "\u523a\u5ba2": {"win": 1, "loss": 9, "draw": 0, "win_rate": 10.0}, "\u5f13\u7bad\u624b": {"win": 3, "loss": 7, "draw": 0, "win_rate": 30.0}, "\u72c2\u6230\u58eb": {"win": 10, "loss": 0, "draw": 0, "win_rate": 100.0}, "\u9f8d\u795e": {"win": 3, "loss": 7, "draw": 0, "win_rate": 30.0}, "\u8840\u795e": {"win": 9, "loss": 1, "draw": 0, "win_rate": 90.0}, "\u525b\u6bc5\u6b66\u58eb": {"win": 0, "loss": 10, "draw": 0, "win_rate": 0.0}, "\u9be8\u541e": {"win": 7, "loss": 3, "draw": 0, "win_rate": 70.0}, "\u8352\u539f\u904a\u4fe0": {"win": 8, "loss": 2, "draw": 0, "win_rate": 80.0}, "\u5143\u7d20\u6cd5\u5e2b": {"win": 6, "loss": 4, "draw": 0, "win_rate": 60.0}, "\u8352\u795e": {"win": 2, "loss": 8, "draw": 0, "win_rate": 20.0}, "\u661f\u795e": {"win": 0, "loss": 10, "draw": 0, "win_rate": 0.0}}, "\u6cd5\u5e2b": {"\u8056\u9a0e\u58eb": {"win": 8, "loss": 2, "draw": 0, "win_rate": 80.0}, "\u523a\u5ba2": {"win": 5, "loss": 5, "draw": 0, "win_rate": 50.0}, "\u5f13\u7bad\u624b": {"win": 5, "loss": 5, "draw": 0, "win_rate": 50.0}, "\u72c2\u6230\u58eb": {"win": 10, "loss": 0, "draw": 0, "win_rate": 100.0}, "\u9f8d\u795e": {"win": 3, "loss": 7, "draw": 0, "win_rate": 30.0}, "\u8840\u795e": {"win": 9, "loss": 1, "draw": 0, "win_rate": 90.0}, "\u525b\u6bc5\u6b66\u58eb": {"win": 1, "loss": 9, "draw": 0, "win_rate": 10.0}, "\u9be8\u541e": {"win": 3, "loss": 7, "draw": 0, "win_rate": 30.0}, "\u8352\u539f\u904a\u4fe0": {"win": 5, "loss": 5, "draw": 0, "win_rate": 50.0}, "\u5143\u7d20\u6cd5\u5e2b": {"win": 6, "loss": 3, "draw": 1, "win_rate": 66.66666666666666}, "\u8352\u795e": {"win": 9, "loss": 1, "draw": 0, "win_rate": 90.0}, "\u661f\u795e": {"win": 5, "loss": 5, "draw": 0, "win_rate": 50.0}}, "\u523a\u5ba2": {"\u8056\u9a0e\u58eb": {"win": 5, "loss": 5, "draw": 0, "win_rate": 50.0}, "\u6cd5\u5e2b": {"win": 4, "loss": 6, "draw": 0, "win_rate": 40.0}, "\u5f13\u7bad\u624b": {"win": 5, "loss": 5, "draw": 0, "win_rate": 50.0}, "\u72c2\u6230\u58eb": {"win": 6, "loss": 4, "draw": 0, "win_rate": 60.0}, "\u9f8d\u795e": {"win": 3, "loss": 7, "draw": 0, "win_rate": 30.0}, "\u8840\u795e": {"win": 10, "loss": 0, "draw": 0, "win_rate": 100.0}, "\u525b\u6bc5\u6b66\u58eb": {"win": 4, "loss": 6, "draw": 0, "win_rate": 40.0}, "\u9be8\u541e": {"win": 2, "loss": 8, "draw": 0, "win_rate": 20.0}, "\u8352\u539f\u904a\u4fe0": {"win": 5, "loss": 5, "draw": 0, "win_rate": 50.0}, "\u5143\u7d20\u6cd5\u5e2b": {"win": 6, "loss": 4, "draw": 0, "win_rate": 60.0}, "\u8352\u795e": {"win": 8, "loss": 2, "draw": 0, "win_rate": 80.0}, "\u661f\u795e": {"win": 3, "loss": 7, "draw": 0, "win_rate": 30.0}}, "\u5f13\u7bad\u624b": {"\u8056\u9a0e\u58eb": {"win": 9, "loss": 1, "draw": 0, "win_rate": 90.0}, "\u6cd5\u5e2b": {"win": 5, "loss": 5, "draw": 0, "win_rate": 50.0}, "\u523a\u5ba2": {"win": 6, "loss": 4, "draw": 0, "win_rate": 60.0}, "\u72c2\u6230\u58eb": {"win": 9, "loss": 1, "draw": 0, "win_rate": 90.0}, "\u9f8d\u795e": {"win": 7, "loss": 3, "draw": 0, "win_rate": 70.0}, "\u8840\u795e": {"win": 10, "loss": 0, "draw": 0, "win_rate": 100.0}, "\u525b\u6bc5\u6b66\u58eb": {"win": 9, "loss": 1, "draw": 0, "win_rate": 90.0}, "\u9be8\u541e": {"win": 6, "loss": 4, "draw": 0, "win_rate": 60.0}, "\u8352\u539f\u904a\u4fe0": {"win": 5, "loss": 5, "draw": 0, "win_rate": 50.0}, "\u5143\u7d20\u6cd5\u5e2b": {"win": 7, "loss": 3, "draw": 0, "win_rate": 70.0}, "\u8352\u795e": {"win": 9, "loss": 1, "draw": 0, "win_rate": 90.0}, "\u661f\u795e": {"win": 4, "loss": 6, "draw": 0, "win_rate": 40.0}}, "\u72c2\u6230\u58eb": {"\u8056\u9a0e\u58eb": {"win": 2, "loss": 8, "draw": 0, "win_rate": 20.0}, "\u6cd5\u5e2b": {"win": 2, "loss": 8, "draw": 0, "win_rate": 20.0}, "\u523a\u5ba2": {"win": 3, "loss": 7, "draw": 0, "win_rate": 30.0}, "\u5f13\u7bad\u624b": {"win": 4, "loss": 6, "draw": 0, "win_rate": 40.0}, "\u9f8d\u795e": {"win": 3, "loss": 7, "draw": 0, "win_rate": 30.0}, "\u8840\u795e": {"win": 5, "loss": 5, "draw": 0, "win_rate": 50.0}, "\u525b\u6bc5\u6b66\u58eb": {"win": 0, "loss": 10, "draw": 0, "win_rate": 0.0}, "\u9be8\u541e": {"win": 0, "loss": 10, "draw": 0, "win_rate": 0.0}, "\u8352\u539f\u904a\u4fe0": {"win": 0, "loss": 10, "draw": 0, "win_rate": 0.0}, "\u5143\u7d20\u6cd5\u5e2b": {"win": 2, "loss": 8, "draw": 0, "win_rate": 20.0}, "\u8352\u795e": {"win": 5, "loss": 5, "draw": 0, "win_rate": 50.0}, "\u661f\u795e": {"win": 0, "loss": 10, "draw": 0, "win_rate": 0.0}}, "\u9f8d\u795e": {"\u8056\u9a0e\u58eb": {"win": 4, "loss": 6, "draw": 0, "win_rate": 40.0}, "\u6cd5\u5e2b": {"win": 5, "loss": 5, "draw": 0, "win_rate": 50.0}, "\u523a\u5ba2": {"win": 7, "loss": 3, "draw": 0, "win_rate": 70.0}, "\u5f13\u7bad\u624b": {"win": 3, "loss": 7, "draw": 0, "win_rate": 30.0}, "\u72c2\u6230\u58eb": {"win": 9, "loss": 1, "draw": 0, "win_rate": 90.0}, "\u8840\u795e": {"win": 9, "loss": 1, "draw": 0, "win_rate": 90.0}, "\u525b\u6bc5\u6b66\u58eb": {"win": 4, "loss": 6, "draw": 0, "win_rate": 40.0}, "\u9be8\u541e": {"win": 9, "loss": 1, "draw": 0, "win_rate": 90.0}, "\u8352\u539f\u904a\u4fe0": {"win": 3, "loss": 7, "draw": 0, "win_rate": 30.0}, "\u5143\u7d20\u6cd5\u5e2b": {"win": 7, "loss": 3, "draw": 0, "win_rate": 70.0}, "\u8352\u795e": {"win": 8, "loss": 2, "draw": 0, "win_rate": 80.0}, "\u661f\u795e": {"win": 0, "loss": 10, "draw": 0, "win_rate": 0.0}}, "\u8840\u795e": {"\u8056\u9a0e\u58eb": {"win": 0, "loss": 10, "draw": 0, "win_rate": 0.0}, "\u6cd5\u5e2b": {"win": 4, "loss": 5, "draw": 1, "win_rate": 44.44444444444444}, "\u523a\u5ba2": {"win": 2, "loss": 8, "draw": 0, "win_rate": 20.0}, "\u5f13\u7bad\u624b": {"win": 0, "loss": 10, "draw": 0, "win_rate": 0.0}, "\u72c2\u6230\u58eb": {"win": 9, "loss": 1, "draw": 0, "win_rate": 90.0}, "\u9f8d\u795e": {"win": 0, "loss": 10, "draw": 0, "win_rate": 0.0}, "\u525b\u6bc5\u6b66\u58eb": {"win": 0, "loss": 10, "draw": 0, "win_rate": 0.0}, "\u9be8\u541e": {"win": 2, "loss": 8, "draw": 0, "win_rate": 20.0}, "\u8352\u539f\u904a\u4fe0": {"win": 4, "loss": 6, "draw": 0, "win_rate": 40.0}, "\u5143\u7d20\u6cd5\u5e2b": {"win": 3, "loss": 7, "draw": 0, "win_rate": 30.0}, "\u8352\u795e": {"win": 2, "loss": 8, "draw": 0, "win_rate": 20.0}, "\u661f\u795e": {"win": 0, "loss": 10, "draw": 0, "win_rate": 0.0}}, "\u525b\u6bc5\u6b66\u58eb": {"\u8056\u9a0e\u58eb": {"win": 5, "loss": 5, "draw": 0, "win_rate": 50.0},