{"data": {"env_evaluation": {"ehi": 0.884, "esi": 0.998, "mpi": 0.411, "avg_rounds": 11.385064102564103}, "profession_evaluation": {"\u8056\u9a0e\u58eb": {"EIR": 0.42, "Advanced NAS": -0.076, "MSI": 0.72, "PI20": 0.42, "AVG_WR": 55.639097744360896}, "\u6cd5\u5e2b": {"EIR": 0.45, "Advanced NAS": -0.052, "MSI": 0.76, "PI20": 0.58, "AVG_WR": 56.04670558798999}, "\u523a\u5ba2": {"EIR": 0.3, "Advanced NAS": -0.69, "MSI": 0.77, "PI20": 0.58, "AVG_WR": 39.416666666666664}, "\u5f13\u7bad\u624b": {"EIR": 0.53, "Advanced NAS": 0.58, "MSI": 0.77, "PI20": 0.58, "AVG_WR": 65.85976627712856}, "\u72c2\u6230\u58eb": {"EIR": 0.14, "Advanced NAS": -1.11, "MSI": 0.85, "PI20": 0.83, "AVG_WR": 17.848206839032528}, "\u9f8d\u795e": {"EIR": 0.51, "Advanced NAS": 0.54, "MSI": 0.74, "PI20": 0.5, "AVG_WR": 65.35564853556485}, "\u8840\u795e": {"EIR": 0.09, "Advanced NAS": -1.156, "MSI": 0.84, "PI20": 0.92, "AVG_WR": 14.09507923269391}, "\u525b\u6bc5\u6b66\u58eb": {"EIR": 0.56, "Advanced NAS": 0.645, "MSI": 0.77, "PI20": 0.67, "AVG_WR": 66.61087866108787}, "\u9be8\u541e": {"EIR": 0.41, "Advanced NAS": -0.196, "MSI": 0.71, "PI20": 0.25, "AVG_WR": 53.31098072087175}, "\u8352\u539f\u904a\u4fe0": {"EIR": 0.31, "Advanced NAS": -0.655, "MSI": 0.76, "PI20": 0.5, "AVG_WR": 40.54054054054054}, "\u5143\u7d20\u6cd5\u5e2b": {"EIR": 0.48, "Advanced NAS": 0.108, "MSI": 0.81, "PI20": 0.58, "AVG_WR": 58.931552587646074}, "\u8352\u795e": {"EIR": 0.29, "Advanced NAS": -0.744, "MSI": 0.73, "PI20": 0.25, "AVG_WR": 37.34335839598997}, "\u661f\u795e": {"EIR": 0.7, "Advanced NAS": 2.806, "MSI": 0.84, "PI20": 0.83, "AVG_WR": 83.29156223893067}}, "combine_win_rate_table": {"\u8056\u9a0e\u58eb": {"\u6cd5\u5e2b": {"win": 52, "loss": 48, "draw": 0, "win_rate": 52.0}, "\u523a\u5ba2": {"win": 70, "loss": 30, "draw": 0, "win_rate": 70.0}, "\u5f13\u7bad\u624b": {"win": 38, "loss": 62, "draw": 0, "win_rate": 38.0}, "\u72c2\u6230\u58eb": {"win": 95, "loss": 5, "draw": 0, "win_rate": 95.0}, "\u9f8d\u795e": {"win": 16, "loss": 84, "draw": 0, "win_rate": 16.0}, "\u8840\u795e": {"win": 93, "loss": 7, "draw": 0, "win_rate": 93.0}, "\u525b\u6bc5\u6b66\u58eb": {"win": 22, "loss": 76, "draw": 2, "win_rate": 22.448979591836736}, "\u9be8\u541e": {"win": 79, "loss": 20, "draw": 1, "win_rate": 79.7979797979798}, "\u8352\u539f\u904a\u4fe0": {"win": 83, "loss": 17, "draw": 0, "win_rate": 83.0}, "\u5143\u7d20\u6cd5\u5e2b": {"win": 60, "loss": 40, "draw": 0, "win_rate": 60.0}, "\u8352\u795e": {"win": 49, "loss": 51, "draw": 0, "win_rate": 49.0}, "\u661f\u795e": {"win": 9, "loss": 91, "draw": 0, "win_rate": 9.0}}, "\u6cd5\u5e2b": {"\u8056\u9a0e\u58eb": {"win": 37, "loss": 63, "draw": 0, "win_rate": 37.0}, "\u523a\u5ba2": {"win": 76, "loss": 24, "draw": 0, "win_rate": 76.0}, "\u5f13\u7bad\u624b": {"win": 41, "loss": 59, "draw": 0, "win_rate": 41.0}, "\u72c2\u6230\u58eb": {"win": 90, "loss": 10, "draw": 0, "win_rate": 90.0}, "\u9f8d\u795e": {"win": 45, "loss": 55, "draw": 0, "win_rate": 45.0}, "\u8840\u795e": {"win": 89, "loss": 11, "draw": 0, "win_rate": 89.0}, "\u525b\u6bc5\u6b66\u58eb": {"win": 31, "loss": 69, "draw": 0, "win_rate": 31.0}, "\u9be8\u541e": {"win": 22, "loss": 78, "draw": 0, "win_rate": 22.0}, "\u8352\u539f\u904a\u4fe0": {"win": 63, "loss": 36, "draw": 1, "win_rate": 63.63636363636363}, "\u5143\u7d20\u6cd5\u5e2b": {"win": 38, "loss": 62, "draw": 0, "win_rate": 38.0}, "\u8352\u795e": {"win": 90, "loss": 10, "draw": 0, "win_rate": 90.0}, "\u661f\u795e": {"win": 50, "loss": 50, "draw": 0, "win_rate": 50.0}}, "\u523a\u5ba2": {"\u8056\u9a0e\u58eb": {"win": 29, "loss": 71, "draw": 0, "win_rate": 28.999999999999996}, "\u6cd5\u5e2b": {"win": 25, "loss": 75, "draw": 0, "win_rate": 25.0}, "\u5f13\u7bad\u624b": {"win": 22, "loss": 78, "draw": 0, "win_rate": 22.0}, "\u72c2\u6230\u58eb": {"win": 74, "loss": 26, "draw": 0, "win_rate": 74.0}, "\u9f8d\u795e": {"win": 34, "loss": 66, "draw": 0, "win_rate": 34.0}, "\u8840\u795e": {"win": 82, "loss": 18, "draw": 0, "win_rate": 82.0}, "\u525b\u6bc5\u6b66\u58eb": {"win": 13, "loss": 87, "draw": 0, "win_rate": 13.0}, "\u9be8\u541e": {"win": 27, "loss": 73, "draw": 0, "win_rate": 27.0}, "\u8352\u539f\u904a\u4fe0": {"win": 52, "loss": 48, "draw": 0, "win_rate": 52.0}, "\u5143\u7d20\u6cd5\u5e2b": {"win": 33, "loss": 67, "draw": 0, "win_rate": 33.0}, "\u8352\u795e": {"win": 69, "loss": 31, "draw": 0, "win_rate": 69.0}, "\u661f\u795e": {"win": 13, "loss": 87, "draw": 0, "win_rate": 13.0}}, "\u5f13\u7bad\u624b": {"\u8056\u9a0e\u58eb": {"win": 58, "loss": 42, "draw": 0, "win_rate": 57.99999999999999}, "\u6cd5\u5e2b": {"win": 55, "loss": 45, "draw": 0, "win_rate": 55.00000000000001}, "\u523a\u5ba2": {"win": 79, "loss": 21, "draw": 0, "win_rate": 79.0}, "\u72c2\u6230\u58eb": {"win": 86, "loss": 14, "draw": 0, "win_rate": 86.0}, "\u9f8d\u795e": {"win": 60, "loss": 40, "draw": 0, "win_rate": 60.0}, "\u8840\u795e": {"win": 96, "loss": 4, "draw": 0, "win_rate": 96.0}, "\u525b\u6bc5\u6b66\u58eb": {"win": 81, "loss": 19, "draw": 0, "win_rate": 81.0}, "\u9be8\u541e": {"win": 45, "loss": 55, "draw": 0, "win_rate": 45.0}, "\u8352\u539f\u904a\u4fe0": {"win": 60, "loss": 38, "draw": 2, "win_rate": 61.224489795918366}, "\u5143\u7d20\u6cd5\u5e2b": {"win": 67, "loss": 33, "draw": 0, "win_rate": 67.0}, "\u8352\u795e": {"win": 94, "loss": 6, "draw": 0, "win_rate": 94.0}, "\u661f\u795e": {"win": 8, "loss": 92, "draw": 0, "win_rate": 8.0}}, "\u72c2\u6230\u58eb": {"\u8056\u9a0e\u58eb": {"win": 4, "loss": 95, "draw": 1, "win_rate": 4.040404040404041}, "\u6cd5\u5e2b": {"win": 15, "loss": 85, "draw": 0, "win_rate": 15.0}, "\u523a\u5ba2": {"win": 35, "loss": 65, "draw": 0, "win_rate": 35.0}, "\u5f13\u7bad\u624b": {"win": 16, "loss": 84, "draw": 0, "win_rate": 16.0}, "\u9f8d\u795e": {"win": 10, "loss": 90, "draw": 0, "win_rate": 10.0}, "\u8840\u795e": {"win": 48, "loss": 52, "draw": 0, "win_rate": 48.0}, "\u525b\u6bc5\u6b66\u58eb": {"win": 10, "loss": 90, "draw": 0, "win_rate": 10.0}, "\u9be8\u541e": {"win": 0, "loss": 100, "draw": 0, "win_rate": 0.0}, "\u8352\u539f\u904a\u4fe0": {"win": 8, "loss": 92, "draw": 0, "win_rate": 8.0}, "\u5143\u7d20\u6cd5\u5e2b": {"win": 22, "loss": 78, "draw": 0, "win_rate": 22.0}, "\u8352\u795e": {"win": 42, "loss": 58, "draw": 0, "win_rate": 42.0}, "\u661f\u795e": {"win": 4, "loss": 96, "draw": 0, "win_rate": 4.0}}, "\u9f8d\u795e": {"\u8056\u9a0e\u58eb": {"win": 75, "loss": 25, "draw": 0, "win_rate": 75.0}, "\u6cd5\u5e2b": {"win": 67, "loss": 33, "draw": 0, "win_rate": 67.0}, "\u523a\u5ba2": {"win": 76, "loss": 24, "draw": 0, "win_rate": 76.0}, "\u5f13\u7bad\u624b": {"win": 45, "loss": 55, "draw": 0, "win_rate": 45.0}, "\u72c2\u6230\u58eb": {"win": 94, "loss": 6, "draw": 0, "win_rate": 94.0}, "\u8840\u795e": {"win": 95, "loss": 5, "draw": 0, "win_rate": 95.0}, "\u525b\u6bc5\u6b66\u58eb": {"win": 36, "loss": 64, "draw": 0, "win_rate": 36.0}, "\u9be8\u541e": {"win": 76, "loss": 23, "draw": 1, "win_rate": 76.76767676767676}, "\u8352\u539f\u904a\u4fe0": {"win": 60, "loss": 37, "draw": 3, "win_rate": 61.855670103092784}, "\u5143\u7d20\u6cd5\u5e2b": {"win": 60, "loss": 39, "draw": 1, "win_rate": 60.60606060606061}, "\u8352\u795e": {"win": 93, "loss": 7, "draw": 0, "win_rate": 93.0}, "\u661f\u795e": {"win": 4, "loss": 96, "draw": 0, "win_rate": 4.0}}, "\u8840\u795e": {"\u8056\u9a0e\u58eb": {"win": 4, "loss": 96, "draw": 0, "win_rate": 4.0}, "\u6cd5\u5e2b": {"win": 8, "loss": 92, "draw": 0, "win_rate": 8.0}, "\u523a\u5ba2": {"win": 15, "loss": 85, "draw": 0, "win_rate": 15.0}, "\u5f13\u7bad\u624b": {"win": 6, "loss": 94, "draw": 0, "win_rate": 6.0}, "\u72c2\u6230\u58eb": {"win": 58, "loss": 42, "draw": 0, "win_rate": 57.99999999999999}, "\u9f8d\u795e": {"win": 3, "loss": 97, "draw": 0, "win_rate": 3.0}, "\u525b\u6bc5\u6b66\u58eb": {"win": 2, "loss": 98, "draw": 0, "win_rate": 2.0}, "\u9be8\u541e": {"win": 6, "loss": 93, "draw": 1, "win_rate": 6.0606060606060606}, "\u8352\u539f\u904a\u4fe0": {"win": 25, "loss": 75, "draw": 0, "win_rate": 25.0}, "\u5143\u7d20\u6cd5\u5e2b": {"win": 10,