{"data": {"env_evaluation": {"ehi": 0.875, "esi": 0.989, "mpi": 0.413, "avg_rounds": 11.882179487179487}, "profession_evaluation": {"\u8056\u9a0e\u58eb": {"EIR": 18.62, "Advanced NAS": -0.426, "MSI": 0.7, "PI20": 0.58, "AVG_WR": 43.36283185840708}, "\u6cd5\u5e2b": {"EIR": 27.53, "Advanced NAS": -0.242, "MSI": 0.8, "PI20": 0.33, "AVG_WR": 50.83333333333333}, "\u523a\u5ba2": {"EIR": 33.8, "Advanced NAS": 0.024, "MSI": 0.82, "PI20": 0.42, "AVG_WR": 58.833333333333336}, "\u5f13\u7bad\u624b": {"EIR": 27.16, "Advanced NAS": -0.237, "MSI": 0.8, "PI20": 0.33, "AVG_WR": 51.0}, "\u72c2\u6230\u58eb": {"EIR": 2.92, "Advanced NAS": -0.655, "MSI": 0.88, "PI20": 0.17, "AVG_WR": 28.666666666666668}, "\u9f8d\u795e": {"EIR": 36.3, "Advanced NAS": 0.177, "MSI": 0.73, "PI20": 0.5, "AVG_WR": 62.33333333333333}, "\u8840\u795e": {"EIR": -5.87, "Advanced NAS": -0.751, "MSI": 0.87, "PI20": 0.08, "AVG_WR": 19.630872483221477}, "\u525b\u6bc5\u6b66\u58eb": {"EIR": 39.41, "Advanced NAS": 0.193, "MSI": 0.74, "PI20": 0.67, "AVG_WR": 61.4853195164076}, "\u9be8\u541e": {"EIR": 9.83, "Advanced NAS": -0.567, "MSI": 0.78, "PI20": 0.5, "AVG_WR": 35.23489932885906}, "\u8352\u539f\u904a\u4fe0": {"EIR": 26.11, "Advanced NAS": -0.251, "MSI": 0.78, "PI20": 0.33, "AVG_WR": 50.5}, "\u5143\u7d20\u6cd5\u5e2b": {"EIR": 31.85, "Advanced NAS": -0.069, "MSI": 0.8, "PI20": 0.33, "AVG_WR": 56.333333333333336}, "\u8352\u795e": {"EIR": 11.95, "Advanced NAS": -0.51, "MSI": 0.69, "PI20": 0.83, "AVG_WR": 38.31932773109244}, "\u661f\u795e": {"EIR": 63.08, "Advanced NAS": 3.315, "MSI": 0.88, "PI20": 0.08, "AVG_WR": 87.81302170283807}}, "combine_win_rate_table": {"\u8056\u9a0e\u58eb": {"\u6cd5\u5e2b": {"win": 19, "loss": 31, "draw": 0, "win_rate": 38.0}, "\u523a\u5ba2": {"win": 17, "loss": 33, "draw": 0, "win_rate": 34.0}, "\u5f13\u7bad\u624b": {"win": 17, "loss": 33, "draw": 0, "win_rate": 34.0}, "\u72c2\u6230\u58eb": {"win": 41, "loss": 9, "draw": 0, "win_rate": 82.0}, "\u9f8d\u795e": {"win": 5, "loss": 45, "draw": 0, "win_rate": 10.0}, "\u8840\u795e": {"win": 38, "loss": 6, "draw": 6, "win_rate": 86.36363636363636}, "\u525b\u6bc5\u6b66\u58eb": {"win": 3, "loss": 29, "draw": 18, "win_rate": 9.375}, "\u9be8\u541e": {"win": 40, "loss": 4, "draw": 6, "win_rate": 90.9090909090909}, "\u8352\u539f\u904a\u4fe0": {"win": 36, "loss": 14, "draw": 0, "win_rate": 72.0}, "\u5143\u7d20\u6cd5\u5e2b": {"win": 14, "loss": 36, "draw": 0, "win_rate": 28.000000000000004}, "\u8352\u795e": {"win": 14, "loss": 32, "draw": 4, "win_rate": 30.434782608695656}, "\u661f\u795e": {"win": 1, "loss": 48, "draw": 1, "win_rate": 2.0408163265306123}}, "\u6cd5\u5e2b": {"\u8056\u9a0e\u58eb": {"win": 29, "loss": 21, "draw": 0, "win_rate": 57.99999999999999}, "\u523a\u5ba2": {"win": 26, "loss": 24, "draw": 0, "win_rate": 52.0}, "\u5f13\u7bad\u624b": {"win": 25, "loss": 25, "draw": 0, "win_rate": 50.0}, "\u72c2\u6230\u58eb": {"win": 35, "loss": 15, "draw": 0, "win_rate": 70.0}, "\u9f8d\u795e": {"win": 25, "loss": 25, "draw": 0, "win_rate": 50.0}, "\u8840\u795e": {"win": 39, "loss": 11, "draw": 0, "win_rate": 78.0}, "\u525b\u6bc5\u6b66\u58eb": {"win": 9, "loss": 41, "draw": 0, "win_rate": 18.0}, "\u9be8\u541e": {"win": 23, "loss": 27, "draw": 0, "win_rate": 46.0}, "\u8352\u539f\u904a\u4fe0": {"win": 20, "loss": 30, "draw": 0, "win_rate": 40.0}, "\u5143\u7d20\u6cd5\u5e2b": {"win": 20, "loss": 30, "draw": 0, "win_rate": 40.0}, "\u8352\u795e": {"win": 43, "loss": 7, "draw": 0, "win_rate": 86.0}, "\u661f\u795e": {"win": 11, "loss": 39, "draw": 0, "win_rate": 22.0}}, "\u523a\u5ba2": {"\u8056\u9a0e\u58eb": {"win": 24, "loss": 26, "draw": 0, "win_rate": 48.0}, "\u6cd5\u5e2b": {"win": 28, "loss": 22, "draw": 0, "win_rate": 56.00000000000001}, "\u5f13\u7bad\u624b": {"win": 26, "loss": 24, "draw": 0, "win_rate": 52.0}, "\u72c2\u6230\u58eb": {"win": 32, "loss": 18, "draw": 0, "win_rate": 64.0}, "\u9f8d\u795e": {"win": 24, "loss": 26, "draw": 0, "win_rate": 48.0}, "\u8840\u795e": {"win": 42, "loss": 8, "draw": 0, "win_rate": 84.0}, "\u525b\u6bc5\u6b66\u58eb": {"win": 17, "loss": 33, "draw": 0, "win_rate": 34.0}, "\u9be8\u541e": {"win": 41, "loss": 9, "draw": 0, "win_rate": 82.0}, "\u8352\u539f\u904a\u4fe0": {"win": 36, "loss": 14, "draw": 0, "win_rate": 72.0}, "\u5143\u7d20\u6cd5\u5e2b": {"win": 27, "loss": 23, "draw": 0, "win_rate": 54.0}, "\u8352\u795e": {"win": 42, "loss": 8, "draw": 0, "win_rate": 84.0}, "\u661f\u795e": {"win": 14, "loss": 36, "draw": 0, "win_rate": 28.000000000000004}}, "\u5f13\u7bad\u624b": {"\u8056\u9a0e\u58eb": {"win": 24, "loss": 26, "draw": 0, "win_rate": 48.0}, "\u6cd5\u5e2b": {"win": 19, "loss": 31, "draw": 0, "win_rate": 38.0}, "\u523a\u5ba2": {"win": 20, "loss": 30, "draw": 0, "win_rate": 40.0}, "\u72c2\u6230\u58eb": {"win": 32, "loss": 18, "draw": 0, "win_rate": 64.0}, "\u9f8d\u795e": {"win": 27, "loss": 23, "draw": 0, "win_rate": 54.0}, "\u8840\u795e": {"win": 44, "loss": 6, "draw": 0, "win_rate": 88.0}, "\u525b\u6bc5\u6b66\u58eb": {"win": 27, "loss": 23, "draw": 0, "win_rate": 54.0}, "\u9be8\u541e": {"win": 29, "loss": 21, "draw": 0, "win_rate": 57.99999999999999}, "\u8352\u539f\u904a\u4fe0": {"win": 15, "loss": 35, "draw": 0, "win_rate": 30.0}, "\u5143\u7d20\u6cd5\u5e2b": {"win": 23, "loss": 27, "draw": 0, "win_rate": 46.0}, "\u8352\u795e": {"win": 41, "loss": 9, "draw": 0, "win_rate": 82.0}, "\u661f\u795e": {"win": 5, "loss": 45, "draw": 0, "win_rate": 10.0}}, "\u72c2\u6230\u58eb": {"\u8056\u9a0e\u58eb": {"win": 11, "loss": 39, "draw": 0, "win_rate": 22.0}, "\u6cd5\u5e2b": {"win": 15, "loss": 35, "draw": 0, "win_rate": 30.0}, "\u523a\u5ba2": {"win": 16, "loss": 34, "draw": 0, "win_rate": 32.0}, "\u5f13\u7bad\u624b": {"win": 14, "loss": 36, "draw": 0, "win_rate": 28.000000000000004}, "\u9f8d\u795e": {"win": 13, "loss": 37, "draw": 0, "win_rate": 26.0}, "\u8840\u795e": {"win": 24, "loss": 26, "draw": 0, "win_rate": 48.0}, "\u525b\u6bc5\u6b66\u58eb": {"win": 12, "loss": 38, "draw": 0, "win_rate": 24.0}, "\u9be8\u541e": {"win": 11, "loss": 39, "draw": 0, "win_rate": 22.0}, "\u8352\u539f\u904a\u4fe0": {"win": 11, "loss": 39, "draw": 0, "win_rate": 22.0}, "\u5143\u7d20\u6cd5\u5e2b": {"win": 16, "loss": 34, "draw": 0, "win_rate": 32.0}, "\u8352\u795e": {"win": 26, "loss": 24, "draw": 0, "win_rate": 52.0}, "\u661f\u795e": {"win": 3, "loss": 47, "draw": 0, "win_rate": 6.0}}, "\u9f8d\u795e": {"\u8056\u9a0e\u58eb": {"win": 44, "loss": 6, "draw": 0, "win_rate": 88.0}, "\u6cd5\u5e2b": {"win": 26, "loss": 24, "draw": 0, "win_rate": 52.0}, "\u523a\u5ba2": {"win": 31, "loss": 19, "draw": 0, "win_rate": 62.0}, "\u5f13\u7bad\u624b": {"win": 26, "loss": 24, "draw": 0, "win_rate": 52.0}, "\u72c2\u6230\u58eb": {"win": 40, "loss": 10, "draw": 0, "win_rate": 80.0}, "\u8840\u795e": {"win": 48, "loss": 2, "draw": 0, "win_rate": 96.0}, "\u525b\u6bc5\u6b66\u58eb": {"win": 14, "loss": 36, "draw": 0, "win_rate": 28.000000000000004}, "\u9be8\u541e": {"win": 42, "loss": 8, "draw": 0, "win_rate": 84.0}, "\u8352\u539f\u904a\u4fe0": {"win": 27, "loss": 23, "draw": 0, "win_rate": 54.0}, "\u5143\u7d20\u6cd5\u5e2b": {"win": 33, "loss": 17, "draw": 0, "win_rate": 66.0}, "\u8352\u795e": {"win": 43, "loss": 7, "draw": 0, "win_rate": 86.0}, "\u661f\u795e": {"win": 0, "loss": 50, "draw": 0, "win_rate": 0.0}}, "\u8840\u795e": {"\u8056\u9a0e\u58eb": {"win": 5, "loss": 41, "draw": 4, "win_rate": 10.869565217391305}, "\u6cd5\u5e2b": {"win": 9, "loss": 41, "draw": 0, "win_rate": 18.0}, "\u523a\u5ba2": {"win": 5, "loss": 45, "draw": 0, "win_rate": 10.0}, "\u5f13\u7bad\u624b": {"win": 8, "loss": 42, "draw": 0, "win_rate": 16.0}, "\u72c2\u6230\u58eb": {"win": 22, "loss": 28, "draw": 0, "win_rate": 44.0}, "\u9f8d\u795e": {"win": 5, "loss": 45, "draw": 0, "win_rate": 10.0}, "\u525b\u6bc5\u6b66\u58eb": {"win": 1, "loss": 49, "draw": 0, "win_rate": 2.0}, "\u9be8\u541e": {"win": 13, "loss": 37, "draw": 0, "win_rate": 26.0}, "\u8352\u539f\u904a\u4fe0": {"win": 16, "loss": 34, "draw": 0, "win_rate": 32.0}, "\u5143\u7d20\u6cd5\u5e2b": {"win": 16, "loss": 34, "draw": 0,