{"data": {"env_evaluation": {"ehi": 0.884, "esi": 0.988, "mpi": 0.107, "avg_rounds": 9.22647435897436}, "profession_evaluation": {"\u8056\u9a0e\u58eb": {"EIR": 19.8, "Advanced NAS": -0.656, "MSI": 0.74, "PI20": 0.67, "AVG_WR": 45.1219512195122}, "\u6cd5\u5e2b": {"EIR": 43.83, "Advanced NAS": 1.733, "MSI": 0.84, "PI20": 0.25, "AVG_WR": 69.5}, "\u523a\u5ba2": {"EIR": 21.27, "Advanced NAS": -0.56, "MSI": 0.83, "PI20": 0.25, "AVG_WR": 45.666666666666664}, "\u5f13\u7bad\u624b": {"EIR": 27.73, "Advanced NAS": -0.091, "MSI": 0.84, "PI20": 0.33, "AVG_WR": 53.0}, "\u72c2\u6230\u58eb": {"EIR": 0.8, "Advanced NAS": -1.353, "MSI": 0.9, "PI20": 0.08, "AVG_WR": 25.75}, "\u9f8d\u795e": {"EIR": 35.2, "Advanced NAS": 0.659, "MSI": 0.81, "PI20": 0.33, "AVG_WR": 61.416666666666664}, "\u8840\u795e": {"EIR": 5.1, "Advanced NAS": -1.219, "MSI": 0.8, "PI20": 0.33, "AVG_WR": 30.217028380634392}, "\u525b\u6bc5\u6b66\u58eb": {"EIR": 38.37, "Advanced NAS": 0.865, "MSI": 0.83, "PI20": 0.25, "AVG_WR": 62.596071733561054}, "\u9be8\u541e": {"EIR": 39.34, "Advanced NAS": 1.08, "MSI": 0.77, "PI20": 0.42, "AVG_WR": 65.0}, "\u8352\u539f\u904a\u4fe0": {"EIR": 15.13, "Advanced NAS": -0.835, "MSI": 0.81, "PI20": 0.25, "AVG_WR": 40.166666666666664}, "\u5143\u7d20\u6cd5\u5e2b": {"EIR": 34.59, "Advanced NAS": 0.529, "MSI": 0.81, "PI20": 0.33, "AVG_WR": 60.16666666666667}, "\u8352\u795e": {"EIR": 4.44, "Advanced NAS": -1.214, "MSI": 0.8, "PI20": 0.42, "AVG_WR": 30.30050083472454}, "\u661f\u795e": {"EIR": 41.0, "Advanced NAS": 1.061, "MSI": 0.76, "PI20": 0.5, "AVG_WR": 64.55696202531645}}, "combine_win_rate_table": {"\u8056\u9a0e\u58eb": {"\u6cd5\u5e2b": {"win": 18, "loss": 82, "draw": 0, "win_rate": 18.0}, "\u523a\u5ba2": {"win": 30, "loss": 70, "draw": 0, "win_rate": 30.0}, "\u5f13\u7bad\u624b": {"win": 52, "loss": 48, "draw": 0, "win_rate": 52.0}, "\u72c2\u6230\u58eb": {"win": 87, "loss": 13, "draw": 0, "win_rate": 87.0}, "\u9f8d\u795e": {"win": 13, "loss": 87, "draw": 0, "win_rate": 13.0}, "\u8840\u795e": {"win": 83, "loss": 16, "draw": 1, "win_rate": 83.83838383838383}, "\u525b\u6bc5\u6b66\u58eb": {"win": 7, "loss": 64, "draw": 29, "win_rate": 9.859154929577464}, "\u9be8\u541e": {"win": 65, "loss": 35, "draw": 0, "win_rate": 65.0}, "\u8352\u539f\u904a\u4fe0": {"win": 64, "loss": 36, "draw": 0, "win_rate": 64.0}, "\u5143\u7d20\u6cd5\u5e2b": {"win": 32, "loss": 68, "draw": 0, "win_rate": 32.0}, "\u8352\u795e": {"win": 53, "loss": 45, "draw": 2, "win_rate": 54.08163265306123}, "\u661f\u795e": {"win": 14, "loss": 66, "draw": 20, "win_rate": 17.5}}, "\u6cd5\u5e2b": {"\u8056\u9a0e\u58eb": {"win": 75, "loss": 25, "draw": 0, "win_rate": 75.0}, "\u523a\u5ba2": {"win": 71, "loss": 29, "draw": 0, "win_rate": 71.0}, "\u5f13\u7bad\u624b": {"win": 67, "loss": 33, "draw": 0, "win_rate": 67.0}, "\u72c2\u6230\u58eb": {"win": 79, "loss": 21, "draw": 0, "win_rate": 79.0}, "\u9f8d\u795e": {"win": 74, "loss": 26, "draw": 0, "win_rate": 74.0}, "\u8840\u795e": {"win": 84, "loss": 16, "draw": 0, "win_rate": 84.0}, "\u525b\u6bc5\u6b66\u58eb": {"win": 44, "loss": 56, "draw": 0, "win_rate": 44.0}, "\u9be8\u541e": {"win": 33, "loss": 67, "draw": 0, "win_rate": 33.0}, "\u8352\u539f\u904a\u4fe0": {"win": 74, "loss": 26, "draw": 0, "win_rate": 74.0}, "\u5143\u7d20\u6cd5\u5e2b": {"win": 63, "loss": 37, "draw": 0, "win_rate": 63.0}, "\u8352\u795e": {"win": 90, "loss": 10, "draw": 0, "win_rate": 90.0}, "\u661f\u795e": {"win": 80, "loss": 20, "draw": 0, "win_rate": 80.0}}, "\u523a\u5ba2": {"\u8056\u9a0e\u58eb": {"win": 60, "loss": 40, "draw": 0, "win_rate": 60.0}, "\u6cd5\u5e2b": {"win": 21, "loss": 79, "draw": 0, "win_rate": 21.0}, "\u5f13\u7bad\u624b": {"win": 49, "loss": 51, "draw": 0, "win_rate": 49.0}, "\u72c2\u6230\u58eb": {"win": 56, "loss": 44, "draw": 0, "win_rate": 56.00000000000001}, "\u9f8d\u795e": {"win": 35, "loss": 65, "draw": 0, "win_rate": 35.0}, "\u8840\u795e": {"win": 60, "loss": 40, "draw": 0, "win_rate": 60.0}, "\u525b\u6bc5\u6b66\u58eb": {"win": 24, "loss": 76, "draw": 0, "win_rate": 24.0}, "\u9be8\u541e": {"win": 30, "loss": 70, "draw": 0, "win_rate": 30.0}, "\u8352\u539f\u904a\u4fe0": {"win": 62, "loss": 38, "draw": 0, "win_rate": 62.0}, "\u5143\u7d20\u6cd5\u5e2b": {"win": 34, "loss": 66, "draw": 0, "win_rate": 34.0}, "\u8352\u795e": {"win": 78, "loss": 22, "draw": 0, "win_rate": 78.0}, "\u661f\u795e": {"win": 39, "loss": 61, "draw": 0, "win_rate": 39.0}}, "\u5f13\u7bad\u624b": {"\u8056\u9a0e\u58eb": {"win": 45, "loss": 55, "draw": 0, "win_rate": 45.0}, "\u6cd5\u5e2b": {"win": 32, "loss": 68, "draw": 0, "win_rate": 32.0}, "\u523a\u5ba2": {"win": 54, "loss": 46, "draw": 0, "win_rate": 54.0}, "\u72c2\u6230\u58eb": {"win": 68, "loss": 32, "draw": 0, "win_rate": 68.0}, "\u9f8d\u795e": {"win": 53, "loss": 47, "draw": 0, "win_rate": 53.0}, "\u8840\u795e": {"win": 78, "loss": 22, "draw": 0, "win_rate": 78.0}, "\u525b\u6bc5\u6b66\u58eb": {"win": 65, "loss": 35, "draw": 0, "win_rate": 65.0}, "\u9be8\u541e": {"win": 27, "loss": 73, "draw": 0, "win_rate": 27.0}, "\u8352\u539f\u904a\u4fe0": {"win": 59, "loss": 41, "draw": 0, "win_rate": 59.0}, "\u5143\u7d20\u6cd5\u5e2b": {"win": 35, "loss": 65, "draw": 0, "win_rate": 35.0}, "\u8352\u795e": {"win": 75, "loss": 25, "draw": 0, "win_rate": 75.0}, "\u661f\u795e": {"win": 45, "loss": 55, "draw": 0, "win_rate": 45.0}}, "\u72c2\u6230\u58eb": {"\u8056\u9a0e\u58eb": {"win": 15, "loss": 85, "draw": 0, "win_rate": 15.0}, "\u6cd5\u5e2b": {"win": 19, "loss": 81, "draw": 0, "win_rate": 19.0}, "\u523a\u5ba2": {"win": 34, "loss": 66, "draw": 0, "win_rate": 34.0}, "\u5f13\u7bad\u624b": {"win": 28, "loss": 72, "draw": 0, "win_rate": 28.000000000000004}, "\u9f8d\u795e": {"win": 23, "loss": 77, "draw": 0, "win_rate": 23.0}, "\u8840\u795e": {"win": 29, "loss": 71, "draw": 0, "win_rate": 28.999999999999996}, "\u525b\u6bc5\u6b66\u58eb": {"win": 24, "loss": 76, "draw": 0, "win_rate": 24.0}, "\u9be8\u541e": {"win": 10, "loss": 90, "draw": 0, "win_rate": 10.0}, "\u8352\u539f\u904a\u4fe0": {"win": 31, "loss": 69, "draw": 0, "win_rate": 31.0}, "\u5143\u7d20\u6cd5\u5e2b": {"win": 27, "loss": 73, "draw": 0, "win_rate": 27.0}, "\u8352\u795e": {"win": 49, "loss": 51, "draw": 0, "win_rate": 49.0}, "\u661f\u795e": {"win": 20, "loss": 80, "draw": 0, "win_rate": 20.0}}, "\u9f8d\u795e": {"\u8056\u9a0e\u58eb": {"win": 93, "loss": 7, "draw": 0, "win_rate": 93.0}, "\u6cd5\u5e2b": {"win": 30, "loss": 70, "draw": 0, "win_rate": 30.0}, "\u523a\u5ba2": {"win": 65, "loss": 35, "draw": 0, "win_rate": 65.0}, "\u5f13\u7bad\u624b": {"win": 54, "loss": 46, "draw": 0, "win_rate": 54.0}, "\u72c2\u6230\u58eb": {"win": 80, "loss": 20, "draw": 0, "win_rate": 80.0}, "\u8840\u795e": {"win": 74, "loss": 26, "draw": 0, "win_rate": 74.0}, "\u525b\u6bc5\u6b66\u58eb": {"win": 43, "loss": 57, "draw": 0, "win_rate": 43.0}, "\u9be8\u541e": {"win": 48, "loss": 52, "draw": 0, "win_rate": 48.0}, "\u8352\u539f\u904a\u4fe0": {"win": 72, "loss": 28, "draw": 0, "win_rate": 72.0}, "\u5143\u7d20\u6cd5\u5e2b": {"win": 59, "loss": 41, "draw": 0, "win_rate": 59.0}, "\u8352\u795e": {"win": 83, "loss": 17, "draw": 0, "win_rate": 83.0}, "\u661f\u795e": {"win": 36, "loss": 64, "draw": 0, "win_rate": 36.0}}, "\u8840\u795e": {"\u8056\u9a0e\u58eb": {"win": 13, "loss": 85, "draw": 2, "win_rate": 13.26530612244898}, "\u6cd5\u5e2b": {"win": 18, "loss": 82, "draw": 0, "win_rate": 18.0}, "\u523a\u5ba2": {"win": 36, "loss": 64, "draw": 0, "win_rate": 36.0}, "\u5f13\u7bad\u624b": {"win": 20, "loss": 80, "draw": 0, "win_rate": 20.0}, "\u72c2\u6230\u58eb": {"win": 73, "loss": 27, "draw": 0, "win_rate": 73.0}, "\u9f8d\u795e": {"win": 22, "loss": 78, "draw": 0, "win_rate": 22.0}, "\u525b\u6bc5\u6b66\u58eb": {"win": 28, "loss": 72, "draw": 0, "win_rate": 28.000000000000004}, "\u9be8\u541e": {"win": 15, "loss": 85, "draw": 0, "win_rate": 15.0}, "\u8352\u539f\u904a\u4fe0": {"win": 56, "loss": 44, "draw": 0, "win_rate": 56.00000000000001}, "\u5143\u7d20\u6cd5\u5e2b": {"win": 29, "loss": 71, "draw": 0, "win_rate": 28.999999999999996},