{"data": {"env_evaluation": {"ehi": 0.882, "esi": 0.988, "mpi": 0.759, "avg_rounds": 11.737564102564102}, "profession_evaluation": {"\u8056\u9a0e\u58eb": {"EIR": 14.54, "Advanced NAS": -0.544, "MSI": 0.71, "PI20": 0.58, "AVG_WR": 40.08849557522124}, "\u6cd5\u5e2b": {"EIR": 27.59, "Advanced NAS": -0.317, "MSI": 0.81, "PI20": 0.33, "AVG_WR": 51.16666666666667}, "\u523a\u5ba2": {"EIR": 31.66, "Advanced NAS": -0.121, "MSI": 0.77, "PI20": 0.5, "AVG_WR": 57.833333333333336}, "\u5f13\u7bad\u624b": {"EIR": 26.61, "Advanced NAS": -0.358, "MSI": 0.76, "PI20": 0.42, "AVG_WR": 49.45788156797331}, "\u72c2\u6230\u58eb": {"EIR": 1.52, "Advanced NAS": -0.711, "MSI": 0.87, "PI20": 0.0, "AVG_WR": 25.916666666666664}, "\u9f8d\u795e": {"EIR": 56.67, "Advanced NAS": 1.605, "MSI": 0.79, "PI20": 0.08, "AVG_WR": 81.25}, "\u8840\u795e": {"EIR": -5.66, "Advanced NAS": -0.768, "MSI": 0.84, "PI20": 0.08, "AVG_WR": 19.143576826196472}, "\u525b\u6bc5\u6b66\u58eb": {"EIR": 41.8, "Advanced NAS": 0.34, "MSI": 0.76, "PI20": 0.58, "AVG_WR": 67.10069444444444}, "\u9be8\u541e": {"EIR": 10.4, "Advanced NAS": -0.596, "MSI": 0.76, "PI20": 0.5, "AVG_WR": 36.0337552742616}, "\u8352\u539f\u904a\u4fe0": {"EIR": 24.63, "Advanced NAS": -0.341, "MSI": 0.75, "PI20": 0.5, "AVG_WR": 50.16666666666667}, "\u5143\u7d20\u6cd5\u5e2b": {"EIR": 22.43, "Advanced NAS": -0.374, "MSI": 0.77, "PI20": 0.58, "AVG_WR": 48.75}, "\u8352\u795e": {"EIR": 11.3, "Advanced NAS": -0.59, "MSI": 0.69, "PI20": 0.92, "AVG_WR": 36.21848739495798}, "\u661f\u795e": {"EIR": 62.12, "Advanced NAS": 2.777, "MSI": 0.89, "PI20": 0.0, "AVG_WR": 87.228714524207}}, "combine_win_rate_table": {"\u8056\u9a0e\u58eb": {"\u6cd5\u5e2b": {"win": 34, "loss": 66, "draw": 0, "win_rate": 34.0}, "\u523a\u5ba2": {"win": 42, "loss": 58, "draw": 0, "win_rate": 42.0}, "\u5f13\u7bad\u624b": {"win": 39, "loss": 60, "draw": 1, "win_rate": 39.39393939393939}, "\u72c2\u6230\u58eb": {"win": 79, "loss": 21, "draw": 0, "win_rate": 79.0}, "\u9f8d\u795e": {"win": 1, "loss": 99, "draw": 0, "win_rate": 1.0}, "\u8840\u795e": {"win": 79, "loss": 11, "draw": 10, "win_rate": 87.77777777777777}, "\u525b\u6bc5\u6b66\u58eb": {"win": 6, "loss": 56, "draw": 38, "win_rate": 9.67741935483871}, "\u9be8\u541e": {"win": 67, "loss": 21, "draw": 12, "win_rate": 76.13636363636364}, "\u8352\u539f\u904a\u4fe0": {"win": 54, "loss": 46, "draw": 0, "win_rate": 54.0}, "\u5143\u7d20\u6cd5\u5e2b": {"win": 37, "loss": 62, "draw": 1, "win_rate": 37.37373737373738}, "\u8352\u795e": {"win": 15, "loss": 77, "draw": 8, "win_rate": 16.304347826086957}, "\u661f\u795e": {"win": 0, "loss": 100, "draw": 0, "win_rate": 0.0}}, "\u6cd5\u5e2b": {"\u8056\u9a0e\u58eb": {"win": 55, "loss": 45, "draw": 0, "win_rate": 55.00000000000001}, "\u523a\u5ba2": {"win": 49, "loss": 51, "draw": 0, "win_rate": 49.0}, "\u5f13\u7bad\u624b": {"win": 44, "loss": 56, "draw": 0, "win_rate": 44.0}, "\u72c2\u6230\u58eb": {"win": 63, "loss": 37, "draw": 0, "win_rate": 63.0}, "\u9f8d\u795e": {"win": 18, "loss": 82, "draw": 0, "win_rate": 18.0}, "\u8840\u795e": {"win": 82, "loss": 18, "draw": 0, "win_rate": 82.0}, "\u525b\u6bc5\u6b66\u58eb": {"win": 25, "loss": 75, "draw": 0, "win_rate": 25.0}, "\u9be8\u541e": {"win": 50, "loss": 50, "draw": 0, "win_rate": 50.0}, "\u8352\u539f\u904a\u4fe0": {"win": 57, "loss": 43, "draw": 0, "win_rate": 56.99999999999999}, "\u5143\u7d20\u6cd5\u5e2b": {"win": 52, "loss": 48, "draw": 0, "win_rate": 52.0}, "\u8352\u795e": {"win": 82, "loss": 18, "draw": 0, "win_rate": 82.0}, "\u661f\u795e": {"win": 37, "loss": 63, "draw": 0, "win_rate": 37.0}}, "\u523a\u5ba2": {"\u8056\u9a0e\u58eb": {"win": 61, "loss": 39, "draw": 0, "win_rate": 61.0}, "\u6cd5\u5e2b": {"win": 55, "loss": 45, "draw": 0, "win_rate": 55.00000000000001}, "\u5f13\u7bad\u624b": {"win": 52, "loss": 48, "draw": 0, "win_rate": 52.0}, "\u72c2\u6230\u58eb": {"win": 69, "loss": 31, "draw": 0, "win_rate": 69.0}, "\u9f8d\u795e": {"win": 19, "loss": 81, "draw": 0, "win_rate": 19.0}, "\u8840\u795e": {"win": 88, "loss": 12, "draw": 0, "win_rate": 88.0}, "\u525b\u6bc5\u6b66\u58eb": {"win": 27, "loss": 73, "draw": 0, "win_rate": 27.0}, "\u9be8\u541e": {"win": 82, "loss": 18, "draw": 0, "win_rate": 82.0}, "\u8352\u539f\u904a\u4fe0": {"win": 63, "loss": 37, "draw": 0, "win_rate": 63.0}, "\u5143\u7d20\u6cd5\u5e2b": {"win": 63, "loss": 37, "draw": 0, "win_rate": 63.0}, "\u8352\u795e": {"win": 89, "loss": 11, "draw": 0, "win_rate": 89.0}, "\u661f\u795e": {"win": 26, "loss": 74, "draw": 0, "win_rate": 26.0}}, "\u5f13\u7bad\u624b": {"\u8056\u9a0e\u58eb": {"win": 59, "loss": 40, "draw": 1, "win_rate": 59.59595959595959}, "\u6cd5\u5e2b": {"win": 44, "loss": 56, "draw": 0, "win_rate": 44.0}, "\u523a\u5ba2": {"win": 39, "loss": 61, "draw": 0, "win_rate": 39.0}, "\u72c2\u6230\u58eb": {"win": 60, "loss": 40, "draw": 0, "win_rate": 60.0}, "\u9f8d\u795e": {"win": 19, "loss": 81, "draw": 0, "win_rate": 19.0}, "\u8840\u795e": {"win": 82, "loss": 18, "draw": 0, "win_rate": 82.0}, "\u525b\u6bc5\u6b66\u58eb": {"win": 55, "loss": 45, "draw": 0, "win_rate": 55.00000000000001}, "\u9be8\u541e": {"win": 58, "loss": 42, "draw": 0, "win_rate": 57.99999999999999}, "\u8352\u539f\u904a\u4fe0": {"win": 25, "loss": 75, "draw": 0, "win_rate": 25.0}, "\u5143\u7d20\u6cd5\u5e2b": {"win": 66, "loss": 34, "draw": 0, "win_rate": 66.0}, "\u8352\u795e": {"win": 84, "loss": 16, "draw": 0, "win_rate": 84.0}, "\u661f\u795e": {"win": 2, "loss": 98, "draw": 0, "win_rate": 2.0}}, "\u72c2\u6230\u58eb": {"\u8056\u9a0e\u58eb": {"win": 19, "loss": 81, "draw": 0, "win_rate": 19.0}, "\u6cd5\u5e2b": {"win": 32, "loss": 68, "draw": 0, "win_rate": 32.0}, "\u523a\u5ba2": {"win": 39, "loss": 61, "draw": 0, "win_rate": 39.0}, "\u5f13\u7bad\u624b": {"win": 25, "loss": 75, "draw": 0, "win_rate": 25.0}, "\u9f8d\u795e": {"win": 8, "loss": 92, "draw": 0, "win_rate": 8.0}, "\u8840\u795e": {"win": 43, "loss": 57, "draw": 0, "win_rate": 43.0}, "\u525b\u6bc5\u6b66\u58eb": {"win": 18, "loss": 82, "draw": 0, "win_rate": 18.0}, "\u9be8\u541e": {"win": 18, "loss": 82, "draw": 0, "win_rate": 18.0}, "\u8352\u539f\u904a\u4fe0": {"win": 12, "loss": 88, "draw": 0, "win_rate": 12.0}, "\u5143\u7d20\u6cd5\u5e2b": {"win": 40, "loss": 60, "draw": 0, "win_rate": 40.0}, "\u8352\u795e": {"win": 44, "loss": 56, "draw": 0, "win_rate": 44.0}, "\u661f\u795e": {"win": 13, "loss": 87, "draw": 0, "win_rate": 13.0}}, "\u9f8d\u795e": {"\u8056\u9a0e\u58eb": {"win": 98, "loss": 2, "draw": 0, "win_rate": 98.0}, "\u6cd5\u5e2b": {"win": 84, "loss": 16, "draw": 0, "win_rate": 84.0}, "\u523a\u5ba2": {"win": 83, "loss": 17, "draw": 0, "win_rate": 83.0}, "\u5f13\u7bad\u624b": {"win": 76, "loss": 24, "draw": 0, "win_rate": 76.0}, "\u72c2\u6230\u58eb": {"win": 92, "loss": 8, "draw": 0, "win_rate": 92.0}, "\u8840\u795e": {"win": 96, "loss": 4, "draw": 0, "win_rate": 96.0}, "\u525b\u6bc5\u6b66\u58eb": {"win": 67, "loss": 33, "draw": 0, "win_rate": 67.0}, "\u9be8\u541e": {"win": 94, "loss": 6, "draw": 0, "win_rate": 94.0}, "\u8352\u539f\u904a\u4fe0": {"win": 78, "loss": 22, "draw": 0, "win_rate": 78.0}, "\u5143\u7d20\u6cd5\u5e2b": {"win": 90, "loss": 10, "draw": 0, "win_rate": 90.0}, "\u8352\u795e": {"win": 97, "loss": 3, "draw": 0, "win_rate": 97.0}, "\u661f\u795e": {"win": 20, "loss": 80, "draw": 0, "win_rate": 20.0}}, "\u8840\u795e": {"\u8056\u9a0e\u58eb": {"win": 8, "loss": 83, "draw": 9, "win_rate": 8.791208791208792}, "\u6cd5\u5e2b": {"win": 14, "loss": 86, "draw": 0, "win_rate": 14.000000000000002}, "\u523a\u5ba2": {"win": 24, "loss": 76, "draw": 0, "win_rate": 24.0}, "\u5f13\u7bad\u624b": {"win": 10, "loss": 90, "draw": 0, "win_rate": 10.0}, "\u72c2\u6230\u58eb": {"win": 56, "loss": 44, "draw": 0, "win_rate": 56.00000000000001}, "\u9f8d\u795e": {"win": 1, "loss": 99, "draw": 0, "win_rate": 1.0}, "\u525b\u6bc5\u6b66\u58eb": {"win": 7, "loss": 93, "draw": 0, "win_rate": 7.000000000000001}, "\u9be8\u541e": {"win": 29, "loss": 71, "draw": 0, "win_rate": 28.999999999999996}, "\u8352\u539f\u904a\u4fe0": {"win": 38, "loss": 62, "draw": 0,