{"data": {"env_evaluation": {"ehi": 0.874, "esi": 0.986, "mpi": 0.633, "avg_rounds": 11.439102564102564}, "profession_evaluation": {"\u8056\u9a0e\u58eb": {"EIR": 16.31, "Advanced NAS": -0.473, "MSI": 0.66, "PI20": 0.75, "AVG_WR": 42.3728813559322}, "\u6cd5\u5e2b": {"EIR": 35.83, "Advanced NAS": -0.04, "MSI": 0.78, "PI20": 0.42, "AVG_WR": 60.83333333333333}, "\u523a\u5ba2": {"EIR": 43.66, "Advanced NAS": 0.268, "MSI": 0.78, "PI20": 0.42, "AVG_WR": 68.0672268907563}, "\u5f13\u7bad\u624b": {"EIR": 25.83, "Advanced NAS": -0.316, "MSI": 0.7, "PI20": 0.58, "AVG_WR": 50.83333333333333}, "\u72c2\u6230\u58eb": {"EIR": 5.15, "Advanced NAS": -0.588, "MSI": 0.86, "PI20": 0.08, "AVG_WR": 33.33333333333333}, "\u9f8d\u795e": {"EIR": 40.15, "Advanced NAS": 0.282, "MSI": 0.75, "PI20": 0.33, "AVG_WR": 68.33333333333333}, "\u8840\u795e": {"EIR": -1.37, "Advanced NAS": -0.703, "MSI": 0.85, "PI20": 0.08, "AVG_WR": 20.33898305084746}, "\u525b\u6bc5\u6b66\u58eb": {"EIR": 1.4, "Advanced NAS": -0.665, "MSI": 0.79, "PI20": 0.42, "AVG_WR": 25.210084033613445}, "\u9be8\u541e": {"EIR": 16.12, "Advanced NAS": -0.475, "MSI": 0.71, "PI20": 0.58, "AVG_WR": 42.016806722689076}, "\u8352\u539f\u904a\u4fe0": {"EIR": 29.62, "Advanced NAS": -0.238, "MSI": 0.79, "PI20": 0.33, "AVG_WR": 54.166666666666664}, "\u5143\u7d20\u6cd5\u5e2b": {"EIR": 41.59, "Advanced NAS": 0.24, "MSI": 0.8, "PI20": 0.42, "AVG_WR": 67.5}, "\u8352\u795e": {"EIR": 13.49, "Advanced NAS": -0.549, "MSI": 0.65, "PI20": 0.75, "AVG_WR": 35.59322033898305}, "\u661f\u795e": {"EIR": 62.2, "Advanced NAS": 3.256, "MSI": 0.85, "PI20": 0.17, "AVG_WR": 90.83333333333333}}, "combine_win_rate_table": {"\u8056\u9a0e\u58eb": {"\u6cd5\u5e2b": {"win": 3, "loss": 7, "draw": 0, "win_rate": 30.0}, "\u523a\u5ba2": {"win": 2, "loss": 8, "draw": 0, "win_rate": 20.0}, "\u5f13\u7bad\u624b": {"win": 5, "loss": 5, "draw": 0, "win_rate": 50.0}, "\u72c2\u6230\u58eb": {"win": 10, "loss": 0, "draw": 0, "win_rate": 100.0}, "\u9f8d\u795e": {"win": 0, "loss": 10, "draw": 0, "win_rate": 0.0}, "\u8840\u795e": {"win": 8, "loss": 2, "draw": 0, "win_rate": 80.0}, "\u525b\u6bc5\u6b66\u58eb": {"win": 9, "loss": 1, "draw": 0, "win_rate": 90.0}, "\u9be8\u541e": {"win": 6, "loss": 3, "draw": 1, "win_rate": 66.66666666666666}, "\u8352\u539f\u904a\u4fe0": {"win": 5, "loss": 5, "draw": 0, "win_rate": 50.0}, "\u5143\u7d20\u6cd5\u5e2b": {"win": 2, "loss": 8, "draw": 0, "win_rate": 20.0}, "\u8352\u795e": {"win": 0, "loss": 9, "draw": 1, "win_rate": 0.0}, "\u661f\u795e": {"win": 0, "loss": 10, "draw": 0, "win_rate": 0.0}}, "\u6cd5\u5e2b": {"\u8056\u9a0e\u58eb": {"win": 8, "loss": 2, "draw": 0, "win_rate": 80.0}, "\u523a\u5ba2": {"win": 5, "loss": 5, "draw": 0, "win_rate": 50.0}, "\u5f13\u7bad\u624b": {"win": 8, "loss": 2, "draw": 0, "win_rate": 80.0}, "\u72c2\u6230\u58eb": {"win": 6, "loss": 4, "draw": 0, "win_rate": 60.0}, "\u9f8d\u795e": {"win": 5, "loss": 5, "draw": 0, "win_rate": 50.0}, "\u8840\u795e": {"win": 7, "loss": 3, "draw": 0, "win_rate": 70.0}, "\u525b\u6bc5\u6b66\u58eb": {"win": 9, "loss": 1, "draw": 0, "win_rate": 90.0}, "\u9be8\u541e": {"win": 3, "loss": 7, "draw": 0, "win_rate": 30.0}, "\u8352\u539f\u904a\u4fe0": {"win": 5, "loss": 5, "draw": 0, "win_rate": 50.0}, "\u5143\u7d20\u6cd5\u5e2b": {"win": 4, "loss": 6, "draw": 0, "win_rate": 40.0}, "\u8352\u795e": {"win": 10, "loss": 0, "draw": 0, "win_rate": 100.0}, "\u661f\u795e": {"win": 3, "loss": 7, "draw": 0, "win_rate": 30.0}}, "\u523a\u5ba2": {"\u8056\u9a0e\u58eb": {"win": 6, "loss": 3, "draw": 1, "win_rate": 66.66666666666666}, "\u6cd5\u5e2b": {"win": 5, "loss": 5, "draw": 0, "win_rate": 50.0}, "\u5f13\u7bad\u624b": {"win": 8, "loss": 2, "draw": 0, "win_rate": 80.0}, "\u72c2\u6230\u58eb": {"win": 9, "loss": 1, "draw": 0, "win_rate": 90.0}, "\u9f8d\u795e": {"win": 5, "loss": 5, "draw": 0, "win_rate": 50.0}, "\u8840\u795e": {"win": 9, "loss": 1, "draw": 0, "win_rate": 90.0}, "\u525b\u6bc5\u6b66\u58eb": {"win": 7, "loss": 3, "draw": 0, "win_rate": 70.0}, "\u9be8\u541e": {"win": 10, "loss": 0, "draw": 0, "win_rate": 100.0}, "\u8352\u539f\u904a\u4fe0": {"win": 5, "loss": 5, "draw": 0, "win_rate": 50.0}, "\u5143\u7d20\u6cd5\u5e2b": {"win": 6, "loss": 4, "draw": 0, "win_rate": 60.0}, "\u8352\u795e": {"win": 9, "loss": 1, "draw": 0, "win_rate": 90.0}, "\u661f\u795e": {"win": 2, "loss": 8, "draw": 0, "win_rate": 20.0}}, "\u5f13\u7bad\u624b": {"\u8056\u9a0e\u58eb": {"win": 6, "loss": 4, "draw": 0, "win_rate": 60.0}, "\u6cd5\u5e2b": {"win": 5, "loss": 5, "draw": 0, "win_rate": 50.0}, "\u523a\u5ba2": {"win": 1, "loss": 9, "draw": 0, "win_rate": 10.0}, "\u72c2\u6230\u58eb": {"win": 6, "loss": 4, "draw": 0, "win_rate": 60.0}, "\u9f8d\u795e": {"win": 6, "loss": 4, "draw": 0, "win_rate": 60.0}, "\u8840\u795e": {"win": 9, "loss": 1, "draw": 0, "win_rate": 90.0}, "\u525b\u6bc5\u6b66\u58eb": {"win": 9, "loss": 1, "draw": 0, "win_rate": 90.0}, "\u9be8\u541e": {"win": 6, "loss": 4, "draw": 0, "win_rate": 60.0}, "\u8352\u539f\u904a\u4fe0": {"win": 2, "loss": 8, "draw": 0, "win_rate": 20.0}, "\u5143\u7d20\u6cd5\u5e2b": {"win": 1, "loss": 9, "draw": 0, "win_rate": 10.0}, "\u8352\u795e": {"win": 9, "loss": 1, "draw": 0, "win_rate": 90.0}, "\u661f\u795e": {"win": 1, "loss": 9, "draw": 0, "win_rate": 10.0}}, "\u72c2\u6230\u58eb": {"\u8056\u9a0e\u58eb": {"win": 4, "loss": 6, "draw": 0, "win_rate": 40.0}, "\u6cd5\u5e2b": {"win": 5, "loss": 5, "draw": 0, "win_rate": 50.0}, "\u523a\u5ba2": {"win": 0, "loss": 10, "draw": 0, "win_rate": 0.0}, "\u5f13\u7bad\u624b": {"win": 4, "loss": 6, "draw": 0, "win_rate": 40.0}, "\u9f8d\u795e": {"win": 2, "loss": 8, "draw": 0, "win_rate": 20.0}, "\u8840\u795e": {"win": 5, "loss": 5, "draw": 0, "win_rate": 50.0}, "\u525b\u6bc5\u6b66\u58eb": {"win": 5, "loss": 5, "draw": 0, "win_rate": 50.0}, "\u9be8\u541e": {"win": 3, "loss": 7, "draw": 0, "win_rate": 30.0}, "\u8352\u539f\u904a\u4fe0": {"win": 2, "loss": 8, "draw": 0, "win_rate": 20.0}, "\u5143\u7d20\u6cd5\u5e2b": {"win": 3, "loss": 7, "draw": 0, "win_rate": 30.0}, "\u8352\u795e": {"win": 4, "loss": 6, "draw": 0, "win_rate": 40.0}, "\u661f\u795e": {"win": 3, "loss": 7, "draw": 0, "win_rate": 30.0}}, "\u9f8d\u795e": {"\u8056\u9a0e\u58eb": {"win": 10, "loss": 0, "draw": 0, "win_rate": 100.0}, "\u6cd5\u5e2b": {"win": 6, "loss": 4, "draw": 0, "win_rate": 60.0}, "\u523a\u5ba2": {"win": 8, "loss": 2, "draw": 0, "win_rate": 80.0}, "\u5f13\u7bad\u624b": {"win": 6, "loss": 4, "draw": 0, "win_rate": 60.0}, "\u72c2\u6230\u58eb": {"win": 9, "loss": 1, "draw": 0, "win_rate": 90.0}, "\u8840\u795e": {"win": 8, "loss": 2, "draw": 0, "win_rate": 80.0}, "\u525b\u6bc5\u6b66\u58eb": {"win": 6, "loss": 4, "draw": 0, "win_rate": 60.0}, "\u9be8\u541e": {"win": 7, "loss": 3, "draw": 0, "win_rate": 70.0}, "\u8352\u539f\u904a\u4fe0": {"win": 6, "loss": 4, "draw": 0, "win_rate": 60.0}, "\u5143\u7d20\u6cd5\u5e2b": {"win": 6, "loss": 4, "draw": 0, "win_rate": 60.0}, "\u8352\u795e": {"win": 10, "loss": 0, "draw": 0, "win_rate": 100.0}, "\u661f\u795e": {"win": 0, "loss": 10, "draw": 0, "win_rate": 0.0}}, "\u8840\u795e": {"\u8056\u9a0e\u58eb": {"win": 0, "loss": 8, "draw": 2, "win_rate": 0.0}, "\u6cd5\u5e2b": {"win": 1, "loss": 9, "draw": 0, "win_rate": 10.0}, "\u523a\u5ba2": {"win": 3, "loss": 7, "draw": 0, "win_rate": 30.0}, "\u5f13\u7bad\u624b": {"win": 1, "loss": 9, "draw": 0, "win_rate": 10.0}, "\u72c2\u6230\u58eb": {"win": 2, "loss": 8, "draw": 0, "win_rate": 20.0}, "\u9f8d\u795e": {"win": 4, "loss": 6, "draw": 0, "win_rate": 40.0}, "\u525b\u6bc5\u6b66\u58eb": {"win": 2, "loss": 8, "draw": 0, "win_rate": 20.0}, "\u9be8\u541e": {"win": 5, "loss": 5, "draw": 0, "win_rate": 50.0}, "\u8352\u539f\u904a\u4fe0": {"win": 2, "loss": 8, "draw": 0, "win_rate": 20.0}, "\u5143\u7d20\u6cd5\u5e2b": {"win": 1, "loss": 9, "draw": 0, "win_rate": 10.0}, "\u8352\u795e": {"win": 3, "loss": 7, "draw": 0, "win_rate": 30.0}, "\u661f\u795e": {"win": 0, "loss": 10, "draw": 0, "win_rate": 0.0}}, "\u525b\u6bc5\u6b66\u58eb": {"\u8056\u9a0e\u58eb": {"win": 1, "loss": 8, "draw": 1,