{"data": {"env_evaluation": {"ehi": 0.875, "esi": 0.998, "mpi": 0.6, "avg_rounds": 10.96474358974359}, "profession_evaluation": {"\u8056\u9a0e\u58eb": {"EIR": 0.4, "Advanced NAS": -0.116, "MSI": 0.68, "PI20": 0.67, "AVG_WR": 54.166666666666664}, "\u6cd5\u5e2b": {"EIR": 0.57, "Advanced NAS": 1.036, "MSI": 0.77, "PI20": 0.58, "AVG_WR": 67.5}, "\u523a\u5ba2": {"EIR": 0.53, "Advanced NAS": 0.577, "MSI": 0.8, "PI20": 0.42, "AVG_WR": 63.02521008403361}, "\u5f13\u7bad\u624b": {"EIR": 0.49, "Advanced NAS": 0.242, "MSI": 0.77, "PI20": 0.5, "AVG_WR": 59.166666666666664}, "\u72c2\u6230\u58eb": {"EIR": 0.15, "Advanced NAS": -1.453, "MSI": 0.87, "PI20": 0.08, "AVG_WR": 15.833333333333332}, "\u9f8d\u795e": {"EIR": 0.49, "Advanced NAS": 0.451, "MSI": 0.76, "PI20": 0.42, "AVG_WR": 61.66666666666667}, "\u8840\u795e": {"EIR": 0.07, "Advanced NAS": -1.528, "MSI": 0.86, "PI20": 0.08, "AVG_WR": 10.833333333333334}, "\u525b\u6bc5\u6b66\u58eb": {"EIR": 0.59, "Advanced NAS": 1.448, "MSI": 0.75, "PI20": 0.58, "AVG_WR": 70.83333333333334}, "\u9be8\u541e": {"EIR": 0.33, "Advanced NAS": -0.653, "MSI": 0.73, "PI20": 0.42, "AVG_WR": 44.166666666666664}, "\u8352\u539f\u904a\u4fe0": {"EIR": 0.38, "Advanced NAS": -0.577, "MSI": 0.74, "PI20": 0.42, "AVG_WR": 45.83333333333333}, "\u5143\u7d20\u6cd5\u5e2b": {"EIR": 0.35, "Advanced NAS": -0.653, "MSI": 0.77, "PI20": 0.25, "AVG_WR": 44.166666666666664}, "\u8352\u795e": {"EIR": 0.36, "Advanced NAS": -0.577, "MSI": 0.68, "PI20": 0.75, "AVG_WR": 45.83333333333333}, "\u661f\u795e": {"EIR": 0.61, "Advanced NAS": 1.804, "MSI": 0.72, "PI20": 0.58, "AVG_WR": 73.33333333333333}}, "combine_win_rate_table": {"\u8056\u9a0e\u58eb": {"\u6cd5\u5e2b": {"win": 5, "loss": 5, "draw": 0, "win_rate": 50.0}, "\u523a\u5ba2": {"win": 3, "loss": 7, "draw": 0, "win_rate": 30.0}, "\u5f13\u7bad\u624b": {"win": 3, "loss": 7, "draw": 0, "win_rate": 30.0}, "\u72c2\u6230\u58eb": {"win": 10, "loss": 0, "draw": 0, "win_rate": 100.0}, "\u9f8d\u795e": {"win": 2, "loss": 8, "draw": 0, "win_rate": 20.0}, "\u8840\u795e": {"win": 10, "loss": 0, "draw": 0, "win_rate": 100.0}, "\u525b\u6bc5\u6b66\u58eb": {"win": 2, "loss": 8, "draw": 0, "win_rate": 20.0}, "\u9be8\u541e": {"win": 10, "loss": 0, "draw": 0, "win_rate": 100.0}, "\u8352\u539f\u904a\u4fe0": {"win": 6, "loss": 4, "draw": 0, "win_rate": 60.0}, "\u5143\u7d20\u6cd5\u5e2b": {"win": 7, "loss": 3, "draw": 0, "win_rate": 70.0}, "\u8352\u795e": {"win": 6, "loss": 4, "draw": 0, "win_rate": 60.0}, "\u661f\u795e": {"win": 1, "loss": 9, "draw": 0, "win_rate": 10.0}}, "\u6cd5\u5e2b": {"\u8056\u9a0e\u58eb": {"win": 6, "loss": 4, "draw": 0, "win_rate": 60.0}, "\u523a\u5ba2": {"win": 9, "loss": 1, "draw": 0, "win_rate": 90.0}, "\u5f13\u7bad\u624b": {"win": 7, "loss": 3, "draw": 0, "win_rate": 70.0}, "\u72c2\u6230\u58eb": {"win": 9, "loss": 1, "draw": 0, "win_rate": 90.0}, "\u9f8d\u795e": {"win": 7, "loss": 3, "draw": 0, "win_rate": 70.0}, "\u8840\u795e": {"win": 10, "loss": 0, "draw": 0, "win_rate": 100.0}, "\u525b\u6bc5\u6b66\u58eb": {"win": 4, "loss": 6, "draw": 0, "win_rate": 40.0}, "\u9be8\u541e": {"win": 3, "loss": 7, "draw": 0, "win_rate": 30.0}, "\u8352\u539f\u904a\u4fe0": {"win": 7, "loss": 3, "draw": 0, "win_rate": 70.0}, "\u5143\u7d20\u6cd5\u5e2b": {"win": 5, "loss": 5, "draw": 0, "win_rate": 50.0}, "\u8352\u795e": {"win": 10, "loss": 0, "draw": 0, "win_rate": 100.0}, "\u661f\u795e": {"win": 4, "loss": 6, "draw": 0, "win_rate": 40.0}}, "\u523a\u5ba2": {"\u8056\u9a0e\u58eb": {"win": 7, "loss": 3, "draw": 0, "win_rate": 70.0}, "\u6cd5\u5e2b": {"win": 3, "loss": 7, "draw": 0, "win_rate": 30.0}, "\u5f13\u7bad\u624b": {"win": 4, "loss": 6, "draw": 0, "win_rate": 40.0}, "\u72c2\u6230\u58eb": {"win": 7, "loss": 3, "draw": 0, "win_rate": 70.0}, "\u9f8d\u795e": {"win": 4, "loss": 6, "draw": 0, "win_rate": 40.0}, "\u8840\u795e": {"win": 10, "loss": 0, "draw": 0, "win_rate": 100.0}, "\u525b\u6bc5\u6b66\u58eb": {"win": 6, "loss": 4, "draw": 0, "win_rate": 60.0}, "\u9be8\u541e": {"win": 6, "loss": 4, "draw": 0, "win_rate": 60.0}, "\u8352\u539f\u904a\u4fe0": {"win": 8, "loss": 2, "draw": 0, "win_rate": 80.0}, "\u5143\u7d20\u6cd5\u5e2b": {"win": 6, "loss": 3, "draw": 1, "win_rate": 66.66666666666666}, "\u8352\u795e": {"win": 9, "loss": 1, "draw": 0, "win_rate": 90.0}, "\u661f\u795e": {"win": 5, "loss": 5, "draw": 0, "win_rate": 50.0}}, "\u5f13\u7bad\u624b": {"\u8056\u9a0e\u58eb": {"win": 6, "loss": 4, "draw": 0, "win_rate": 60.0}, "\u6cd5\u5e2b": {"win": 3, "loss": 7, "draw": 0, "win_rate": 30.0}, "\u523a\u5ba2": {"win": 3, "loss": 7, "draw": 0, "win_rate": 30.0}, "\u72c2\u6230\u58eb": {"win": 9, "loss": 1, "draw": 0, "win_rate": 90.0}, "\u9f8d\u795e": {"win": 5, "loss": 5, "draw": 0, "win_rate": 50.0}, "\u8840\u795e": {"win": 9, "loss": 1, "draw": 0, "win_rate": 90.0}, "\u525b\u6bc5\u6b66\u58eb": {"win": 9, "loss": 1, "draw": 0, "win_rate": 90.0}, "\u9be8\u541e": {"win": 7, "loss": 3, "draw": 0, "win_rate": 70.0}, "\u8352\u539f\u904a\u4fe0": {"win": 4, "loss": 6, "draw": 0, "win_rate": 40.0}, "\u5143\u7d20\u6cd5\u5e2b": {"win": 6, "loss": 4, "draw": 0, "win_rate": 60.0}, "\u8352\u795e": {"win": 7, "loss": 3, "draw": 0, "win_rate": 70.0}, "\u661f\u795e": {"win": 3, "loss": 7, "draw": 0, "win_rate": 30.0}}, "\u72c2\u6230\u58eb": {"\u8056\u9a0e\u58eb": {"win": 0, "loss": 10, "draw": 0, "win_rate": 0.0}, "\u6cd5\u5e2b": {"win": 2, "loss": 8, "draw": 0, "win_rate": 20.0}, "\u523a\u5ba2": {"win": 3, "loss": 7, "draw": 0, "win_rate": 30.0}, "\u5f13\u7bad\u624b": {"win": 2, "loss": 8, "draw": 0, "win_rate": 20.0}, "\u9f8d\u795e": {"win": 2, "loss": 8, "draw": 0, "win_rate": 20.0}, "\u8840\u795e": {"win": 3, "loss": 7, "draw": 0, "win_rate": 30.0}, "\u525b\u6bc5\u6b66\u58eb": {"win": 1, "loss": 9, "draw": 0, "win_rate": 10.0}, "\u9be8\u541e": {"win": 0, "loss": 10, "draw": 0, "win_rate": 0.0}, "\u8352\u539f\u904a\u4fe0": {"win": 1, "loss": 9, "draw": 0, "win_rate": 10.0}, "\u5143\u7d20\u6cd5\u5e2b": {"win": 1, "loss": 9, "draw": 0, "win_rate": 10.0}, "\u8352\u795e": {"win": 4, "loss": 6, "draw": 0, "win_rate": 40.0}, "\u661f\u795e": {"win": 0, "loss": 10, "draw": 0, "win_rate": 0.0}}, "\u9f8d\u795e": {"\u8056\u9a0e\u58eb": {"win": 5, "loss": 5, "draw": 0, "win_rate": 50.0}, "\u6cd5\u5e2b": {"win": 5, "loss": 5, "draw": 0, "win_rate": 50.0}, "\u523a\u5ba2": {"win": 4, "loss": 6, "draw": 0, "win_rate": 40.0}, "\u5f13\u7bad\u624b": {"win": 6, "loss": 4, "draw": 0, "win_rate": 60.0}, "\u72c2\u6230\u58eb": {"win": 10, "loss": 0, "draw": 0, "win_rate": 100.0}, "\u8840\u795e": {"win": 8, "loss": 2, "draw": 0, "win_rate": 80.0}, "\u525b\u6bc5\u6b66\u58eb": {"win": 4, "loss": 6, "draw": 0, "win_rate": 40.0}, "\u9be8\u541e": {"win": 9, "loss": 1, "draw": 0, "win_rate": 90.0}, "\u8352\u539f\u904a\u4fe0": {"win": 7, "loss": 3, "draw": 0, "win_rate": 70.0}, "\u5143\u7d20\u6cd5\u5e2b": {"win": 7, "loss": 3, "draw": 0, "win_rate": 70.0}, "\u8352\u795e": {"win": 8, "loss": 2, "draw": 0, "win_rate": 80.0}, "\u661f\u795e": {"win": 1, "loss": 9, "draw": 0, "win_rate": 10.0}}, "\u8840\u795e": {"\u8056\u9a0e\u58eb": {"win": 0, "loss": 10, "draw": 0, "win_rate": 0.0}, "\u6cd5\u5e2b": {"win": 0, "loss": 10, "draw": 0, "win_rate": 0.0}, "\u523a\u5ba2": {"win": 1, "loss": 9, "draw": 0, "win_rate": 10.0}, "\u5f13\u7bad\u624b": {"win": 0, "loss": 10, "draw": 0, "win_rate": 0.0}, "\u72c2\u6230\u58eb": {"win": 5, "loss": 5, "draw": 0, "win_rate": 50.0}, "\u9f8d\u795e": {"win": 1, "loss": 9, "draw": 0, "win_rate": 10.0}, "\u525b\u6bc5\u6b66\u58eb": {"win": 0, "loss": 10, "draw": 0, "win_rate": 0.0}, "\u9be8\u541e": {"win": 1, "loss": 9, "draw": 0, "win_rate": 10.0}, "\u8352\u539f\u904a\u4fe0": {"win": 1, "loss": 9, "draw": 0, "win_rate": 10.0}, "\u5143\u7d20\u6cd5\u5e2b": {"win": 3, "loss": 7, "draw": 0, "win_rate": 30.0}, "\u8352\u795e": {"win": 1, "loss": 9, "draw": 0, "win_rate": 10.0}, "\u661f\u795e": {"win": 0, "loss": 10, "draw": 0, "win_rate": 0.0}}, "\u525b\u6bc5\u6b66\u58eb": {"\u8056\u9a0e\u58eb": {"win": 8, "loss": 2, "draw": 0, "win_rate": 80.0},