{"data": {"env_evaluation": {"ehi": 0.868, "esi": 0.993, "mpi": 0.03, "avg_rounds": 8.874807692307693}, "profession_evaluation": {"\u8056\u9a0e\u58eb": {"EIR": 0.42, "Advanced NAS": -1.326, "MSI": 0.8, "PI20": 0.83, "AVG_WR": 45.75}, "\u6cd5\u5e2b": {"EIR": 0.44, "Advanced NAS": -0.155, "MSI": 0.78, "PI20": 0.58, "AVG_WR": 49.083333333333336}, "\u523a\u5ba2": {"EIR": 0.47, "Advanced NAS": 0.945, "MSI": 0.84, "PI20": 0.83, "AVG_WR": 51.876563803169304}, "\u5f13\u7bad\u624b": {"EIR": 0.44, "Advanced NAS": -0.278, "MSI": 0.76, "PI20": 0.67, "AVG_WR": 48.75}, "\u72c2\u6230\u58eb": {"EIR": 0.41, "Advanced NAS": -1.554, "MSI": 0.8, "PI20": 0.67, "AVG_WR": 45.03753127606338}, "\u9f8d\u795e": {"EIR": 0.44, "Advanced NAS": -0.388, "MSI": 0.77, "PI20": 0.58, "AVG_WR": 48.45704753961635}, "\u8840\u795e": {"EIR": 0.45, "Advanced NAS": -0.124, "MSI": 0.7, "PI20": 0.33, "AVG_WR": 49.166666666666664}, "\u525b\u6bc5\u6b66\u58eb": {"EIR": 0.47, "Advanced NAS": 0.853, "MSI": 0.73, "PI20": 0.42, "AVG_WR": 51.66666666666667}, "\u9be8\u541e": {"EIR": 0.47, "Advanced NAS": 0.684, "MSI": 0.73, "PI20": 0.42, "AVG_WR": 51.24999999999999}, "\u8352\u539f\u904a\u4fe0": {"EIR": 0.46, "Advanced NAS": 0.819, "MSI": 0.78, "PI20": 0.58, "AVG_WR": 51.583333333333336}, "\u5143\u7d20\u6cd5\u5e2b": {"EIR": 0.49, "Advanced NAS": 2.124, "MSI": 0.78, "PI20": 0.58, "AVG_WR": 54.628857381150965}, "\u8352\u795e": {"EIR": 0.43, "Advanced NAS": -0.845, "MSI": 0.73, "PI20": 0.5, "AVG_WR": 47.16666666666667}, "\u661f\u795e": {"EIR": 0.43, "Advanced NAS": -0.757, "MSI": 0.72, "PI20": 0.25, "AVG_WR": 47.41666666666667}}, "combine_win_rate_table": {"\u8056\u9a0e\u58eb": {"\u6cd5\u5e2b": {"win": 56, "loss": 44, "draw": 0, "win_rate": 56.00000000000001}, "\u523a\u5ba2": {"win": 58, "loss": 42, "draw": 0, "win_rate": 57.99999999999999}, "\u5f13\u7bad\u624b": {"win": 58, "loss": 42, "draw": 0, "win_rate": 57.99999999999999}, "\u72c2\u6230\u58eb": {"win": 58, "loss": 42, "draw": 0, "win_rate": 57.99999999999999}, "\u9f8d\u795e": {"win": 11, "loss": 89, "draw": 0, "win_rate": 11.0}, "\u8840\u795e": {"win": 44, "loss": 56, "draw": 0, "win_rate": 44.0}, "\u525b\u6bc5\u6b66\u58eb": {"win": 29, "loss": 71, "draw": 0, "win_rate": 28.999999999999996}, "\u9be8\u541e": {"win": 86, "loss": 14, "draw": 0, "win_rate": 86.0}, "\u8352\u539f\u904a\u4fe0": {"win": 60, "loss": 40, "draw": 0, "win_rate": 60.0}, "\u5143\u7d20\u6cd5\u5e2b": {"win": 34, "loss": 66, "draw": 0, "win_rate": 34.0}, "\u8352\u795e": {"win": 27, "loss": 73, "draw": 0, "win_rate": 27.0}, "\u661f\u795e": {"win": 28, "loss": 72, "draw": 0, "win_rate": 28.000000000000004}}, "\u6cd5\u5e2b": {"\u8056\u9a0e\u58eb": {"win": 47, "loss": 53, "draw": 0, "win_rate": 47.0}, "\u523a\u5ba2": {"win": 32, "loss": 68, "draw": 0, "win_rate": 32.0}, "\u5f13\u7bad\u624b": {"win": 70, "loss": 30, "draw": 0, "win_rate": 70.0}, "\u72c2\u6230\u58eb": {"win": 59, "loss": 41, "draw": 0, "win_rate": 59.0}, "\u9f8d\u795e": {"win": 56, "loss": 44, "draw": 0, "win_rate": 56.00000000000001}, "\u8840\u795e": {"win": 9, "loss": 91, "draw": 0, "win_rate": 9.0}, "\u525b\u6bc5\u6b66\u58eb": {"win": 40, "loss": 60, "draw": 0, "win_rate": 40.0}, "\u9be8\u541e": {"win": 14, "loss": 86, "draw": 0, "win_rate": 14.000000000000002}, "\u8352\u539f\u904a\u4fe0": {"win": 60, "loss": 40, "draw": 0, "win_rate": 60.0}, "\u5143\u7d20\u6cd5\u5e2b": {"win": 44, "loss": 56, "draw": 0, "win_rate": 44.0}, "\u8352\u795e": {"win": 72, "loss": 28, "draw": 0, "win_rate": 72.0}, "\u661f\u795e": {"win": 86, "loss": 14, "draw": 0, "win_rate": 86.0}}, "\u523a\u5ba2": {"\u8056\u9a0e\u58eb": {"win": 38, "loss": 62, "draw": 0, "win_rate": 38.0}, "\u6cd5\u5e2b": {"win": 62, "loss": 38, "draw": 0, "win_rate": 62.0}, "\u5f13\u7bad\u624b": {"win": 53, "loss": 47, "draw": 0, "win_rate": 53.0}, "\u72c2\u6230\u58eb": {"win": 33, "loss": 67, "draw": 0, "win_rate": 33.0}, "\u9f8d\u795e": {"win": 65, "loss": 35, "draw": 0, "win_rate": 65.0}, "\u8840\u795e": {"win": 56, "loss": 44, "draw": 0, "win_rate": 56.00000000000001}, "\u525b\u6bc5\u6b66\u58eb": {"win": 29, "loss": 71, "draw": 0, "win_rate": 28.999999999999996}, "\u9be8\u541e": {"win": 33, "loss": 67, "draw": 0, "win_rate": 33.0}, "\u8352\u539f\u904a\u4fe0": {"win": 40, "loss": 60, "draw": 0, "win_rate": 40.0}, "\u5143\u7d20\u6cd5\u5e2b": {"win": 69, "loss": 30, "draw": 1, "win_rate": 69.6969696969697}, "\u8352\u795e": {"win": 78, "loss": 22, "draw": 0, "win_rate": 78.0}, "\u661f\u795e": {"win": 66, "loss": 34, "draw": 0, "win_rate": 66.0}}, "\u5f13\u7bad\u624b": {"\u8056\u9a0e\u58eb": {"win": 35, "loss": 65, "draw": 0, "win_rate": 35.0}, "\u6cd5\u5e2b": {"win": 31, "loss": 69, "draw": 0, "win_rate": 31.0}, "\u523a\u5ba2": {"win": 48, "loss": 52, "draw": 0, "win_rate": 48.0}, "\u72c2\u6230\u58eb": {"win": 47, "loss": 53, "draw": 0, "win_rate": 47.0}, "\u9f8d\u795e": {"win": 46, "loss": 54, "draw": 0, "win_rate": 46.0}, "\u8840\u795e": {"win": 96, "loss": 4, "draw": 0, "win_rate": 96.0}, "\u525b\u6bc5\u6b66\u58eb": {"win": 98, "loss": 2, "draw": 0, "win_rate": 98.0}, "\u9be8\u541e": {"win": 46, "loss": 54, "draw": 0, "win_rate": 46.0}, "\u8352\u539f\u904a\u4fe0": {"win": 21, "loss": 79, "draw": 0, "win_rate": 21.0}, "\u5143\u7d20\u6cd5\u5e2b": {"win": 27, "loss": 73, "draw": 0, "win_rate": 27.0}, "\u8352\u795e": {"win": 57, "loss": 43, "draw": 0, "win_rate": 56.99999999999999}, "\u661f\u795e": {"win": 33, "loss": 67, "draw": 0, "win_rate": 33.0}}, "\u72c2\u6230\u58eb": {"\u8056\u9a0e\u58eb": {"win": 37, "loss": 63, "draw": 0, "win_rate": 37.0}, "\u6cd5\u5e2b": {"win": 43, "loss": 57, "draw": 0, "win_rate": 43.0}, "\u523a\u5ba2": {"win": 77, "loss": 23, "draw": 0, "win_rate": 77.0}, "\u5f13\u7bad\u624b": {"win": 57, "loss": 43, "draw": 0, "win_rate": 56.99999999999999}, "\u9f8d\u795e": {"win": 15, "loss": 85, "draw": 0, "win_rate": 15.0}, "\u8840\u795e": {"win": 55, "loss": 45, "draw": 0, "win_rate": 55.00000000000001}, "\u525b\u6bc5\u6b66\u58eb": {"win": 29, "loss": 71, "draw": 0, "win_rate": 28.999999999999996}, "\u9be8\u541e": {"win": 22, "loss": 78, "draw": 0, "win_rate": 22.0}, "\u8352\u539f\u904a\u4fe0": {"win": 26, "loss": 74, "draw": 0, "win_rate": 26.0}, "\u5143\u7d20\u6cd5\u5e2b": {"win": 63, "loss": 36, "draw": 1, "win_rate": 63.63636363636363}, "\u8352\u795e": {"win": 74, "loss": 26, "draw": 0, "win_rate": 74.0}, "\u661f\u795e": {"win": 42, "loss": 58, "draw": 0, "win_rate": 42.0}}, "\u9f8d\u795e": {"\u8056\u9a0e\u58eb": {"win": 89, "loss": 11, "draw": 0, "win_rate": 89.0}, "\u6cd5\u5e2b": {"win": 40, "loss": 60, "draw": 0, "win_rate": 40.0}, "\u523a\u5ba2": {"win": 43, "loss": 57, "draw": 0, "win_rate": 43.0}, "\u5f13\u7bad\u624b": {"win": 47, "loss": 53, "draw": 0, "win_rate": 47.0}, "\u72c2\u6230\u58eb": {"win": 85, "loss": 15, "draw": 0, "win_rate": 85.0}, "\u8840\u795e": {"win": 6, "loss": 94, "draw": 0, "win_rate": 6.0}, "\u525b\u6bc5\u6b66\u58eb": {"win": 48, "loss": 52, "draw": 0, "win_rate": 48.0}, "\u9be8\u541e": {"win": 74, "loss": 26, "draw": 0, "win_rate": 74.0}, "\u8352\u539f\u904a\u4fe0": {"win": 42, "loss": 58, "draw": 0, "win_rate": 42.0}, "\u5143\u7d20\u6cd5\u5e2b": {"win": 40, "loss": 59, "draw": 1, "win_rate": 40.4040404040404}, "\u8352\u795e": {"win": 46, "loss": 54, "draw": 0, "win_rate": 46.0}, "\u661f\u795e": {"win": 21, "loss": 79, "draw": 0, "win_rate": 21.0}}, "\u8840\u795e": {"\u8056\u9a0e\u58eb": {"win": 53, "loss": 47, "draw": 0, "win_rate": 53.0}, "\u6cd5\u5e2b": {"win": 87, "loss": 13, "draw": 0, "win_rate": 87.0}, "\u523a\u5ba2": {"win": 41, "loss": 59, "draw": 0, "win_rate": 41.0}, "\u5f13\u7bad\u624b": {"win": 5, "loss": 95, "draw": 0, "win_rate": 5.0}, "\u72c2\u6230\u58eb": {"win": 59, "loss": 41, "draw": 0, "win_rate": 59.0}, "\u9f8d\u795e": {"win": 92, "loss": 8, "draw": 0, "win_rate": 92.0}, "\u525b\u6bc5\u6b66\u58eb": {"win": 31, "loss": 69, "draw": 0, "win_rate": 31.0}, "\u9be8\u541e": {"win": 27, "loss": 73, "draw": 0, "win_rate": 27.0}, "\u8352\u539f\u904a\u4fe0": {"win": 80, "loss": 20, "draw": 0,