{"data": {"env_evaluation": {"ehi": 0.888, "esi": 0.989, "mpi": 0.668, "avg_rounds": 7.211089743589744}, "profession_evaluation": {"\u8056\u9a0e\u58eb": {"EIR": 32.71, "Advanced NAS": 0.013, "MSI": 0.66, "PI20": 0.75, "AVG_WR": 55.23897058823529}, "\u6cd5\u5e2b": {"EIR": 20.2, "Advanced NAS": -0.36, "MSI": 0.79, "PI20": 0.25, "AVG_WR": 45.83333333333333}, "\u523a\u5ba2": {"EIR": 12.67, "Advanced NAS": -0.539, "MSI": 0.81, "PI20": 0.25, "AVG_WR": 36.583333333333336}, "\u5f13\u7bad\u624b": {"EIR": 39.83, "Advanced NAS": 0.365, "MSI": 0.79, "PI20": 0.5, "AVG_WR": 65.72143452877398}, "\u72c2\u6230\u58eb": {"EIR": 35.31, "Advanced NAS": 0.062, "MSI": 0.77, "PI20": 0.17, "AVG_WR": 58.65384615384615}, "\u9f8d\u795e": {"EIR": 17.72, "Advanced NAS": -0.41, "MSI": 0.77, "PI20": 0.33, "AVG_WR": 43.583333333333336}, "\u8840\u795e": {"EIR": 63.36, "Advanced NAS": 3.323, "MSI": 0.8, "PI20": 0.08, "AVG_WR": 87.60831889081456}, "\u525b\u6bc5\u6b66\u58eb": {"EIR": 3.87, "Advanced NAS": -0.661, "MSI": 0.75, "PI20": 0.58, "AVG_WR": 32.686414708886616}, "\u9be8\u541e": {"EIR": 18.28, "Advanced NAS": -0.416, "MSI": 0.8, "PI20": 0.42, "AVG_WR": 43.2860717264387}, "\u8352\u539f\u904a\u4fe0": {"EIR": 28.76, "Advanced NAS": -0.176, "MSI": 0.78, "PI20": 0.25, "AVG_WR": 52.83333333333333}, "\u5143\u7d20\u6cd5\u5e2b": {"EIR": 26.2, "Advanced NAS": -0.248, "MSI": 0.8, "PI20": 0.33, "AVG_WR": 50.33333333333333}, "\u8352\u795e": {"EIR": 23.3, "Advanced NAS": -0.283, "MSI": 0.7, "PI20": 0.75, "AVG_WR": 48.26123833757421}, "\u661f\u795e": {"EIR": 1.8, "Advanced NAS": -0.67, "MSI": 0.76, "PI20": 0.42, "AVG_WR": 27.250000000000004}}, "combine_win_rate_table": {"\u8056\u9a0e\u58eb": {"\u6cd5\u5e2b": {"win": 82, "loss": 18, "draw": 0, "win_rate": 82.0}, "\u523a\u5ba2": {"win": 88, "loss": 12, "draw": 0, "win_rate": 88.0}, "\u5f13\u7bad\u624b": {"win": 4, "loss": 96, "draw": 0, "win_rate": 4.0}, "\u72c2\u6230\u58eb": {"win": 57, "loss": 43, "draw": 0, "win_rate": 56.99999999999999}, "\u9f8d\u795e": {"win": 50, "loss": 50, "draw": 0, "win_rate": 50.0}, "\u8840\u795e": {"win": 3, "loss": 83, "draw": 14, "win_rate": 3.488372093023256}, "\u525b\u6bc5\u6b66\u58eb": {"win": 2, "loss": 0, "draw": 98, "win_rate": 100.0}, "\u9be8\u541e": {"win": 90, "loss": 10, "draw": 0, "win_rate": 90.0}, "\u8352\u539f\u904a\u4fe0": {"win": 29, "loss": 71, "draw": 0, "win_rate": 28.999999999999996}, "\u5143\u7d20\u6cd5\u5e2b": {"win": 69, "loss": 31, "draw": 0, "win_rate": 69.0}, "\u8352\u795e": {"win": 30, "loss": 70, "draw": 0, "win_rate": 30.0}, "\u661f\u795e": {"win": 97, "loss": 3, "draw": 0, "win_rate": 97.0}}, "\u6cd5\u5e2b": {"\u8056\u9a0e\u58eb": {"win": 26, "loss": 74, "draw": 0, "win_rate": 26.0}, "\u523a\u5ba2": {"win": 53, "loss": 47, "draw": 0, "win_rate": 53.0}, "\u5f13\u7bad\u624b": {"win": 40, "loss": 60, "draw": 0, "win_rate": 40.0}, "\u72c2\u6230\u58eb": {"win": 29, "loss": 71, "draw": 0, "win_rate": 28.999999999999996}, "\u9f8d\u795e": {"win": 82, "loss": 18, "draw": 0, "win_rate": 82.0}, "\u8840\u795e": {"win": 0, "loss": 100, "draw": 0, "win_rate": 0.0}, "\u525b\u6bc5\u6b66\u58eb": {"win": 44, "loss": 56, "draw": 0, "win_rate": 44.0}, "\u9be8\u541e": {"win": 42, "loss": 58, "draw": 0, "win_rate": 42.0}, "\u8352\u539f\u904a\u4fe0": {"win": 61, "loss": 39, "draw": 0, "win_rate": 61.0}, "\u5143\u7d20\u6cd5\u5e2b": {"win": 54, "loss": 46, "draw": 0, "win_rate": 54.0}, "\u8352\u795e": {"win": 42, "loss": 58, "draw": 0, "win_rate": 42.0}, "\u661f\u795e": {"win": 77, "loss": 23, "draw": 0, "win_rate": 77.0}}, "\u523a\u5ba2": {"\u8056\u9a0e\u58eb": {"win": 8, "loss": 92, "draw": 0, "win_rate": 8.0}, "\u6cd5\u5e2b": {"win": 48, "loss": 52, "draw": 0, "win_rate": 48.0}, "\u5f13\u7bad\u624b": {"win": 41, "loss": 59, "draw": 0, "win_rate": 41.0}, "\u72c2\u6230\u58eb": {"win": 19, "loss": 81, "draw": 0, "win_rate": 19.0}, "\u9f8d\u795e": {"win": 47, "loss": 53, "draw": 0, "win_rate": 47.0}, "\u8840\u795e": {"win": 0, "loss": 100, "draw": 0, "win_rate": 0.0}, "\u525b\u6bc5\u6b66\u58eb": {"win": 36, "loss": 64, "draw": 0, "win_rate": 36.0}, "\u9be8\u541e": {"win": 37, "loss": 63, "draw": 0, "win_rate": 37.0}, "\u8352\u539f\u904a\u4fe0": {"win": 48, "loss": 52, "draw": 0, "win_rate": 48.0}, "\u5143\u7d20\u6cd5\u5e2b": {"win": 37, "loss": 63, "draw": 0, "win_rate": 37.0}, "\u8352\u795e": {"win": 42, "loss": 58, "draw": 0, "win_rate": 42.0}, "\u661f\u795e": {"win": 76, "loss": 24, "draw": 0, "win_rate": 76.0}}, "\u5f13\u7bad\u624b": {"\u8056\u9a0e\u58eb": {"win": 95, "loss": 5, "draw": 0, "win_rate": 95.0}, "\u6cd5\u5e2b": {"win": 54, "loss": 46, "draw": 0, "win_rate": 54.0}, "\u523a\u5ba2": {"win": 69, "loss": 31, "draw": 0, "win_rate": 69.0}, "\u72c2\u6230\u58eb": {"win": 51, "loss": 49, "draw": 0, "win_rate": 51.0}, "\u9f8d\u795e": {"win": 73, "loss": 27, "draw": 0, "win_rate": 73.0}, "\u8840\u795e": {"win": 65, "loss": 35, "draw": 0, "win_rate": 65.0}, "\u525b\u6bc5\u6b66\u58eb": {"win": 90, "loss": 9, "draw": 1, "win_rate": 90.9090909090909}, "\u9be8\u541e": {"win": 40, "loss": 60, "draw": 0, "win_rate": 40.0}, "\u8352\u539f\u904a\u4fe0": {"win": 44, "loss": 56, "draw": 0, "win_rate": 44.0}, "\u5143\u7d20\u6cd5\u5e2b": {"win": 33, "loss": 67, "draw": 0, "win_rate": 33.0}, "\u8352\u795e": {"win": 97, "loss": 3, "draw": 0, "win_rate": 97.0}, "\u661f\u795e": {"win": 77, "loss": 23, "draw": 0, "win_rate": 77.0}}, "\u72c2\u6230\u58eb": {"\u8056\u9a0e\u58eb": {"win": 40, "loss": 60, "draw": 0, "win_rate": 40.0}, "\u6cd5\u5e2b": {"win": 75, "loss": 25, "draw": 0, "win_rate": 75.0}, "\u523a\u5ba2": {"win": 77, "loss": 23, "draw": 0, "win_rate": 77.0}, "\u5f13\u7bad\u624b": {"win": 48, "loss": 52, "draw": 0, "win_rate": 48.0}, "\u9f8d\u795e": {"win": 62, "loss": 38, "draw": 0, "win_rate": 62.0}, "\u8840\u795e": {"win": 0, "loss": 100, "draw": 0, "win_rate": 0.0}, "\u525b\u6bc5\u6b66\u58eb": {"win": 34, "loss": 10, "draw": 56, "win_rate": 77.27272727272727}, "\u9be8\u541e": {"win": 59, "loss": 41, "draw": 0, "win_rate": 59.0}, "\u8352\u539f\u904a\u4fe0": {"win": 49, "loss": 51, "draw": 0, "win_rate": 49.0}, "\u5143\u7d20\u6cd5\u5e2b": {"win": 61, "loss": 39, "draw": 0, "win_rate": 61.0}, "\u8352\u795e": {"win": 68, "loss": 32, "draw": 0, "win_rate": 68.0}, "\u661f\u795e": {"win": 98, "loss": 2, "draw": 0, "win_rate": 98.0}}, "\u9f8d\u795e": {"\u8056\u9a0e\u58eb": {"win": 51, "loss": 49, "draw": 0, "win_rate": 51.0}, "\u6cd5\u5e2b": {"win": 19, "loss": 81, "draw": 0, "win_rate": 19.0}, "\u523a\u5ba2": {"win": 52, "loss": 48, "draw": 0, "win_rate": 52.0}, "\u5f13\u7bad\u624b": {"win": 39, "loss": 61, "draw": 0, "win_rate": 39.0}, "\u72c2\u6230\u58eb": {"win": 41, "loss": 59, "draw": 0, "win_rate": 41.0}, "\u8840\u795e": {"win": 0, "loss": 100, "draw": 0, "win_rate": 0.0}, "\u525b\u6bc5\u6b66\u58eb": {"win": 32, "loss": 68, "draw": 0, "win_rate": 32.0}, "\u9be8\u541e": {"win": 86, "loss": 14, "draw": 0, "win_rate": 86.0}, "\u8352\u539f\u904a\u4fe0": {"win": 32, "loss": 68, "draw": 0, "win_rate": 32.0}, "\u5143\u7d20\u6cd5\u5e2b": {"win": 50, "loss": 50, "draw": 0, "win_rate": 50.0}, "\u8352\u795e": {"win": 81, "loss": 19, "draw": 0, "win_rate": 81.0}, "\u661f\u795e": {"win": 40, "loss": 60, "draw": 0, "win_rate": 40.0}}, "\u8840\u795e": {"\u8056\u9a0e\u58eb": {"win": 81, "loss": 4, "draw": 15, "win_rate": 95.29411764705881}, "\u6cd5\u5e2b": {"win": 100, "loss": 0, "draw": 0, "win_rate": 100.0}, "\u523a\u5ba2": {"win": 99, "loss": 1, "draw": 0, "win_rate": 99.0}, "\u5f13\u7bad\u624b": {"win": 30, "loss": 70, "draw": 0, "win_rate": 30.0}, "\u72c2\u6230\u58eb": {"win": 100, "loss": 0, "draw": 0, "win_rate": 100.0}, "\u9f8d\u795e": {"win": 100, "loss": 0, "draw": 0, "win_rate": 100.0}, "\u525b\u6bc5\u6b66\u58eb": {"win": 65, "loss": 5, "draw": 30, "win_rate": 92.85714285714286}, "\u9be8\u541e": {"win": 76, "loss": 23, "draw": 1, "win_rate": 76.76767676767676}, "\u8352\u539f\u904a\u4fe0": {"win": 100, "loss": 0, "draw": 0, "win_rate": 100.0}, "\u5143\u7d20\u6cd5\u5e2b": {"win": 95, "loss": 5, "draw": 0,