{"data": {"env_evaluation": {"ehi": 0.92, "esi": 0.988, "mpi": 0.647, "avg_rounds": 8.03025641025641}, "profession_evaluation": {"\u8056\u9a0e\u58eb": {"EIR": 22.56, "Advanced NAS": -0.337, "MSI": 0.64, "PI20": 0.83, "AVG_WR": 47.241379310344826}, "\u6cd5\u5e2b": {"EIR": 28.51, "Advanced NAS": -0.23, "MSI": 0.67, "PI20": 0.58, "AVG_WR": 51.66666666666667}, "\u523a\u5ba2": {"EIR": 34.27, "Advanced NAS": 0.135, "MSI": 0.82, "PI20": 0.33, "AVG_WR": 60.333333333333336}, "\u5f13\u7bad\u624b": {"EIR": 44.15, "Advanced NAS": 0.746, "MSI": 0.77, "PI20": 0.42, "AVG_WR": 69.66666666666667}, "\u72c2\u6230\u58eb": {"EIR": 7.25, "Advanced NAS": -0.69, "MSI": 0.72, "PI20": 0.42, "AVG_WR": 28.46975088967972}, "\u9f8d\u795e": {"EIR": 13.39, "Advanced NAS": -0.635, "MSI": 0.65, "PI20": 0.75, "AVG_WR": 36.0}, "\u8840\u795e": {"EIR": 60.33, "Advanced NAS": 3.185, "MSI": 0.71, "PI20": 0.17, "AVG_WR": 85.66666666666667}, "\u525b\u6bc5\u6b66\u58eb": {"EIR": 28.39, "Advanced NAS": -0.057, "MSI": 0.63, "PI20": 0.83, "AVG_WR": 58.7360594795539}, "\u9be8\u541e": {"EIR": 3.79, "Advanced NAS": -0.745, "MSI": 0.78, "PI20": 0.5, "AVG_WR": 29.666666666666668}, "\u8352\u539f\u904a\u4fe0": {"EIR": 14.99, "Advanced NAS": -0.545, "MSI": 0.73, "PI20": 0.58, "AVG_WR": 40.33333333333333}, "\u5143\u7d20\u6cd5\u5e2b": {"EIR": 31.36, "Advanced NAS": -0.051, "MSI": 0.7, "PI20": 0.5, "AVG_WR": 56.333333333333336}, "\u8352\u795e": {"EIR": 13.88, "Advanced NAS": -0.581, "MSI": 0.68, "PI20": 0.58, "AVG_WR": 38.666666666666664}, "\u661f\u795e": {"EIR": 26.42, "Advanced NAS": -0.194, "MSI": 0.66, "PI20": 0.67, "AVG_WR": 52.666666666666664}}, "combine_win_rate_table": {"\u8056\u9a0e\u58eb": {"\u6cd5\u5e2b": {"win": 3, "loss": 22, "draw": 0, "win_rate": 12.0}, "\u523a\u5ba2": {"win": 15, "loss": 10, "draw": 0, "win_rate": 60.0}, "\u5f13\u7bad\u624b": {"win": 5, "loss": 20, "draw": 0, "win_rate": 20.0}, "\u72c2\u6230\u58eb": {"win": 20, "loss": 5, "draw": 0, "win_rate": 80.0}, "\u9f8d\u795e": {"win": 3, "loss": 22, "draw": 0, "win_rate": 12.0}, "\u8840\u795e": {"win": 0, "loss": 25, "draw": 0, "win_rate": 0.0}, "\u525b\u6bc5\u6b66\u58eb": {"win": 12, "loss": 3, "draw": 10, "win_rate": 80.0}, "\u9be8\u541e": {"win": 23, "loss": 2, "draw": 0, "win_rate": 92.0}, "\u8352\u539f\u904a\u4fe0": {"win": 21, "loss": 4, "draw": 0, "win_rate": 84.0}, "\u5143\u7d20\u6cd5\u5e2b": {"win": 9, "loss": 16, "draw": 0, "win_rate": 36.0}, "\u8352\u795e": {"win": 2, "loss": 23, "draw": 0, "win_rate": 8.0}, "\u661f\u795e": {"win": 24, "loss": 1, "draw": 0, "win_rate": 96.0}}, "\u6cd5\u5e2b": {"\u8056\u9a0e\u58eb": {"win": 23, "loss": 2, "draw": 0, "win_rate": 92.0}, "\u523a\u5ba2": {"win": 14, "loss": 11, "draw": 0, "win_rate": 56.00000000000001}, "\u5f13\u7bad\u624b": {"win": 1, "loss": 24, "draw": 0, "win_rate": 4.0}, "\u72c2\u6230\u58eb": {"win": 21, "loss": 4, "draw": 0, "win_rate": 84.0}, "\u9f8d\u795e": {"win": 16, "loss": 9, "draw": 0, "win_rate": 64.0}, "\u8840\u795e": {"win": 0, "loss": 25, "draw": 0, "win_rate": 0.0}, "\u525b\u6bc5\u6b66\u58eb": {"win": 0, "loss": 25, "draw": 0, "win_rate": 0.0}, "\u9be8\u541e": {"win": 21, "loss": 4, "draw": 0, "win_rate": 84.0}, "\u8352\u539f\u904a\u4fe0": {"win": 12, "loss": 13, "draw": 0, "win_rate": 48.0}, "\u5143\u7d20\u6cd5\u5e2b": {"win": 10, "loss": 15, "draw": 0, "win_rate": 40.0}, "\u8352\u795e": {"win": 23, "loss": 2, "draw": 0, "win_rate": 92.0}, "\u661f\u795e": {"win": 14, "loss": 11, "draw": 0, "win_rate": 56.00000000000001}}, "\u523a\u5ba2": {"\u8056\u9a0e\u58eb": {"win": 14, "loss": 11, "draw": 0, "win_rate": 56.00000000000001}, "\u6cd5\u5e2b": {"win": 11, "loss": 14, "draw": 0, "win_rate": 44.0}, "\u5f13\u7bad\u624b": {"win": 16, "loss": 9, "draw": 0, "win_rate": 64.0}, "\u72c2\u6230\u58eb": {"win": 22, "loss": 3, "draw": 0, "win_rate": 88.0}, "\u9f8d\u795e": {"win": 16, "loss": 9, "draw": 0, "win_rate": 64.0}, "\u8840\u795e": {"win": 9, "loss": 16, "draw": 0, "win_rate": 36.0}, "\u525b\u6bc5\u6b66\u58eb": {"win": 17, "loss": 8, "draw": 0, "win_rate": 68.0}, "\u9be8\u541e": {"win": 15, "loss": 10, "draw": 0, "win_rate": 60.0}, "\u8352\u539f\u904a\u4fe0": {"win": 22, "loss": 3, "draw": 0, "win_rate": 88.0}, "\u5143\u7d20\u6cd5\u5e2b": {"win": 6, "loss": 19, "draw": 0, "win_rate": 24.0}, "\u8352\u795e": {"win": 17, "loss": 8, "draw": 0, "win_rate": 68.0}, "\u661f\u795e": {"win": 16, "loss": 9, "draw": 0, "win_rate": 64.0}}, "\u5f13\u7bad\u624b": {"\u8056\u9a0e\u58eb": {"win": 18, "loss": 7, "draw": 0, "win_rate": 72.0}, "\u6cd5\u5e2b": {"win": 19, "loss": 6, "draw": 0, "win_rate": 76.0}, "\u523a\u5ba2": {"win": 10, "loss": 15, "draw": 0, "win_rate": 40.0}, "\u72c2\u6230\u58eb": {"win": 24, "loss": 1, "draw": 0, "win_rate": 96.0}, "\u9f8d\u795e": {"win": 25, "loss": 0, "draw": 0, "win_rate": 100.0}, "\u8840\u795e": {"win": 13, "loss": 12, "draw": 0, "win_rate": 52.0}, "\u525b\u6bc5\u6b66\u58eb": {"win": 22, "loss": 3, "draw": 0, "win_rate": 88.0}, "\u9be8\u541e": {"win": 18, "loss": 7, "draw": 0, "win_rate": 72.0}, "\u8352\u539f\u904a\u4fe0": {"win": 7, "loss": 18, "draw": 0, "win_rate": 28.000000000000004}, "\u5143\u7d20\u6cd5\u5e2b": {"win": 14, "loss": 11, "draw": 0, "win_rate": 56.00000000000001}, "\u8352\u795e": {"win": 25, "loss": 0, "draw": 0, "win_rate": 100.0}, "\u661f\u795e": {"win": 14, "loss": 11, "draw": 0, "win_rate": 56.00000000000001}}, "\u72c2\u6230\u58eb": {"\u8056\u9a0e\u58eb": {"win": 5, "loss": 20, "draw": 0, "win_rate": 20.0}, "\u6cd5\u5e2b": {"win": 1, "loss": 24, "draw": 0, "win_rate": 4.0}, "\u523a\u5ba2": {"win": 5, "loss": 20, "draw": 0, "win_rate": 20.0}, "\u5f13\u7bad\u624b": {"win": 3, "loss": 22, "draw": 0, "win_rate": 12.0}, "\u9f8d\u795e": {"win": 12, "loss": 13, "draw": 0, "win_rate": 48.0}, "\u8840\u795e": {"win": 0, "loss": 25, "draw": 0, "win_rate": 0.0}, "\u525b\u6bc5\u6b66\u58eb": {"win": 6, "loss": 0, "draw": 19, "win_rate": 100.0}, "\u9be8\u541e": {"win": 6, "loss": 19, "draw": 0, "win_rate": 24.0}, "\u8352\u539f\u904a\u4fe0": {"win": 13, "loss": 12, "draw": 0, "win_rate": 52.0}, "\u5143\u7d20\u6cd5\u5e2b": {"win": 5, "loss": 20, "draw": 0, "win_rate": 20.0}, "\u8352\u795e": {"win": 17, "loss": 8, "draw": 0, "win_rate": 68.0}, "\u661f\u795e": {"win": 7, "loss": 18, "draw": 0, "win_rate": 28.000000000000004}}, "\u9f8d\u795e": {"\u8056\u9a0e\u58eb": {"win": 22, "loss": 3, "draw": 0, "win_rate": 88.0}, "\u6cd5\u5e2b": {"win": 5, "loss": 20, "draw": 0, "win_rate": 20.0}, "\u523a\u5ba2": {"win": 3, "loss": 22, "draw": 0, "win_rate": 12.0}, "\u5f13\u7bad\u624b": {"win": 1, "loss": 24, "draw": 0, "win_rate": 4.0}, "\u72c2\u6230\u58eb": {"win": 14, "loss": 11, "draw": 0, "win_rate": 56.00000000000001}, "\u8840\u795e": {"win": 0, "loss": 25, "draw": 0, "win_rate": 0.0}, "\u525b\u6bc5\u6b66\u58eb": {"win": 0, "loss": 25, "draw": 0, "win_rate": 0.0}, "\u9be8\u541e": {"win": 25, "loss": 0, "draw": 0, "win_rate": 100.0}, "\u8352\u539f\u904a\u4fe0": {"win": 12, "loss": 13, "draw": 0, "win_rate": 48.0}, "\u5143\u7d20\u6cd5\u5e2b": {"win": 19, "loss": 6, "draw": 0, "win_rate": 76.0}, "\u8352\u795e": {"win": 7, "loss": 18, "draw": 0, "win_rate": 28.000000000000004}, "\u661f\u795e": {"win": 0, "loss": 25, "draw": 0, "win_rate": 0.0}}, "\u8840\u795e": {"\u8056\u9a0e\u58eb": {"win": 25, "loss": 0, "draw": 0, "win_rate": 100.0}, "\u6cd5\u5e2b": {"win": 25, "loss": 0, "draw": 0, "win_rate": 100.0}, "\u523a\u5ba2": {"win": 18, "loss": 7, "draw": 0, "win_rate": 72.0}, "\u5f13\u7bad\u624b": {"win": 14, "loss": 11, "draw": 0, "win_rate": 56.00000000000001}, "\u72c2\u6230\u58eb": {"win": 25, "loss": 0, "draw": 0, "win_rate": 100.0}, "\u9f8d\u795e": {"win": 25, "loss": 0, "draw": 0, "win_rate": 100.0}, "\u525b\u6bc5\u6b66\u58eb": {"win": 25, "loss": 0, "draw": 0, "win_rate": 100.0}, "\u9be8\u541e": {"win": 25, "loss": 0, "draw": 0, "win_rate": 100.0}, "\u8352\u539f\u904a\u4fe0": {"win": 25, "loss": 0, "draw": 0, "win_rate": 100.0}, "\u5143\u7d20\u6cd5\u5e2b": {"win": 25, "loss": 0, "draw": 0, "win_rate": 100.0}, "\u8352\u795e": {"win": 25, "loss": 0,