{"data": {"env_evaluation": {"ehi": 0.905, "esi": 0.995, "mpi": 0.193, "avg_rounds": 8.884615384615385}, "profession_evaluation": {"\u8056\u9a0e\u58eb": {"EIR": 0.44, "Advanced NAS": -0.361, "MSI": 0.8, "PI20": 0.67, "AVG_WR": 48.333333333333336}, "\u6cd5\u5e2b": {"EIR": 0.52, "Advanced NAS": 1.32, "MSI": 0.75, "PI20": 0.58, "AVG_WR": 57.333333333333336}, "\u523a\u5ba2": {"EIR": 0.52, "Advanced NAS": 1.47, "MSI": 0.84, "PI20": 0.75, "AVG_WR": 57.99999999999999}, "\u5f13\u7bad\u624b": {"EIR": 0.43, "Advanced NAS": -0.567, "MSI": 0.71, "PI20": 0.25, "AVG_WR": 47.0}, "\u72c2\u6230\u58eb": {"EIR": 0.41, "Advanced NAS": -1.041, "MSI": 0.81, "PI20": 0.58, "AVG_WR": 43.666666666666664}, "\u9f8d\u795e": {"EIR": 0.46, "Advanced NAS": 0.023, "MSI": 0.82, "PI20": 0.58, "AVG_WR": 50.66666666666667}, "\u8840\u795e": {"EIR": 0.45, "Advanced NAS": -0.484, "MSI": 0.75, "PI20": 0.58, "AVG_WR": 47.491638795986624}, "\u525b\u6bc5\u6b66\u58eb": {"EIR": 0.42, "Advanced NAS": -0.516, "MSI": 0.71, "PI20": 0.33, "AVG_WR": 47.333333333333336}, "\u9be8\u541e": {"EIR": 0.39, "Advanced NAS": -1.301, "MSI": 0.72, "PI20": 0.33, "AVG_WR": 41.66666666666667}, "\u8352\u539f\u904a\u4fe0": {"EIR": 0.52, "Advanced NAS": 1.47, "MSI": 0.74, "PI20": 0.5, "AVG_WR": 57.99999999999999}, "\u5143\u7d20\u6cd5\u5e2b": {"EIR": 0.48, "Advanced NAS": 0.269, "MSI": 0.76, "PI20": 0.42, "AVG_WR": 52.17391304347826}, "\u8352\u795e": {"EIR": 0.49, "Advanced NAS": 1.104, "MSI": 0.72, "PI20": 0.25, "AVG_WR": 56.333333333333336}, "\u661f\u795e": {"EIR": 0.36, "Advanced NAS": -1.384, "MSI": 0.7, "PI20": 0.33, "AVG_WR": 41.0}}, "combine_win_rate_table": {"\u8056\u9a0e\u58eb": {"\u6cd5\u5e2b": {"win": 16, "loss": 9, "draw": 0, "win_rate": 64.0}, "\u523a\u5ba2": {"win": 7, "loss": 18, "draw": 0, "win_rate": 28.000000000000004}, "\u5f13\u7bad\u624b": {"win": 14, "loss": 11, "draw": 0, "win_rate": 56.00000000000001}, "\u72c2\u6230\u58eb": {"win": 17, "loss": 8, "draw": 0, "win_rate": 68.0}, "\u9f8d\u795e": {"win": 9, "loss": 16, "draw": 0, "win_rate": 36.0}, "\u8840\u795e": {"win": 11, "loss": 14, "draw": 0, "win_rate": 44.0}, "\u525b\u6bc5\u6b66\u58eb": {"win": 10, "loss": 15, "draw": 0, "win_rate": 40.0}, "\u9be8\u541e": {"win": 21, "loss": 4, "draw": 0, "win_rate": 84.0}, "\u8352\u539f\u904a\u4fe0": {"win": 15, "loss": 10, "draw": 0, "win_rate": 60.0}, "\u5143\u7d20\u6cd5\u5e2b": {"win": 16, "loss": 9, "draw": 0, "win_rate": 64.0}, "\u8352\u795e": {"win": 2, "loss": 23, "draw": 0, "win_rate": 8.0}, "\u661f\u795e": {"win": 7, "loss": 18, "draw": 0, "win_rate": 28.000000000000004}}, "\u6cd5\u5e2b": {"\u8056\u9a0e\u58eb": {"win": 7, "loss": 18, "draw": 0, "win_rate": 28.000000000000004}, "\u523a\u5ba2": {"win": 11, "loss": 14, "draw": 0, "win_rate": 44.0}, "\u5f13\u7bad\u624b": {"win": 18, "loss": 7, "draw": 0, "win_rate": 72.0}, "\u72c2\u6230\u58eb": {"win": 17, "loss": 8, "draw": 0, "win_rate": 68.0}, "\u9f8d\u795e": {"win": 23, "loss": 2, "draw": 0, "win_rate": 92.0}, "\u8840\u795e": {"win": 9, "loss": 16, "draw": 0, "win_rate": 36.0}, "\u525b\u6bc5\u6b66\u58eb": {"win": 12, "loss": 13, "draw": 0, "win_rate": 48.0}, "\u9be8\u541e": {"win": 2, "loss": 23, "draw": 0, "win_rate": 8.0}, "\u8352\u539f\u904a\u4fe0": {"win": 14, "loss": 11, "draw": 0, "win_rate": 56.00000000000001}, "\u5143\u7d20\u6cd5\u5e2b": {"win": 16, "loss": 9, "draw": 0, "win_rate": 64.0}, "\u8352\u795e": {"win": 18, "loss": 7, "draw": 0, "win_rate": 72.0}, "\u661f\u795e": {"win": 25, "loss": 0, "draw": 0, "win_rate": 100.0}}, "\u523a\u5ba2": {"\u8056\u9a0e\u58eb": {"win": 19, "loss": 6, "draw": 0, "win_rate": 76.0}, "\u6cd5\u5e2b": {"win": 15, "loss": 10, "draw": 0, "win_rate": 60.0}, "\u5f13\u7bad\u624b": {"win": 16, "loss": 9, "draw": 0, "win_rate": 64.0}, "\u72c2\u6230\u58eb": {"win": 10, "loss": 15, "draw": 0, "win_rate": 40.0}, "\u9f8d\u795e": {"win": 13, "loss": 12, "draw": 0, "win_rate": 52.0}, "\u8840\u795e": {"win": 12, "loss": 13, "draw": 0, "win_rate": 48.0}, "\u525b\u6bc5\u6b66\u58eb": {"win": 9, "loss": 16, "draw": 0, "win_rate": 36.0}, "\u9be8\u541e": {"win": 15, "loss": 10, "draw": 0, "win_rate": 60.0}, "\u8352\u539f\u904a\u4fe0": {"win": 9, "loss": 16, "draw": 0, "win_rate": 36.0}, "\u5143\u7d20\u6cd5\u5e2b": {"win": 15, "loss": 10, "draw": 0, "win_rate": 60.0}, "\u8352\u795e": {"win": 18, "loss": 7, "draw": 0, "win_rate": 72.0}, "\u661f\u795e": {"win": 23, "loss": 2, "draw": 0, "win_rate": 92.0}}, "\u5f13\u7bad\u624b": {"\u8056\u9a0e\u58eb": {"win": 17, "loss": 8, "draw": 0, "win_rate": 68.0}, "\u6cd5\u5e2b": {"win": 5, "loss": 20, "draw": 0, "win_rate": 20.0}, "\u523a\u5ba2": {"win": 5, "loss": 20, "draw": 0, "win_rate": 20.0}, "\u72c2\u6230\u58eb": {"win": 6, "loss": 19, "draw": 0, "win_rate": 24.0}, "\u9f8d\u795e": {"win": 8, "loss": 17, "draw": 0, "win_rate": 32.0}, "\u8840\u795e": {"win": 24, "loss": 1, "draw": 0, "win_rate": 96.0}, "\u525b\u6bc5\u6b66\u58eb": {"win": 25, "loss": 0, "draw": 0, "win_rate": 100.0}, "\u9be8\u541e": {"win": 7, "loss": 18, "draw": 0, "win_rate": 28.000000000000004}, "\u8352\u539f\u904a\u4fe0": {"win": 6, "loss": 19, "draw": 0, "win_rate": 24.0}, "\u5143\u7d20\u6cd5\u5e2b": {"win": 14, "loss": 11, "draw": 0, "win_rate": 56.00000000000001}, "\u8352\u795e": {"win": 18, "loss": 7, "draw": 0, "win_rate": 72.0}, "\u661f\u795e": {"win": 6, "loss": 19, "draw": 0, "win_rate": 24.0}}, "\u72c2\u6230\u58eb": {"\u8056\u9a0e\u58eb": {"win": 13, "loss": 12, "draw": 0, "win_rate": 52.0}, "\u6cd5\u5e2b": {"win": 10, "loss": 15, "draw": 0, "win_rate": 40.0}, "\u523a\u5ba2": {"win": 16, "loss": 9, "draw": 0, "win_rate": 64.0}, "\u5f13\u7bad\u624b": {"win": 18, "loss": 7, "draw": 0, "win_rate": 72.0}, "\u9f8d\u795e": {"win": 6, "loss": 19, "draw": 0, "win_rate": 24.0}, "\u8840\u795e": {"win": 7, "loss": 18, "draw": 0, "win_rate": 28.000000000000004}, "\u525b\u6bc5\u6b66\u58eb": {"win": 9, "loss": 16, "draw": 0, "win_rate": 36.0}, "\u9be8\u541e": {"win": 5, "loss": 20, "draw": 0, "win_rate": 20.0}, "\u8352\u539f\u904a\u4fe0": {"win": 4, "loss": 21, "draw": 0, "win_rate": 16.0}, "\u5143\u7d20\u6cd5\u5e2b": {"win": 15, "loss": 10, "draw": 0, "win_rate": 60.0}, "\u8352\u795e": {"win": 17, "loss": 8, "draw": 0, "win_rate": 68.0}, "\u661f\u795e": {"win": 11, "loss": 14, "draw": 0, "win_rate": 44.0}}, "\u9f8d\u795e": {"\u8056\u9a0e\u58eb": {"win": 19, "loss": 6, "draw": 0, "win_rate": 76.0}, "\u6cd5\u5e2b": {"win": 6, "loss": 19, "draw": 0, "win_rate": 24.0}, "\u523a\u5ba2": {"win": 6, "loss": 19, "draw": 0, "win_rate": 24.0}, "\u5f13\u7bad\u624b": {"win": 15, "loss": 10, "draw": 0, "win_rate": 60.0}, "\u72c2\u6230\u58eb": {"win": 18, "loss": 7, "draw": 0, "win_rate": 72.0}, "\u8840\u795e": {"win": 8, "loss": 17, "draw": 0, "win_rate": 32.0}, "\u525b\u6bc5\u6b66\u58eb": {"win": 14, "loss": 11, "draw": 0, "win_rate": 56.00000000000001}, "\u9be8\u541e": {"win": 18, "loss": 7, "draw": 0, "win_rate": 72.0}, "\u8352\u539f\u904a\u4fe0": {"win": 10, "loss": 15, "draw": 0, "win_rate": 40.0}, "\u5143\u7d20\u6cd5\u5e2b": {"win": 14, "loss": 11, "draw": 0, "win_rate": 56.00000000000001}, "\u8352\u795e": {"win": 15, "loss": 10, "draw": 0, "win_rate": 60.0}, "\u661f\u795e": {"win": 9, "loss": 16, "draw": 0, "win_rate": 36.0}}, "\u8840\u795e": {"\u8056\u9a0e\u58eb": {"win": 10, "loss": 15, "draw": 0, "win_rate": 40.0}, "\u6cd5\u5e2b": {"win": 20, "loss": 5, "draw": 0, "win_rate": 80.0}, "\u523a\u5ba2": {"win": 15, "loss": 10, "draw": 0, "win_rate": 60.0}, "\u5f13\u7bad\u624b": {"win": 1, "loss": 24, "draw": 0, "win_rate": 4.0}, "\u72c2\u6230\u58eb": {"win": 15, "loss": 10, "draw": 0, "win_rate": 60.0}, "\u9f8d\u795e": {"win": 12, "loss": 13, "draw": 0, "win_rate": 48.0}, "\u525b\u6bc5\u6b66\u58eb": {"win": 10, "loss": 15, "draw": 0, "win_rate": 40.0}, "\u9be8\u541e": {"win": 13, "loss": 12, "draw": 0, "win_rate": 52.0}, "\u8352\u539f\u904a\u4fe0": {"win": 23, "loss": 2, "draw": 0, "win_rate": 92.0}, "\u5143\u7d20\u6cd5\u5e2b": {"win": 15, "loss": 9, "draw": 1, "win_rate": 62.5}, "\u8352\u795e": {"win": 4, "loss": 21, "draw": 0,