{"data": {"env_evaluation": {"ehi": 0.893, "esi": 0.987, "mpi": 0.2, "avg_rounds": 8.249358974358975}, "profession_evaluation": {"\u8056\u9a0e\u58eb": {"EIR": -11.47, "Advanced NAS": -2.073, "MSI": 0.83, "PI20": 0.17, "AVG_WR": 11.76470588235294}, "\u6cd5\u5e2b": {"EIR": 28.82, "Advanced NAS": 0.683, "MSI": 0.65, "PI20": 0.67, "AVG_WR": 58.333333333333336}, "\u523a\u5ba2": {"EIR": 29.81, "Advanced NAS": 0.039, "MSI": 0.79, "PI20": 0.42, "AVG_WR": 52.5}, "\u5f13\u7bad\u624b": {"EIR": 19.5, "Advanced NAS": -0.879, "MSI": 0.71, "PI20": 0.67, "AVG_WR": 40.833333333333336}, "\u72c2\u6230\u58eb": {"EIR": 27.46, "Advanced NAS": -0.335, "MSI": 0.75, "PI20": 0.5, "AVG_WR": 48.333333333333336}, "\u9f8d\u795e": {"EIR": 41.25, "Advanced NAS": 1.964, "MSI": 0.75, "PI20": 0.42, "AVG_WR": 66.66666666666666}, "\u8840\u795e": {"EIR": 35.64, "Advanced NAS": 0.683, "MSI": 0.58, "PI20": 0.83, "AVG_WR": 58.333333333333336}, "\u525b\u6bc5\u6b66\u58eb": {"EIR": 26.55, "Advanced NAS": 0.122, "MSI": 0.68, "PI20": 0.5, "AVG_WR": 53.333333333333336}, "\u9be8\u541e": {"EIR": 37.91, "Advanced NAS": 0.683, "MSI": 0.71, "PI20": 0.58, "AVG_WR": 58.333333333333336}, "\u8352\u539f\u904a\u4fe0": {"EIR": 28.75, "Advanced NAS": 0.207, "MSI": 0.73, "PI20": 0.75, "AVG_WR": 54.166666666666664}, "\u5143\u7d20\u6cd5\u5e2b": {"EIR": 9.96, "Advanced NAS": -1.17, "MSI": 0.73, "PI20": 0.42, "AVG_WR": 35.833333333333336}, "\u8352\u795e": {"EIR": 17.91, "Advanced NAS": -0.714, "MSI": 0.68, "PI20": 0.67, "AVG_WR": 43.333333333333336}, "\u661f\u795e": {"EIR": 28.3, "Advanced NAS": 0.789, "MSI": 0.69, "PI20": 0.67, "AVG_WR": 59.166666666666664}}, "combine_win_rate_table": {"\u8056\u9a0e\u58eb": {"\u6cd5\u5e2b": {"win": 0, "loss": 10, "draw": 0, "win_rate": 0.0}, "\u523a\u5ba2": {"win": 0, "loss": 10, "draw": 0, "win_rate": 0.0}, "\u5f13\u7bad\u624b": {"win": 5, "loss": 5, "draw": 0, "win_rate": 50.0}, "\u72c2\u6230\u58eb": {"win": 3, "loss": 7, "draw": 0, "win_rate": 30.0}, "\u9f8d\u795e": {"win": 0, "loss": 10, "draw": 0, "win_rate": 0.0}, "\u8840\u795e": {"win": 0, "loss": 10, "draw": 0, "win_rate": 0.0}, "\u525b\u6bc5\u6b66\u58eb": {"win": 0, "loss": 9, "draw": 1, "win_rate": 0.0}, "\u9be8\u541e": {"win": 4, "loss": 6, "draw": 0, "win_rate": 40.0}, "\u8352\u539f\u904a\u4fe0": {"win": 1, "loss": 9, "draw": 0, "win_rate": 10.0}, "\u5143\u7d20\u6cd5\u5e2b": {"win": 0, "loss": 10, "draw": 0, "win_rate": 0.0}, "\u8352\u795e": {"win": 1, "loss": 9, "draw": 0, "win_rate": 10.0}, "\u661f\u795e": {"win": 0, "loss": 10, "draw": 0, "win_rate": 0.0}}, "\u6cd5\u5e2b": {"\u8056\u9a0e\u58eb": {"win": 10, "loss": 0, "draw": 0, "win_rate": 100.0}, "\u523a\u5ba2": {"win": 2, "loss": 8, "draw": 0, "win_rate": 20.0}, "\u5f13\u7bad\u624b": {"win": 5, "loss": 5, "draw": 0, "win_rate": 50.0}, "\u72c2\u6230\u58eb": {"win": 5, "loss": 5, "draw": 0, "win_rate": 50.0}, "\u9f8d\u795e": {"win": 8, "loss": 2, "draw": 0, "win_rate": 80.0}, "\u8840\u795e": {"win": 0, "loss": 10, "draw": 0, "win_rate": 0.0}, "\u525b\u6bc5\u6b66\u58eb": {"win": 7, "loss": 3, "draw": 0, "win_rate": 70.0}, "\u9be8\u541e": {"win": 0, "loss": 10, "draw": 0, "win_rate": 0.0}, "\u8352\u539f\u904a\u4fe0": {"win": 5, "loss": 5, "draw": 0, "win_rate": 50.0}, "\u5143\u7d20\u6cd5\u5e2b": {"win": 9, "loss": 1, "draw": 0, "win_rate": 90.0}, "\u8352\u795e": {"win": 9, "loss": 1, "draw": 0, "win_rate": 90.0}, "\u661f\u795e": {"win": 10, "loss": 0, "draw": 0, "win_rate": 100.0}}, "\u523a\u5ba2": {"\u8056\u9a0e\u58eb": {"win": 8, "loss": 2, "draw": 0, "win_rate": 80.0}, "\u6cd5\u5e2b": {"win": 4, "loss": 6, "draw": 0, "win_rate": 40.0}, "\u5f13\u7bad\u624b": {"win": 9, "loss": 1, "draw": 0, "win_rate": 90.0}, "\u72c2\u6230\u58eb": {"win": 4, "loss": 6, "draw": 0, "win_rate": 40.0}, "\u9f8d\u795e": {"win": 3, "loss": 7, "draw": 0, "win_rate": 30.0}, "\u8840\u795e": {"win": 3, "loss": 7, "draw": 0, "win_rate": 30.0}, "\u525b\u6bc5\u6b66\u58eb": {"win": 2, "loss": 8, "draw": 0, "win_rate": 20.0}, "\u9be8\u541e": {"win": 5, "loss": 5, "draw": 0, "win_rate": 50.0}, "\u8352\u539f\u904a\u4fe0": {"win": 5, "loss": 5, "draw": 0, "win_rate": 50.0}, "\u5143\u7d20\u6cd5\u5e2b": {"win": 6, "loss": 4, "draw": 0, "win_rate": 60.0}, "\u8352\u795e": {"win": 7, "loss": 3, "draw": 0, "win_rate": 70.0}, "\u661f\u795e": {"win": 7, "loss": 3, "draw": 0, "win_rate": 70.0}}, "\u5f13\u7bad\u624b": {"\u8056\u9a0e\u58eb": {"win": 4, "loss": 6, "draw": 0, "win_rate": 40.0}, "\u6cd5\u5e2b": {"win": 2, "loss": 8, "draw": 0, "win_rate": 20.0}, "\u523a\u5ba2": {"win": 2, "loss": 8, "draw": 0, "win_rate": 20.0}, "\u72c2\u6230\u58eb": {"win": 2, "loss": 8, "draw": 0, "win_rate": 20.0}, "\u9f8d\u795e": {"win": 4, "loss": 6, "draw": 0, "win_rate": 40.0}, "\u8840\u795e": {"win": 9, "loss": 1, "draw": 0, "win_rate": 90.0}, "\u525b\u6bc5\u6b66\u58eb": {"win": 9, "loss": 1, "draw": 0, "win_rate": 90.0}, "\u9be8\u541e": {"win": 0, "loss": 10, "draw": 0, "win_rate": 0.0}, "\u8352\u539f\u904a\u4fe0": {"win": 3, "loss": 7, "draw": 0, "win_rate": 30.0}, "\u5143\u7d20\u6cd5\u5e2b": {"win": 4, "loss": 6, "draw": 0, "win_rate": 40.0}, "\u8352\u795e": {"win": 8, "loss": 2, "draw": 0, "win_rate": 80.0}, "\u661f\u795e": {"win": 2, "loss": 8, "draw": 0, "win_rate": 20.0}}, "\u72c2\u6230\u58eb": {"\u8056\u9a0e\u58eb": {"win": 5, "loss": 5, "draw": 0, "win_rate": 50.0}, "\u6cd5\u5e2b": {"win": 6, "loss": 4, "draw": 0, "win_rate": 60.0}, "\u523a\u5ba2": {"win": 6, "loss": 4, "draw": 0, "win_rate": 60.0}, "\u5f13\u7bad\u624b": {"win": 7, "loss": 3, "draw": 0, "win_rate": 70.0}, "\u9f8d\u795e": {"win": 3, "loss": 7, "draw": 0, "win_rate": 30.0}, "\u8840\u795e": {"win": 0, "loss": 10, "draw": 0, "win_rate": 0.0}, "\u525b\u6bc5\u6b66\u58eb": {"win": 4, "loss": 6, "draw": 0, "win_rate": 40.0}, "\u9be8\u541e": {"win": 0, "loss": 10, "draw": 0, "win_rate": 0.0}, "\u8352\u539f\u904a\u4fe0": {"win": 7, "loss": 3, "draw": 0, "win_rate": 70.0}, "\u5143\u7d20\u6cd5\u5e2b": {"win": 5, "loss": 5, "draw": 0, "win_rate": 50.0}, "\u8352\u795e": {"win": 8, "loss": 2, "draw": 0, "win_rate": 80.0}, "\u661f\u795e": {"win": 7, "loss": 3, "draw": 0, "win_rate": 70.0}}, "\u9f8d\u795e": {"\u8056\u9a0e\u58eb": {"win": 10, "loss": 0, "draw": 0, "win_rate": 100.0}, "\u6cd5\u5e2b": {"win": 6, "loss": 4, "draw": 0, "win_rate": 60.0}, "\u523a\u5ba2": {"win": 6, "loss": 4, "draw": 0, "win_rate": 60.0}, "\u5f13\u7bad\u624b": {"win": 5, "loss": 5, "draw": 0, "win_rate": 50.0}, "\u72c2\u6230\u58eb": {"win": 6, "loss": 4, "draw": 0, "win_rate": 60.0}, "\u8840\u795e": {"win": 6, "loss": 4, "draw": 0, "win_rate": 60.0}, "\u525b\u6bc5\u6b66\u58eb": {"win": 2, "loss": 8, "draw": 0, "win_rate": 20.0}, "\u9be8\u541e": {"win": 8, "loss": 2, "draw": 0, "win_rate": 80.0}, "\u8352\u539f\u904a\u4fe0": {"win": 8, "loss": 2, "draw": 0, "win_rate": 80.0}, "\u5143\u7d20\u6cd5\u5e2b": {"win": 10, "loss": 0, "draw": 0, "win_rate": 100.0}, "\u8352\u795e": {"win": 10, "loss": 0, "draw": 0, "win_rate": 100.0}, "\u661f\u795e": {"win": 3, "loss": 7, "draw": 0, "win_rate": 30.0}}, "\u8840\u795e": {"\u8056\u9a0e\u58eb": {"win": 10, "loss": 0, "draw": 0, "win_rate": 100.0}, "\u6cd5\u5e2b": {"win": 10, "loss": 0, "draw": 0, "win_rate": 100.0}, "\u523a\u5ba2": {"win": 6, "loss": 4, "draw": 0, "win_rate": 60.0}, "\u5f13\u7bad\u624b": {"win": 0, "loss": 10, "draw": 0, "win_rate": 0.0}, "\u72c2\u6230\u58eb": {"win": 9, "loss": 1, "draw": 0, "win_rate": 90.0}, "\u9f8d\u795e": {"win": 1, "loss": 9, "draw": 0, "win_rate": 10.0}, "\u525b\u6bc5\u6b66\u58eb": {"win": 9, "loss": 1, "draw": 0, "win_rate": 90.0}, "\u9be8\u541e": {"win": 4, "loss": 6, "draw": 0, "win_rate": 40.0}, "\u8352\u539f\u904a\u4fe0": {"win": 10, "loss": 0, "draw": 0, "win_rate": 100.0}, "\u5143\u7d20\u6cd5\u5e2b": {"win": 10, "loss": 0, "draw": 0, "win_rate": 100.0}, "\u8352\u795e": {"win": 1, "loss": 9, "draw": 0, "win_rate": 10.0}, "\u661f\u795e": {"win": 0, "loss": 10, "draw": 0, "win_rate": 0.0}}, "\u525b\u6bc5\u6b66\u58eb": {"\u8056\u9a0e\u58eb": {"win": 10, "loss": 0, "draw": 0, "win_rate": 100.0},