{"data": {"env_evaluation": {"ehi": 0.888, "esi": 0.986, "mpi": 0.427, "avg_rounds": 6.053076923076923}, "profession_evaluation": {"\u8056\u9a0e\u58eb": {"EIR": 17.89, "Advanced NAS": -0.84, "MSI": 0.74, "PI20": 0.42, "AVG_WR": 44.333333333333336}, "\u6cd5\u5e2b": {"EIR": 21.8, "Advanced NAS": -0.236, "MSI": 0.72, "PI20": 0.5, "AVG_WR": 49.333333333333336}, "\u523a\u5ba2": {"EIR": 8.41, "Advanced NAS": -2.061, "MSI": 0.84, "PI20": 0.25, "AVG_WR": 30.666666666666664}, "\u5f13\u7bad\u624b": {"EIR": 29.47, "Advanced NAS": 0.284, "MSI": 0.75, "PI20": 0.42, "AVG_WR": 53.0}, "\u72c2\u6230\u58eb": {"EIR": 33.02, "Advanced NAS": 1.518, "MSI": 0.82, "PI20": 0.17, "AVG_WR": 60.0}, "\u9f8d\u795e": {"EIR": 21.5, "Advanced NAS": -0.571, "MSI": 0.74, "PI20": 0.42, "AVG_WR": 46.666666666666664}, "\u8840\u795e": {"EIR": 34.95, "Advanced NAS": 1.656, "MSI": 0.63, "PI20": 0.75, "AVG_WR": 60.66666666666667}, "\u525b\u6bc5\u6b66\u58eb": {"EIR": 32.56, "Advanced NAS": 0.6, "MSI": 0.7, "PI20": 0.58, "AVG_WR": 55.00000000000001}, "\u9be8\u541e": {"EIR": 33.47, "Advanced NAS": 0.944, "MSI": 0.69, "PI20": 0.75, "AVG_WR": 56.99999999999999}, "\u8352\u539f\u904a\u4fe0": {"EIR": 23.78, "Advanced NAS": -0.191, "MSI": 0.75, "PI20": 0.5, "AVG_WR": 49.666666666666664}, "\u5143\u7d20\u6cd5\u5e2b": {"EIR": 21.44, "Advanced NAS": -0.49, "MSI": 0.78, "PI20": 0.42, "AVG_WR": 47.333333333333336}, "\u8352\u795e": {"EIR": 25.44, "Advanced NAS": 0.335, "MSI": 0.8, "PI20": 0.33, "AVG_WR": 53.333333333333336}, "\u661f\u795e": {"EIR": 21.44, "Advanced NAS": -0.948, "MSI": 0.68, "PI20": 0.92, "AVG_WR": 43.333333333333336}}, "combine_win_rate_table": {"\u8056\u9a0e\u58eb": {"\u6cd5\u5e2b": {"win": 7, "loss": 18, "draw": 0, "win_rate": 28.000000000000004}, "\u523a\u5ba2": {"win": 16, "loss": 9, "draw": 0, "win_rate": 64.0}, "\u5f13\u7bad\u624b": {"win": 21, "loss": 4, "draw": 0, "win_rate": 84.0}, "\u72c2\u6230\u58eb": {"win": 11, "loss": 14, "draw": 0, "win_rate": 44.0}, "\u9f8d\u795e": {"win": 1, "loss": 24, "draw": 0, "win_rate": 4.0}, "\u8840\u795e": {"win": 8, "loss": 17, "draw": 0, "win_rate": 32.0}, "\u525b\u6bc5\u6b66\u58eb": {"win": 3, "loss": 22, "draw": 0, "win_rate": 12.0}, "\u9be8\u541e": {"win": 22, "loss": 3, "draw": 0, "win_rate": 88.0}, "\u8352\u539f\u904a\u4fe0": {"win": 14, "loss": 11, "draw": 0, "win_rate": 56.00000000000001}, "\u5143\u7d20\u6cd5\u5e2b": {"win": 15, "loss": 10, "draw": 0, "win_rate": 60.0}, "\u8352\u795e": {"win": 10, "loss": 15, "draw": 0, "win_rate": 40.0}, "\u661f\u795e": {"win": 5, "loss": 20, "draw": 0, "win_rate": 20.0}}, "\u6cd5\u5e2b": {"\u8056\u9a0e\u58eb": {"win": 18, "loss": 7, "draw": 0, "win_rate": 72.0}, "\u523a\u5ba2": {"win": 18, "loss": 7, "draw": 0, "win_rate": 72.0}, "\u5f13\u7bad\u624b": {"win": 12, "loss": 13, "draw": 0, "win_rate": 48.0}, "\u72c2\u6230\u58eb": {"win": 15, "loss": 10, "draw": 0, "win_rate": 60.0}, "\u9f8d\u795e": {"win": 13, "loss": 12, "draw": 0, "win_rate": 52.0}, "\u8840\u795e": {"win": 0, "loss": 25, "draw": 0, "win_rate": 0.0}, "\u525b\u6bc5\u6b66\u58eb": {"win": 2, "loss": 23, "draw": 0, "win_rate": 8.0}, "\u9be8\u541e": {"win": 1, "loss": 24, "draw": 0, "win_rate": 4.0}, "\u8352\u539f\u904a\u4fe0": {"win": 16, "loss": 9, "draw": 0, "win_rate": 64.0}, "\u5143\u7d20\u6cd5\u5e2b": {"win": 14, "loss": 11, "draw": 0, "win_rate": 56.00000000000001}, "\u8352\u795e": {"win": 17, "loss": 8, "draw": 0, "win_rate": 68.0}, "\u661f\u795e": {"win": 22, "loss": 3, "draw": 0, "win_rate": 88.0}}, "\u523a\u5ba2": {"\u8056\u9a0e\u58eb": {"win": 8, "loss": 17, "draw": 0, "win_rate": 32.0}, "\u6cd5\u5e2b": {"win": 6, "loss": 19, "draw": 0, "win_rate": 24.0}, "\u5f13\u7bad\u624b": {"win": 9, "loss": 16, "draw": 0, "win_rate": 36.0}, "\u72c2\u6230\u58eb": {"win": 10, "loss": 15, "draw": 0, "win_rate": 40.0}, "\u9f8d\u795e": {"win": 10, "loss": 15, "draw": 0, "win_rate": 40.0}, "\u8840\u795e": {"win": 1, "loss": 24, "draw": 0, "win_rate": 4.0}, "\u525b\u6bc5\u6b66\u58eb": {"win": 1, "loss": 24, "draw": 0, "win_rate": 4.0}, "\u9be8\u541e": {"win": 5, "loss": 20, "draw": 0, "win_rate": 20.0}, "\u8352\u539f\u904a\u4fe0": {"win": 11, "loss": 14, "draw": 0, "win_rate": 44.0}, "\u5143\u7d20\u6cd5\u5e2b": {"win": 8, "loss": 17, "draw": 0, "win_rate": 32.0}, "\u8352\u795e": {"win": 7, "loss": 18, "draw": 0, "win_rate": 28.000000000000004}, "\u661f\u795e": {"win": 16, "loss": 9, "draw": 0, "win_rate": 64.0}}, "\u5f13\u7bad\u624b": {"\u8056\u9a0e\u58eb": {"win": 6, "loss": 19, "draw": 0, "win_rate": 24.0}, "\u6cd5\u5e2b": {"win": 16, "loss": 9, "draw": 0, "win_rate": 64.0}, "\u523a\u5ba2": {"win": 16, "loss": 9, "draw": 0, "win_rate": 64.0}, "\u72c2\u6230\u58eb": {"win": 10, "loss": 15, "draw": 0, "win_rate": 40.0}, "\u9f8d\u795e": {"win": 13, "loss": 12, "draw": 0, "win_rate": 52.0}, "\u8840\u795e": {"win": 23, "loss": 2, "draw": 0, "win_rate": 92.0}, "\u525b\u6bc5\u6b66\u58eb": {"win": 25, "loss": 0, "draw": 0, "win_rate": 100.0}, "\u9be8\u541e": {"win": 6, "loss": 19, "draw": 0, "win_rate": 24.0}, "\u8352\u539f\u904a\u4fe0": {"win": 7, "loss": 18, "draw": 0, "win_rate": 28.000000000000004}, "\u5143\u7d20\u6cd5\u5e2b": {"win": 9, "loss": 16, "draw": 0, "win_rate": 36.0}, "\u8352\u795e": {"win": 18, "loss": 7, "draw": 0, "win_rate": 72.0}, "\u661f\u795e": {"win": 10, "loss": 15, "draw": 0, "win_rate": 40.0}}, "\u72c2\u6230\u58eb": {"\u8056\u9a0e\u58eb": {"win": 14, "loss": 11, "draw": 0, "win_rate": 56.00000000000001}, "\u6cd5\u5e2b": {"win": 14, "loss": 11, "draw": 0, "win_rate": 56.00000000000001}, "\u523a\u5ba2": {"win": 17, "loss": 8, "draw": 0, "win_rate": 68.0}, "\u5f13\u7bad\u624b": {"win": 12, "loss": 13, "draw": 0, "win_rate": 48.0}, "\u9f8d\u795e": {"win": 17, "loss": 8, "draw": 0, "win_rate": 68.0}, "\u8840\u795e": {"win": 10, "loss": 15, "draw": 0, "win_rate": 40.0}, "\u525b\u6bc5\u6b66\u58eb": {"win": 17, "loss": 8, "draw": 0, "win_rate": 68.0}, "\u9be8\u541e": {"win": 6, "loss": 19, "draw": 0, "win_rate": 24.0}, "\u8352\u539f\u904a\u4fe0": {"win": 17, "loss": 8, "draw": 0, "win_rate": 68.0}, "\u5143\u7d20\u6cd5\u5e2b": {"win": 16, "loss": 9, "draw": 0, "win_rate": 64.0}, "\u8352\u795e": {"win": 15, "loss": 10, "draw": 0, "win_rate": 60.0}, "\u661f\u795e": {"win": 25, "loss": 0, "draw": 0, "win_rate": 100.0}}, "\u9f8d\u795e": {"\u8056\u9a0e\u58eb": {"win": 21, "loss": 4, "draw": 0, "win_rate": 84.0}, "\u6cd5\u5e2b": {"win": 15, "loss": 10, "draw": 0, "win_rate": 60.0}, "\u523a\u5ba2": {"win": 14, "loss": 11, "draw": 0, "win_rate": 56.00000000000001}, "\u5f13\u7bad\u624b": {"win": 9, "loss": 16, "draw": 0, "win_rate": 36.0}, "\u72c2\u6230\u58eb": {"win": 8, "loss": 17, "draw": 0, "win_rate": 32.0}, "\u8840\u795e": {"win": 0, "loss": 25, "draw": 0, "win_rate": 0.0}, "\u525b\u6bc5\u6b66\u58eb": {"win": 7, "loss": 18, "draw": 0, "win_rate": 28.000000000000004}, "\u9be8\u541e": {"win": 20, "loss": 5, "draw": 0, "win_rate": 80.0}, "\u8352\u539f\u904a\u4fe0": {"win": 10, "loss": 15, "draw": 0, "win_rate": 40.0}, "\u5143\u7d20\u6cd5\u5e2b": {"win": 15, "loss": 10, "draw": 0, "win_rate": 60.0}, "\u8352\u795e": {"win": 19, "loss": 6, "draw": 0, "win_rate": 76.0}, "\u661f\u795e": {"win": 2, "loss": 23, "draw": 0, "win_rate": 8.0}}, "\u8840\u795e": {"\u8056\u9a0e\u58eb": {"win": 15, "loss": 10, "draw": 0, "win_rate": 60.0}, "\u6cd5\u5e2b": {"win": 25, "loss": 0, "draw": 0, "win_rate": 100.0}, "\u523a\u5ba2": {"win": 23, "loss": 2, "draw": 0, "win_rate": 92.0}, "\u5f13\u7bad\u624b": {"win": 3, "loss": 22, "draw": 0, "win_rate": 12.0}, "\u72c2\u6230\u58eb": {"win": 20, "loss": 5, "draw": 0, "win_rate": 80.0}, "\u9f8d\u795e": {"win": 25, "loss": 0, "draw": 0, "win_rate": 100.0}, "\u525b\u6bc5\u6b66\u58eb": {"win": 12, "loss": 13, "draw": 0, "win_rate": 48.0}, "\u9be8\u541e": {"win": 1, "loss": 24, "draw": 0, "win_rate": 4.0}, "\u8352\u539f\u904a\u4fe0": {"win": 23, "loss": 2, "draw": 0, "win_rate": 92.0}, "\u5143\u7d20\u6cd5\u5e2b": {"win": 24, "loss": 1, "draw": 0, "win_rate": 96.0}, "\u8352\u795e": {"win": 10, "loss": 15, "draw": 0,