{"data": {"env_evaluation": {"ehi": 0.895, "esi": 0.988, "mpi": 0.533, "avg_rounds": 8.21974358974359}, "profession_evaluation": {"\u8056\u9a0e\u58eb": {"EIR": 11.3, "Advanced NAS": -0.605, "MSI": 0.64, "PI20": 0.75, "AVG_WR": 32.68892794376098}, "\u6cd5\u5e2b": {"EIR": 30.24, "Advanced NAS": -0.176, "MSI": 0.69, "PI20": 0.5, "AVG_WR": 54.833333333333336}, "\u523a\u5ba2": {"EIR": 40.6, "Advanced NAS": 0.363, "MSI": 0.75, "PI20": 0.5, "AVG_WR": 66.83333333333333}, "\u5f13\u7bad\u624b": {"EIR": 20.48, "Advanced NAS": -0.392, "MSI": 0.75, "PI20": 0.33, "AVG_WR": 47.16666666666667}, "\u72c2\u6230\u58eb": {"EIR": 29.97, "Advanced NAS": -0.226, "MSI": 0.75, "PI20": 0.5, "AVG_WR": 52.94117647058824}, "\u9f8d\u795e": {"EIR": 62.14, "Advanced NAS": 3.237, "MSI": 0.87, "PI20": 0.08, "AVG_WR": 88.0}, "\u8840\u795e": {"EIR": 33.05, "Advanced NAS": -0.024, "MSI": 0.6, "PI20": 0.92, "AVG_WR": 59.0}, "\u525b\u6bc5\u6b66\u58eb": {"EIR": -14.13, "Advanced NAS": -0.856, "MSI": 0.76, "PI20": 0.08, "AVG_WR": 12.099644128113878}, "\u9be8\u541e": {"EIR": 41.1, "Advanced NAS": 0.276, "MSI": 0.74, "PI20": 0.5, "AVG_WR": 65.33333333333333}, "\u8352\u539f\u904a\u4fe0": {"EIR": 30.68, "Advanced NAS": -0.203, "MSI": 0.71, "PI20": 0.5, "AVG_WR": 54.0}, "\u5143\u7d20\u6cd5\u5e2b": {"EIR": 21.38, "Advanced NAS": -0.434, "MSI": 0.71, "PI20": 0.58, "AVG_WR": 45.33333333333333}, "\u8352\u795e": {"EIR": -14.56, "Advanced NAS": -0.859, "MSI": 0.88, "PI20": 0.08, "AVG_WR": 10.666666666666668}, "\u661f\u795e": {"EIR": 32.23, "Advanced NAS": -0.101, "MSI": 0.66, "PI20": 0.83, "AVG_WR": 56.99999999999999}}, "combine_win_rate_table": {"\u8056\u9a0e\u58eb": {"\u6cd5\u5e2b": {"win": 15, "loss": 35, "draw": 0, "win_rate": 30.0}, "\u523a\u5ba2": {"win": 2, "loss": 48, "draw": 0, "win_rate": 4.0}, "\u5f13\u7bad\u624b": {"win": 31, "loss": 19, "draw": 0, "win_rate": 62.0}, "\u72c2\u6230\u58eb": {"win": 16, "loss": 34, "draw": 0, "win_rate": 32.0}, "\u9f8d\u795e": {"win": 0, "loss": 50, "draw": 0, "win_rate": 0.0}, "\u8840\u795e": {"win": 1, "loss": 49, "draw": 0, "win_rate": 2.0}, "\u525b\u6bc5\u6b66\u58eb": {"win": 19, "loss": 0, "draw": 31, "win_rate": 100.0}, "\u9be8\u541e": {"win": 30, "loss": 20, "draw": 0, "win_rate": 60.0}, "\u8352\u539f\u904a\u4fe0": {"win": 2, "loss": 48, "draw": 0, "win_rate": 4.0}, "\u5143\u7d20\u6cd5\u5e2b": {"win": 20, "loss": 30, "draw": 0, "win_rate": 40.0}, "\u8352\u795e": {"win": 50, "loss": 0, "draw": 0, "win_rate": 100.0}, "\u661f\u795e": {"win": 0, "loss": 50, "draw": 0, "win_rate": 0.0}}, "\u6cd5\u5e2b": {"\u8056\u9a0e\u58eb": {"win": 37, "loss": 13, "draw": 0, "win_rate": 74.0}, "\u523a\u5ba2": {"win": 28, "loss": 22, "draw": 0, "win_rate": 56.00000000000001}, "\u5f13\u7bad\u624b": {"win": 28, "loss": 22, "draw": 0, "win_rate": 56.00000000000001}, "\u72c2\u6230\u58eb": {"win": 33, "loss": 17, "draw": 0, "win_rate": 66.0}, "\u9f8d\u795e": {"win": 6, "loss": 44, "draw": 0, "win_rate": 12.0}, "\u8840\u795e": {"win": 5, "loss": 45, "draw": 0, "win_rate": 10.0}, "\u525b\u6bc5\u6b66\u58eb": {"win": 50, "loss": 0, "draw": 0, "win_rate": 100.0}, "\u9be8\u541e": {"win": 2, "loss": 48, "draw": 0, "win_rate": 4.0}, "\u8352\u539f\u904a\u4fe0": {"win": 27, "loss": 23, "draw": 0, "win_rate": 54.0}, "\u5143\u7d20\u6cd5\u5e2b": {"win": 25, "loss": 25, "draw": 0, "win_rate": 50.0}, "\u8352\u795e": {"win": 43, "loss": 7, "draw": 0, "win_rate": 86.0}, "\u661f\u795e": {"win": 45, "loss": 5, "draw": 0, "win_rate": 90.0}}, "\u523a\u5ba2": {"\u8056\u9a0e\u58eb": {"win": 47, "loss": 3, "draw": 0, "win_rate": 94.0}, "\u6cd5\u5e2b": {"win": 25, "loss": 25, "draw": 0, "win_rate": 50.0}, "\u5f13\u7bad\u624b": {"win": 35, "loss": 15, "draw": 0, "win_rate": 70.0}, "\u72c2\u6230\u58eb": {"win": 27, "loss": 23, "draw": 0, "win_rate": 54.0}, "\u9f8d\u795e": {"win": 6, "loss": 44, "draw": 0, "win_rate": 12.0}, "\u8840\u795e": {"win": 19, "loss": 31, "draw": 0, "win_rate": 38.0}, "\u525b\u6bc5\u6b66\u58eb": {"win": 50, "loss": 0, "draw": 0, "win_rate": 100.0}, "\u9be8\u541e": {"win": 40, "loss": 10, "draw": 0, "win_rate": 80.0}, "\u8352\u539f\u904a\u4fe0": {"win": 29, "loss": 21, "draw": 0, "win_rate": 57.99999999999999}, "\u5143\u7d20\u6cd5\u5e2b": {"win": 32, "loss": 18, "draw": 0, "win_rate": 64.0}, "\u8352\u795e": {"win": 45, "loss": 5, "draw": 0, "win_rate": 90.0}, "\u661f\u795e": {"win": 46, "loss": 4, "draw": 0, "win_rate": 92.0}}, "\u5f13\u7bad\u624b": {"\u8056\u9a0e\u58eb": {"win": 25, "loss": 25, "draw": 0, "win_rate": 50.0}, "\u6cd5\u5e2b": {"win": 22, "loss": 28, "draw": 0, "win_rate": 44.0}, "\u523a\u5ba2": {"win": 17, "loss": 33, "draw": 0, "win_rate": 34.0}, "\u72c2\u6230\u58eb": {"win": 22, "loss": 28, "draw": 0, "win_rate": 44.0}, "\u9f8d\u795e": {"win": 16, "loss": 34, "draw": 0, "win_rate": 32.0}, "\u8840\u795e": {"win": 48, "loss": 2, "draw": 0, "win_rate": 96.0}, "\u525b\u6bc5\u6b66\u58eb": {"win": 48, "loss": 2, "draw": 0, "win_rate": 96.0}, "\u9be8\u541e": {"win": 6, "loss": 44, "draw": 0, "win_rate": 12.0}, "\u8352\u539f\u904a\u4fe0": {"win": 18, "loss": 32, "draw": 0, "win_rate": 36.0}, "\u5143\u7d20\u6cd5\u5e2b": {"win": 21, "loss": 29, "draw": 0, "win_rate": 42.0}, "\u8352\u795e": {"win": 28, "loss": 22, "draw": 0, "win_rate": 56.00000000000001}, "\u661f\u795e": {"win": 12, "loss": 38, "draw": 0, "win_rate": 24.0}}, "\u72c2\u6230\u58eb": {"\u8056\u9a0e\u58eb": {"win": 30, "loss": 20, "draw": 0, "win_rate": 60.0}, "\u6cd5\u5e2b": {"win": 15, "loss": 35, "draw": 0, "win_rate": 30.0}, "\u523a\u5ba2": {"win": 27, "loss": 23, "draw": 0, "win_rate": 54.0}, "\u5f13\u7bad\u624b": {"win": 19, "loss": 31, "draw": 0, "win_rate": 38.0}, "\u9f8d\u795e": {"win": 5, "loss": 45, "draw": 0, "win_rate": 10.0}, "\u8840\u795e": {"win": 45, "loss": 5, "draw": 0, "win_rate": 90.0}, "\u525b\u6bc5\u6b66\u58eb": {"win": 41, "loss": 4, "draw": 5, "win_rate": 91.11111111111111}, "\u9be8\u541e": {"win": 15, "loss": 35, "draw": 0, "win_rate": 30.0}, "\u8352\u539f\u904a\u4fe0": {"win": 17, "loss": 33, "draw": 0, "win_rate": 34.0}, "\u5143\u7d20\u6cd5\u5e2b": {"win": 29, "loss": 21, "draw": 0, "win_rate": 57.99999999999999}, "\u8352\u795e": {"win": 41, "loss": 9, "draw": 0, "win_rate": 82.0}, "\u661f\u795e": {"win": 31, "loss": 19, "draw": 0, "win_rate": 62.0}}, "\u9f8d\u795e": {"\u8056\u9a0e\u58eb": {"win": 50, "loss": 0, "draw": 0, "win_rate": 100.0}, "\u6cd5\u5e2b": {"win": 41, "loss": 9, "draw": 0, "win_rate": 82.0}, "\u523a\u5ba2": {"win": 45, "loss": 5, "draw": 0, "win_rate": 90.0}, "\u5f13\u7bad\u624b": {"win": 37, "loss": 13, "draw": 0, "win_rate": 74.0}, "\u72c2\u6230\u58eb": {"win": 48, "loss": 2, "draw": 0, "win_rate": 96.0}, "\u8840\u795e": {"win": 46, "loss": 4, "draw": 0, "win_rate": 92.0}, "\u525b\u6bc5\u6b66\u58eb": {"win": 50, "loss": 0, "draw": 0, "win_rate": 100.0}, "\u9be8\u541e": {"win": 39, "loss": 11, "draw": 0, "win_rate": 78.0}, "\u8352\u539f\u904a\u4fe0": {"win": 47, "loss": 3, "draw": 0, "win_rate": 94.0}, "\u5143\u7d20\u6cd5\u5e2b": {"win": 49, "loss": 1, "draw": 0, "win_rate": 98.0}, "\u8352\u795e": {"win": 49, "loss": 1, "draw": 0, "win_rate": 98.0}, "\u661f\u795e": {"win": 27, "loss": 23, "draw": 0, "win_rate": 54.0}}, "\u8840\u795e": {"\u8056\u9a0e\u58eb": {"win": 50, "loss": 0, "draw": 0, "win_rate": 100.0}, "\u6cd5\u5e2b": {"win": 46, "loss": 4, "draw": 0, "win_rate": 92.0}, "\u523a\u5ba2": {"win": 38, "loss": 12, "draw": 0, "win_rate": 76.0}, "\u5f13\u7bad\u624b": {"win": 6, "loss": 44, "draw": 0, "win_rate": 12.0}, "\u72c2\u6230\u58eb": {"win": 9, "loss": 41, "draw": 0, "win_rate": 18.0}, "\u9f8d\u795e": {"win": 3, "loss": 47, "draw": 0, "win_rate": 6.0}, "\u525b\u6bc5\u6b66\u58eb": {"win": 50, "loss": 0, "draw": 0, "win_rate": 100.0}, "\u9be8\u541e": {"win": 16, "loss": 34, "draw": 0, "win_rate": 32.0}, "\u8352\u539f\u904a\u4fe0": {"win": 41, "loss": 9, "draw": 0, "win_rate": 82.0}, "\u5143\u7d20\u6cd5\u5e2b": {"win": 46, "loss": 4, "draw": 0, "win_rate": 92.0}, "\u8352\u795e": {"win": 49, "loss": 1, "draw": 0, "win_rate": 98.0}, "\u661f\u795e": {"win": 0,