{"data": {"env_evaluation": {"ehi": 0.876, "esi": 0.987, "mpi": 0.467, "avg_rounds": 6.579487179487179}, "profession_evaluation": {"\u8056\u9a0e\u58eb": {"EIR": 19.25, "Advanced NAS": -0.384, "MSI": 0.76, "PI20": 0.25, "AVG_WR": 46.666666666666664}, "\u6cd5\u5e2b": {"EIR": 20.38, "Advanced NAS": -0.541, "MSI": 0.73, "PI20": 0.58, "AVG_WR": 44.166666666666664}, "\u523a\u5ba2": {"EIR": 14.47, "Advanced NAS": -1.047, "MSI": 0.79, "PI20": 0.33, "AVG_WR": 34.166666666666664}, "\u5f13\u7bad\u624b": {"EIR": 38.34, "Advanced NAS": 0.979, "MSI": 0.74, "PI20": 0.5, "AVG_WR": 61.66666666666667}, "\u72c2\u6230\u58eb": {"EIR": 23.4, "Advanced NAS": -0.438, "MSI": 0.79, "PI20": 0.33, "AVG_WR": 45.83333333333333}, "\u9f8d\u795e": {"EIR": 26.06, "Advanced NAS": -0.384, "MSI": 0.73, "PI20": 0.5, "AVG_WR": 46.666666666666664}, "\u8840\u795e": {"EIR": 40.23, "Advanced NAS": 1.559, "MSI": 0.68, "PI20": 0.58, "AVG_WR": 65.83333333333333}, "\u525b\u6bc5\u6b66\u58eb": {"EIR": 29.09, "Advanced NAS": 0.595, "MSI": 0.75, "PI20": 0.42, "AVG_WR": 58.333333333333336}, "\u9be8\u541e": {"EIR": 43.56, "Advanced NAS": 2.126, "MSI": 0.74, "PI20": 0.75, "AVG_WR": 69.16666666666667}, "\u8352\u539f\u904a\u4fe0": {"EIR": 26.75, "Advanced NAS": 0.189, "MSI": 0.76, "PI20": 0.33, "AVG_WR": 54.166666666666664}, "\u5143\u7d20\u6cd5\u5e2b": {"EIR": 12.72, "Advanced NAS": -1.082, "MSI": 0.84, "PI20": 0.42, "AVG_WR": 33.33333333333333}, "\u8352\u795e": {"EIR": 18.71, "Advanced NAS": -0.328, "MSI": 0.73, "PI20": 0.67, "AVG_WR": 47.5}, "\u661f\u795e": {"EIR": 5.38, "Advanced NAS": -1.245, "MSI": 0.73, "PI20": 0.33, "AVG_WR": 29.166666666666668}}, "combine_win_rate_table": {"\u8056\u9a0e\u58eb": {"\u6cd5\u5e2b": {"win": 4, "loss": 6, "draw": 0, "win_rate": 40.0}, "\u523a\u5ba2": {"win": 4, "loss": 6, "draw": 0, "win_rate": 40.0}, "\u5f13\u7bad\u624b": {"win": 5, "loss": 5, "draw": 0, "win_rate": 50.0}, "\u72c2\u6230\u58eb": {"win": 6, "loss": 4, "draw": 0, "win_rate": 60.0}, "\u9f8d\u795e": {"win": 0, "loss": 10, "draw": 0, "win_rate": 0.0}, "\u8840\u795e": {"win": 4, "loss": 6, "draw": 0, "win_rate": 40.0}, "\u525b\u6bc5\u6b66\u58eb": {"win": 3, "loss": 7, "draw": 0, "win_rate": 30.0}, "\u9be8\u541e": {"win": 9, "loss": 1, "draw": 0, "win_rate": 90.0}, "\u8352\u539f\u904a\u4fe0": {"win": 4, "loss": 6, "draw": 0, "win_rate": 40.0}, "\u5143\u7d20\u6cd5\u5e2b": {"win": 4, "loss": 6, "draw": 0, "win_rate": 40.0}, "\u8352\u795e": {"win": 4, "loss": 6, "draw": 0, "win_rate": 40.0}, "\u661f\u795e": {"win": 9, "loss": 1, "draw": 0, "win_rate": 90.0}}, "\u6cd5\u5e2b": {"\u8056\u9a0e\u58eb": {"win": 6, "loss": 4, "draw": 0, "win_rate": 60.0}, "\u523a\u5ba2": {"win": 6, "loss": 4, "draw": 0, "win_rate": 60.0}, "\u5f13\u7bad\u624b": {"win": 1, "loss": 9, "draw": 0, "win_rate": 10.0}, "\u72c2\u6230\u58eb": {"win": 5, "loss": 5, "draw": 0, "win_rate": 50.0}, "\u9f8d\u795e": {"win": 4, "loss": 6, "draw": 0, "win_rate": 40.0}, "\u8840\u795e": {"win": 0, "loss": 10, "draw": 0, "win_rate": 0.0}, "\u525b\u6bc5\u6b66\u58eb": {"win": 1, "loss": 9, "draw": 0, "win_rate": 10.0}, "\u9be8\u541e": {"win": 2, "loss": 8, "draw": 0, "win_rate": 20.0}, "\u8352\u539f\u904a\u4fe0": {"win": 5, "loss": 5, "draw": 0, "win_rate": 50.0}, "\u5143\u7d20\u6cd5\u5e2b": {"win": 7, "loss": 3, "draw": 0, "win_rate": 70.0}, "\u8352\u795e": {"win": 9, "loss": 1, "draw": 0, "win_rate": 90.0}, "\u661f\u795e": {"win": 7, "loss": 3, "draw": 0, "win_rate": 70.0}}, "\u523a\u5ba2": {"\u8056\u9a0e\u58eb": {"win": 6, "loss": 4, "draw": 0, "win_rate": 60.0}, "\u6cd5\u5e2b": {"win": 3, "loss": 7, "draw": 0, "win_rate": 30.0}, "\u5f13\u7bad\u624b": {"win": 4, "loss": 6, "draw": 0, "win_rate": 40.0}, "\u72c2\u6230\u58eb": {"win": 2, "loss": 8, "draw": 0, "win_rate": 20.0}, "\u9f8d\u795e": {"win": 2, "loss": 8, "draw": 0, "win_rate": 20.0}, "\u8840\u795e": {"win": 0, "loss": 10, "draw": 0, "win_rate": 0.0}, "\u525b\u6bc5\u6b66\u58eb": {"win": 3, "loss": 7, "draw": 0, "win_rate": 30.0}, "\u9be8\u541e": {"win": 1, "loss": 9, "draw": 0, "win_rate": 10.0}, "\u8352\u539f\u904a\u4fe0": {"win": 5, "loss": 5, "draw": 0, "win_rate": 50.0}, "\u5143\u7d20\u6cd5\u5e2b": {"win": 4, "loss": 6, "draw": 0, "win_rate": 40.0}, "\u8352\u795e": {"win": 3, "loss": 7, "draw": 0, "win_rate": 30.0}, "\u661f\u795e": {"win": 8, "loss": 2, "draw": 0, "win_rate": 80.0}}, "\u5f13\u7bad\u624b": {"\u8056\u9a0e\u58eb": {"win": 6, "loss": 4, "draw": 0, "win_rate": 60.0}, "\u6cd5\u5e2b": {"win": 8, "loss": 2, "draw": 0, "win_rate": 80.0}, "\u523a\u5ba2": {"win": 3, "loss": 7, "draw": 0, "win_rate": 30.0}, "\u72c2\u6230\u58eb": {"win": 7, "loss": 3, "draw": 0, "win_rate": 70.0}, "\u9f8d\u795e": {"win": 6, "loss": 4, "draw": 0, "win_rate": 60.0}, "\u8840\u795e": {"win": 10, "loss": 0, "draw": 0, "win_rate": 100.0}, "\u525b\u6bc5\u6b66\u58eb": {"win": 10, "loss": 0, "draw": 0, "win_rate": 100.0}, "\u9be8\u541e": {"win": 2, "loss": 8, "draw": 0, "win_rate": 20.0}, "\u8352\u539f\u904a\u4fe0": {"win": 3, "loss": 7, "draw": 0, "win_rate": 30.0}, "\u5143\u7d20\u6cd5\u5e2b": {"win": 4, "loss": 6, "draw": 0, "win_rate": 40.0}, "\u8352\u795e": {"win": 7, "loss": 3, "draw": 0, "win_rate": 70.0}, "\u661f\u795e": {"win": 8, "loss": 2, "draw": 0, "win_rate": 80.0}}, "\u72c2\u6230\u58eb": {"\u8056\u9a0e\u58eb": {"win": 6, "loss": 4, "draw": 0, "win_rate": 60.0}, "\u6cd5\u5e2b": {"win": 5, "loss": 5, "draw": 0, "win_rate": 50.0}, "\u523a\u5ba2": {"win": 6, "loss": 4, "draw": 0, "win_rate": 60.0}, "\u5f13\u7bad\u624b": {"win": 2, "loss": 8, "draw": 0, "win_rate": 20.0}, "\u9f8d\u795e": {"win": 5, "loss": 5, "draw": 0, "win_rate": 50.0}, "\u8840\u795e": {"win": 1, "loss": 9, "draw": 0, "win_rate": 10.0}, "\u525b\u6bc5\u6b66\u58eb": {"win": 5, "loss": 5, "draw": 0, "win_rate": 50.0}, "\u9be8\u541e": {"win": 1, "loss": 9, "draw": 0, "win_rate": 10.0}, "\u8352\u539f\u904a\u4fe0": {"win": 5, "loss": 5, "draw": 0, "win_rate": 50.0}, "\u5143\u7d20\u6cd5\u5e2b": {"win": 5, "loss": 5, "draw": 0, "win_rate": 50.0}, "\u8352\u795e": {"win": 6, "loss": 4, "draw": 0, "win_rate": 60.0}, "\u661f\u795e": {"win": 8, "loss": 2, "draw": 0, "win_rate": 80.0}}, "\u9f8d\u795e": {"\u8056\u9a0e\u58eb": {"win": 9, "loss": 1, "draw": 0, "win_rate": 90.0}, "\u6cd5\u5e2b": {"win": 6, "loss": 4, "draw": 0, "win_rate": 60.0}, "\u523a\u5ba2": {"win": 8, "loss": 2, "draw": 0, "win_rate": 80.0}, "\u5f13\u7bad\u624b": {"win": 2, "loss": 8, "draw": 0, "win_rate": 20.0}, "\u72c2\u6230\u58eb": {"win": 3, "loss": 7, "draw": 0, "win_rate": 30.0}, "\u8840\u795e": {"win": 0, "loss": 10, "draw": 0, "win_rate": 0.0}, "\u525b\u6bc5\u6b66\u58eb": {"win": 1, "loss": 9, "draw": 0, "win_rate": 10.0}, "\u9be8\u541e": {"win": 4, "loss": 6, "draw": 0, "win_rate": 40.0}, "\u8352\u539f\u904a\u4fe0": {"win": 5, "loss": 5, "draw": 0, "win_rate": 50.0}, "\u5143\u7d20\u6cd5\u5e2b": {"win": 5, "loss": 5, "draw": 0, "win_rate": 50.0}, "\u8352\u795e": {"win": 5, "loss": 5, "draw": 0, "win_rate": 50.0}, "\u661f\u795e": {"win": 8, "loss": 2, "draw": 0, "win_rate": 80.0}}, "\u8840\u795e": {"\u8056\u9a0e\u58eb": {"win": 8, "loss": 2, "draw": 0, "win_rate": 80.0}, "\u6cd5\u5e2b": {"win": 9, "loss": 1, "draw": 0, "win_rate": 90.0}, "\u523a\u5ba2": {"win": 10, "loss": 0, "draw": 0, "win_rate": 100.0}, "\u5f13\u7bad\u624b": {"win": 3, "loss": 7, "draw": 0, "win_rate": 30.0}, "\u72c2\u6230\u58eb": {"win": 8, "loss": 2, "draw": 0, "win_rate": 80.0}, "\u9f8d\u795e": {"win": 9, "loss": 1, "draw": 0, "win_rate": 90.0}, "\u525b\u6bc5\u6b66\u58eb": {"win": 7, "loss": 3, "draw": 0, "win_rate": 70.0}, "\u9be8\u541e": {"win": 1, "loss": 9, "draw": 0, "win_rate": 10.0}, "\u8352\u539f\u904a\u4fe0": {"win": 8, "loss": 2, "draw": 0, "win_rate": 80.0}, "\u5143\u7d20\u6cd5\u5e2b": {"win": 9, "loss": 1, "draw": 0, "win_rate": 90.0}, "\u8352\u795e": {"win": 7, "loss": 3, "draw": 0, "win_rate": 70.0}, "\u661f\u795e": {"win": 0, "loss": 10, "draw": 0, "win_rate": 0.0}}, "\u525b\u6bc5\u6b66\u58eb": {"\u8056\u9a0e\u58eb": {"win": 8, "loss": 2, "draw": 0, "win_rate": 80.0},