{"data": {"env_evaluation": {"ehi": 0.871, "esi": 0.988, "mpi": 0.467, "avg_rounds": 6.566025641025641}, "profession_evaluation": {"\u8056\u9a0e\u58eb": {"EIR": 30.27, "Advanced NAS": 0.147, "MSI": 0.78, "PI20": 0.5, "AVG_WR": 56.666666666666664}, "\u6cd5\u5e2b": {"EIR": 13.37, "Advanced NAS": -0.735, "MSI": 0.75, "PI20": 0.42, "AVG_WR": 42.5}, "\u523a\u5ba2": {"EIR": 20.41, "Advanced NAS": -0.612, "MSI": 0.71, "PI20": 0.58, "AVG_WR": 45.0}, "\u5f13\u7bad\u624b": {"EIR": 11.32, "Advanced NAS": -1.046, "MSI": 0.76, "PI20": 0.42, "AVG_WR": 35.0}, "\u72c2\u6230\u58eb": {"EIR": 41.93, "Advanced NAS": 1.422, "MSI": 0.77, "PI20": 0.58, "AVG_WR": 68.33333333333333}, "\u9f8d\u795e": {"EIR": 34.28, "Advanced NAS": -0.165, "MSI": 0.75, "PI20": 0.33, "AVG_WR": 52.5}, "\u8840\u795e": {"EIR": 42.09, "Advanced NAS": 1.191, "MSI": 0.75, "PI20": 0.42, "AVG_WR": 66.66666666666666}, "\u525b\u6bc5\u6b66\u58eb": {"EIR": -10.8, "Advanced NAS": -1.513, "MSI": 0.86, "PI20": 0.17, "AVG_WR": 18.333333333333332}, "\u9be8\u541e": {"EIR": 40.19, "Advanced NAS": 0.695, "MSI": 0.74, "PI20": 0.58, "AVG_WR": 62.5}, "\u8352\u539f\u904a\u4fe0": {"EIR": 44.88, "Advanced NAS": 1.811, "MSI": 0.76, "PI20": 0.58, "AVG_WR": 70.83333333333334}, "\u5143\u7d20\u6cd5\u5e2b": {"EIR": 19.13, "Advanced NAS": -0.38, "MSI": 0.71, "PI20": 0.5, "AVG_WR": 49.166666666666664}, "\u8352\u795e": {"EIR": 10.56, "Advanced NAS": -1.105, "MSI": 0.75, "PI20": 0.5, "AVG_WR": 33.33333333333333}, "\u661f\u795e": {"EIR": 31.93, "Advanced NAS": 0.289, "MSI": 0.76, "PI20": 0.5, "AVG_WR": 58.333333333333336}}, "combine_win_rate_table": {"\u8056\u9a0e\u58eb": {"\u6cd5\u5e2b": {"win": 5, "loss": 5, "draw": 0, "win_rate": 50.0}, "\u523a\u5ba2": {"win": 5, "loss": 5, "draw": 0, "win_rate": 50.0}, "\u5f13\u7bad\u624b": {"win": 8, "loss": 2, "draw": 0, "win_rate": 80.0}, "\u72c2\u6230\u58eb": {"win": 5, "loss": 5, "draw": 0, "win_rate": 50.0}, "\u9f8d\u795e": {"win": 1, "loss": 9, "draw": 0, "win_rate": 10.0}, "\u8840\u795e": {"win": 6, "loss": 4, "draw": 0, "win_rate": 60.0}, "\u525b\u6bc5\u6b66\u58eb": {"win": 8, "loss": 2, "draw": 0, "win_rate": 80.0}, "\u9be8\u541e": {"win": 8, "loss": 2, "draw": 0, "win_rate": 80.0}, "\u8352\u539f\u904a\u4fe0": {"win": 2, "loss": 8, "draw": 0, "win_rate": 20.0}, "\u5143\u7d20\u6cd5\u5e2b": {"win": 8, "loss": 2, "draw": 0, "win_rate": 80.0}, "\u8352\u795e": {"win": 6, "loss": 4, "draw": 0, "win_rate": 60.0}, "\u661f\u795e": {"win": 6, "loss": 4, "draw": 0, "win_rate": 60.0}}, "\u6cd5\u5e2b": {"\u8056\u9a0e\u58eb": {"win": 5, "loss": 5, "draw": 0, "win_rate": 50.0}, "\u523a\u5ba2": {"win": 5, "loss": 5, "draw": 0, "win_rate": 50.0}, "\u5f13\u7bad\u624b": {"win": 5, "loss": 5, "draw": 0, "win_rate": 50.0}, "\u72c2\u6230\u58eb": {"win": 4, "loss": 6, "draw": 0, "win_rate": 40.0}, "\u9f8d\u795e": {"win": 3, "loss": 7, "draw": 0, "win_rate": 30.0}, "\u8840\u795e": {"win": 0, "loss": 10, "draw": 0, "win_rate": 0.0}, "\u525b\u6bc5\u6b66\u58eb": {"win": 9, "loss": 1, "draw": 0, "win_rate": 90.0}, "\u9be8\u541e": {"win": 1, "loss": 9, "draw": 0, "win_rate": 10.0}, "\u8352\u539f\u904a\u4fe0": {"win": 2, "loss": 8, "draw": 0, "win_rate": 20.0}, "\u5143\u7d20\u6cd5\u5e2b": {"win": 4, "loss": 6, "draw": 0, "win_rate": 40.0}, "\u8352\u795e": {"win": 5, "loss": 5, "draw": 0, "win_rate": 50.0}, "\u661f\u795e": {"win": 8, "loss": 2, "draw": 0, "win_rate": 80.0}}, "\u523a\u5ba2": {"\u8056\u9a0e\u58eb": {"win": 4, "loss": 6, "draw": 0, "win_rate": 40.0}, "\u6cd5\u5e2b": {"win": 5, "loss": 5, "draw": 0, "win_rate": 50.0}, "\u5f13\u7bad\u624b": {"win": 9, "loss": 1, "draw": 0, "win_rate": 90.0}, "\u72c2\u6230\u58eb": {"win": 0, "loss": 10, "draw": 0, "win_rate": 0.0}, "\u9f8d\u795e": {"win": 5, "loss": 5, "draw": 0, "win_rate": 50.0}, "\u8840\u795e": {"win": 1, "loss": 9, "draw": 0, "win_rate": 10.0}, "\u525b\u6bc5\u6b66\u58eb": {"win": 9, "loss": 1, "draw": 0, "win_rate": 90.0}, "\u9be8\u541e": {"win": 2, "loss": 8, "draw": 0, "win_rate": 20.0}, "\u8352\u539f\u904a\u4fe0": {"win": 2, "loss": 8, "draw": 0, "win_rate": 20.0}, "\u5143\u7d20\u6cd5\u5e2b": {"win": 4, "loss": 6, "draw": 0, "win_rate": 40.0}, "\u8352\u795e": {"win": 5, "loss": 5, "draw": 0, "win_rate": 50.0}, "\u661f\u795e": {"win": 8, "loss": 2, "draw": 0, "win_rate": 80.0}}, "\u5f13\u7bad\u624b": {"\u8056\u9a0e\u58eb": {"win": 3, "loss": 7, "draw": 0, "win_rate": 30.0}, "\u6cd5\u5e2b": {"win": 7, "loss": 3, "draw": 0, "win_rate": 70.0}, "\u523a\u5ba2": {"win": 3, "loss": 7, "draw": 0, "win_rate": 30.0}, "\u72c2\u6230\u58eb": {"win": 1, "loss": 9, "draw": 0, "win_rate": 10.0}, "\u9f8d\u795e": {"win": 4, "loss": 6, "draw": 0, "win_rate": 40.0}, "\u8840\u795e": {"win": 5, "loss": 5, "draw": 0, "win_rate": 50.0}, "\u525b\u6bc5\u6b66\u58eb": {"win": 8, "loss": 2, "draw": 0, "win_rate": 80.0}, "\u9be8\u541e": {"win": 0, "loss": 10, "draw": 0, "win_rate": 0.0}, "\u8352\u539f\u904a\u4fe0": {"win": 2, "loss": 8, "draw": 0, "win_rate": 20.0}, "\u5143\u7d20\u6cd5\u5e2b": {"win": 5, "loss": 5, "draw": 0, "win_rate": 50.0}, "\u8352\u795e": {"win": 4, "loss": 6, "draw": 0, "win_rate": 40.0}, "\u661f\u795e": {"win": 0, "loss": 10, "draw": 0, "win_rate": 0.0}}, "\u72c2\u6230\u58eb": {"\u8056\u9a0e\u58eb": {"win": 5, "loss": 5, "draw": 0, "win_rate": 50.0}, "\u6cd5\u5e2b": {"win": 6, "loss": 4, "draw": 0, "win_rate": 60.0}, "\u523a\u5ba2": {"win": 9, "loss": 1, "draw": 0, "win_rate": 90.0}, "\u5f13\u7bad\u624b": {"win": 8, "loss": 2, "draw": 0, "win_rate": 80.0}, "\u9f8d\u795e": {"win": 5, "loss": 5, "draw": 0, "win_rate": 50.0}, "\u8840\u795e": {"win": 4, "loss": 6, "draw": 0, "win_rate": 40.0}, "\u525b\u6bc5\u6b66\u58eb": {"win": 10, "loss": 0, "draw": 0, "win_rate": 100.0}, "\u9be8\u541e": {"win": 3, "loss": 7, "draw": 0, "win_rate": 30.0}, "\u8352\u539f\u904a\u4fe0": {"win": 5, "loss": 5, "draw": 0, "win_rate": 50.0}, "\u5143\u7d20\u6cd5\u5e2b": {"win": 9, "loss": 1, "draw": 0, "win_rate": 90.0}, "\u8352\u795e": {"win": 9, "loss": 1, "draw": 0, "win_rate": 90.0}, "\u661f\u795e": {"win": 9, "loss": 1, "draw": 0, "win_rate": 90.0}}, "\u9f8d\u795e": {"\u8056\u9a0e\u58eb": {"win": 7, "loss": 3, "draw": 0, "win_rate": 70.0}, "\u6cd5\u5e2b": {"win": 6, "loss": 4, "draw": 0, "win_rate": 60.0}, "\u523a\u5ba2": {"win": 5, "loss": 5, "draw": 0, "win_rate": 50.0}, "\u5f13\u7bad\u624b": {"win": 5, "loss": 5, "draw": 0, "win_rate": 50.0}, "\u72c2\u6230\u58eb": {"win": 7, "loss": 3, "draw": 0, "win_rate": 70.0}, "\u8840\u795e": {"win": 1, "loss": 9, "draw": 0, "win_rate": 10.0}, "\u525b\u6bc5\u6b66\u58eb": {"win": 8, "loss": 2, "draw": 0, "win_rate": 80.0}, "\u9be8\u541e": {"win": 7, "loss": 3, "draw": 0, "win_rate": 70.0}, "\u8352\u539f\u904a\u4fe0": {"win": 5, "loss": 5, "draw": 0, "win_rate": 50.0}, "\u5143\u7d20\u6cd5\u5e2b": {"win": 8, "loss": 2, "draw": 0, "win_rate": 80.0}, "\u8352\u795e": {"win": 4, "loss": 6, "draw": 0, "win_rate": 40.0}, "\u661f\u795e": {"win": 0, "loss": 10, "draw": 0, "win_rate": 0.0}}, "\u8840\u795e": {"\u8056\u9a0e\u58eb": {"win": 8, "loss": 2, "draw": 0, "win_rate": 80.0}, "\u6cd5\u5e2b": {"win": 10, "loss": 0, "draw": 0, "win_rate": 100.0}, "\u523a\u5ba2": {"win": 7, "loss": 3, "draw": 0, "win_rate": 70.0}, "\u5f13\u7bad\u624b": {"win": 5, "loss": 5, "draw": 0, "win_rate": 50.0}, "\u72c2\u6230\u58eb": {"win": 4, "loss": 6, "draw": 0, "win_rate": 40.0}, "\u9f8d\u795e": {"win": 8, "loss": 2, "draw": 0, "win_rate": 80.0}, "\u525b\u6bc5\u6b66\u58eb": {"win": 10, "loss": 0, "draw": 0, "win_rate": 100.0}, "\u9be8\u541e": {"win": 3, "loss": 7, "draw": 0, "win_rate": 30.0}, "\u8352\u539f\u904a\u4fe0": {"win": 7, "loss": 3, "draw": 0, "win_rate": 70.0}, "\u5143\u7d20\u6cd5\u5e2b": {"win": 8, "loss": 2, "draw": 0, "win_rate": 80.0}, "\u8352\u795e": {"win": 8, "loss": 2, "draw": 0, "win_rate": 80.0}, "\u661f\u795e": {"win": 2, "loss": 8, "draw": 0, "win_rate": 20.0}}, "\u525b\u6bc5\u6b66\u58eb": {"\u8056\u9a0e\u58eb": {"win": 2, "loss": 8, "draw": 0, "win_rate": 20.0}, "\u6cd5\u5e2b": {"win": 3, "loss": 7, "draw": 0, "win_rate": 30.0},