{"data": {"env_evaluation": {"ehi": 0.877, "esi": 0.989, "mpi": 0.49, "avg_rounds": 7.0211538461538465}, "profession_evaluation": {"\u8056\u9a0e\u58eb": {"EIR": 14.26, "Advanced NAS": -0.456, "MSI": 0.75, "PI20": 0.5, "AVG_WR": 39.515455304928985}, "\u6cd5\u5e2b": {"EIR": 24.58, "Advanced NAS": -0.256, "MSI": 0.8, "PI20": 0.33, "AVG_WR": 50.083333333333336}, "\u523a\u5ba2": {"EIR": 16.78, "Advanced NAS": -0.427, "MSI": 0.79, "PI20": 0.33, "AVG_WR": 41.333333333333336}, "\u5f13\u7bad\u624b": {"EIR": 25.84, "Advanced NAS": -0.229, "MSI": 0.78, "PI20": 0.5, "AVG_WR": 51.24999999999999}, "\u72c2\u6230\u58eb": {"EIR": 21.09, "Advanced NAS": -0.335, "MSI": 0.8, "PI20": 0.33, "AVG_WR": 46.416666666666664}, "\u9f8d\u795e": {"EIR": 28.84, "Advanced NAS": -0.138, "MSI": 0.75, "PI20": 0.25, "AVG_WR": 54.75}, "\u8840\u795e": {"EIR": 65.47, "Advanced NAS": 3.394, "MSI": 0.91, "PI20": 0.0, "AVG_WR": 90.33333333333333}, "\u525b\u6bc5\u6b66\u58eb": {"EIR": 21.36, "Advanced NAS": -0.322, "MSI": 0.75, "PI20": 0.5, "AVG_WR": 47.039199332777315}, "\u9be8\u541e": {"EIR": 19.5, "Advanced NAS": -0.371, "MSI": 0.79, "PI20": 0.42, "AVG_WR": 44.5}, "\u8352\u539f\u904a\u4fe0": {"EIR": 40.81, "Advanced NAS": 0.277, "MSI": 0.78, "PI20": 0.33, "AVG_WR": 66.0}, "\u5143\u7d20\u6cd5\u5e2b": {"EIR": 13.07, "Advanced NAS": -0.475, "MSI": 0.85, "PI20": 0.17, "AVG_WR": 38.25}, "\u8352\u795e": {"EIR": 28.28, "Advanced NAS": -0.136, "MSI": 0.76, "PI20": 0.42, "AVG_WR": 54.833333333333336}, "\u661f\u795e": {"EIR": 9.58, "Advanced NAS": -0.526, "MSI": 0.8, "PI20": 0.42, "AVG_WR": 34.583333333333336}}, "combine_win_rate_table": {"\u8056\u9a0e\u58eb": {"\u6cd5\u5e2b": {"win": 52, "loss": 48, "draw": 0, "win_rate": 52.0}, "\u523a\u5ba2": {"win": 21, "loss": 79, "draw": 0, "win_rate": 21.0}, "\u5f13\u7bad\u624b": {"win": 70, "loss": 30, "draw": 0, "win_rate": 70.0}, "\u72c2\u6230\u58eb": {"win": 37, "loss": 63, "draw": 0, "win_rate": 37.0}, "\u9f8d\u795e": {"win": 5, "loss": 95, "draw": 0, "win_rate": 5.0}, "\u8840\u795e": {"win": 8, "loss": 92, "draw": 0, "win_rate": 8.0}, "\u525b\u6bc5\u6b66\u58eb": {"win": 44, "loss": 53, "draw": 3, "win_rate": 45.36082474226804}, "\u9be8\u541e": {"win": 87, "loss": 13, "draw": 0, "win_rate": 87.0}, "\u8352\u539f\u904a\u4fe0": {"win": 16, "loss": 84, "draw": 0, "win_rate": 16.0}, "\u5143\u7d20\u6cd5\u5e2b": {"win": 55, "loss": 45, "draw": 0, "win_rate": 55.00000000000001}, "\u8352\u795e": {"win": 19, "loss": 81, "draw": 0, "win_rate": 19.0}, "\u661f\u795e": {"win": 59, "loss": 41, "draw": 0, "win_rate": 59.0}}, "\u6cd5\u5e2b": {"\u8056\u9a0e\u58eb": {"win": 53, "loss": 47, "draw": 0, "win_rate": 53.0}, "\u523a\u5ba2": {"win": 63, "loss": 37, "draw": 0, "win_rate": 63.0}, "\u5f13\u7bad\u624b": {"win": 60, "loss": 40, "draw": 0, "win_rate": 60.0}, "\u72c2\u6230\u58eb": {"win": 66, "loss": 34, "draw": 0, "win_rate": 66.0}, "\u9f8d\u795e": {"win": 65, "loss": 35, "draw": 0, "win_rate": 65.0}, "\u8840\u795e": {"win": 4, "loss": 96, "draw": 0, "win_rate": 4.0}, "\u525b\u6bc5\u6b66\u58eb": {"win": 22, "loss": 78, "draw": 0, "win_rate": 22.0}, "\u9be8\u541e": {"win": 28, "loss": 72, "draw": 0, "win_rate": 28.000000000000004}, "\u8352\u539f\u904a\u4fe0": {"win": 45, "loss": 55, "draw": 0, "win_rate": 45.0}, "\u5143\u7d20\u6cd5\u5e2b": {"win": 58, "loss": 42, "draw": 0, "win_rate": 57.99999999999999}, "\u8352\u795e": {"win": 61, "loss": 39, "draw": 0, "win_rate": 61.0}, "\u661f\u795e": {"win": 76, "loss": 24, "draw": 0, "win_rate": 76.0}}, "\u523a\u5ba2": {"\u8056\u9a0e\u58eb": {"win": 76, "loss": 24, "draw": 0, "win_rate": 76.0}, "\u6cd5\u5e2b": {"win": 38, "loss": 62, "draw": 0, "win_rate": 38.0}, "\u5f13\u7bad\u624b": {"win": 44, "loss": 56, "draw": 0, "win_rate": 44.0}, "\u72c2\u6230\u58eb": {"win": 29, "loss": 71, "draw": 0, "win_rate": 28.999999999999996}, "\u9f8d\u795e": {"win": 23, "loss": 77, "draw": 0, "win_rate": 23.0}, "\u8840\u795e": {"win": 1, "loss": 99, "draw": 0, "win_rate": 1.0}, "\u525b\u6bc5\u6b66\u58eb": {"win": 31, "loss": 69, "draw": 0, "win_rate": 31.0}, "\u9be8\u541e": {"win": 65, "loss": 35, "draw": 0, "win_rate": 65.0}, "\u8352\u539f\u904a\u4fe0": {"win": 38, "loss": 62, "draw": 0, "win_rate": 38.0}, "\u5143\u7d20\u6cd5\u5e2b": {"win": 39, "loss": 61, "draw": 0, "win_rate": 39.0}, "\u8352\u795e": {"win": 37, "loss": 63, "draw": 0, "win_rate": 37.0}, "\u661f\u795e": {"win": 75, "loss": 25, "draw": 0, "win_rate": 75.0}}, "\u5f13\u7bad\u624b": {"\u8056\u9a0e\u58eb": {"win": 28, "loss": 72, "draw": 0, "win_rate": 28.000000000000004}, "\u6cd5\u5e2b": {"win": 39, "loss": 61, "draw": 0, "win_rate": 39.0}, "\u523a\u5ba2": {"win": 54, "loss": 46, "draw": 0, "win_rate": 54.0}, "\u72c2\u6230\u58eb": {"win": 76, "loss": 24, "draw": 0, "win_rate": 76.0}, "\u9f8d\u795e": {"win": 62, "loss": 38, "draw": 0, "win_rate": 62.0}, "\u8840\u795e": {"win": 9, "loss": 91, "draw": 0, "win_rate": 9.0}, "\u525b\u6bc5\u6b66\u58eb": {"win": 85, "loss": 15, "draw": 0, "win_rate": 85.0}, "\u9be8\u541e": {"win": 37, "loss": 63, "draw": 0, "win_rate": 37.0}, "\u8352\u539f\u904a\u4fe0": {"win": 30, "loss": 70, "draw": 0, "win_rate": 30.0}, "\u5143\u7d20\u6cd5\u5e2b": {"win": 56, "loss": 44, "draw": 0, "win_rate": 56.00000000000001}, "\u8352\u795e": {"win": 74, "loss": 26, "draw": 0, "win_rate": 74.0}, "\u661f\u795e": {"win": 65, "loss": 35, "draw": 0, "win_rate": 65.0}}, "\u72c2\u6230\u58eb": {"\u8056\u9a0e\u58eb": {"win": 64, "loss": 36, "draw": 0, "win_rate": 64.0}, "\u6cd5\u5e2b": {"win": 39, "loss": 61, "draw": 0, "win_rate": 39.0}, "\u523a\u5ba2": {"win": 63, "loss": 37, "draw": 0, "win_rate": 63.0}, "\u5f13\u7bad\u624b": {"win": 25, "loss": 75, "draw": 0, "win_rate": 25.0}, "\u9f8d\u795e": {"win": 49, "loss": 51, "draw": 0, "win_rate": 49.0}, "\u8840\u795e": {"win": 2, "loss": 98, "draw": 0, "win_rate": 2.0}, "\u525b\u6bc5\u6b66\u58eb": {"win": 49, "loss": 51, "draw": 0, "win_rate": 49.0}, "\u9be8\u541e": {"win": 34, "loss": 66, "draw": 0, "win_rate": 34.0}, "\u8352\u539f\u904a\u4fe0": {"win": 34, "loss": 66, "draw": 0, "win_rate": 34.0}, "\u5143\u7d20\u6cd5\u5e2b": {"win": 70, "loss": 30, "draw": 0, "win_rate": 70.0}, "\u8352\u795e": {"win": 61, "loss": 39, "draw": 0, "win_rate": 61.0}, "\u661f\u795e": {"win": 67, "loss": 33, "draw": 0, "win_rate": 67.0}}, "\u9f8d\u795e": {"\u8056\u9a0e\u58eb": {"win": 97, "loss": 3, "draw": 0, "win_rate": 97.0}, "\u6cd5\u5e2b": {"win": 42, "loss": 58, "draw": 0, "win_rate": 42.0}, "\u523a\u5ba2": {"win": 74, "loss": 26, "draw": 0, "win_rate": 74.0}, "\u5f13\u7bad\u624b": {"win": 55, "loss": 45, "draw": 0, "win_rate": 55.00000000000001}, "\u72c2\u6230\u58eb": {"win": 47, "loss": 53, "draw": 0, "win_rate": 47.0}, "\u8840\u795e": {"win": 1, "loss": 99, "draw": 0, "win_rate": 1.0}, "\u525b\u6bc5\u6b66\u58eb": {"win": 44, "loss": 56, "draw": 0, "win_rate": 44.0}, "\u9be8\u541e": {"win": 88, "loss": 12, "draw": 0, "win_rate": 88.0}, "\u8352\u539f\u904a\u4fe0": {"win": 36, "loss": 64, "draw": 0, "win_rate": 36.0}, "\u5143\u7d20\u6cd5\u5e2b": {"win": 74, "loss": 26, "draw": 0, "win_rate": 74.0}, "\u8352\u795e": {"win": 52, "loss": 48, "draw": 0, "win_rate": 52.0}, "\u661f\u795e": {"win": 47, "loss": 53, "draw": 0, "win_rate": 47.0}}, "\u8840\u795e": {"\u8056\u9a0e\u58eb": {"win": 88, "loss": 12, "draw": 0, "win_rate": 88.0}, "\u6cd5\u5e2b": {"win": 95, "loss": 5, "draw": 0, "win_rate": 95.0}, "\u523a\u5ba2": {"win": 99, "loss": 1, "draw": 0, "win_rate": 99.0}, "\u5f13\u7bad\u624b": {"win": 86, "loss": 14, "draw": 0, "win_rate": 86.0}, "\u72c2\u6230\u58eb": {"win": 97, "loss": 3, "draw": 0, "win_rate": 97.0}, "\u9f8d\u795e": {"win": 98, "loss": 2, "draw": 0, "win_rate": 98.0}, "\u525b\u6bc5\u6b66\u58eb": {"win": 88, "loss": 12, "draw": 0, "win_rate": 88.0}, "\u9be8\u541e": {"win": 75, "loss": 25, "draw": 0, "win_rate": 75.0}, "\u8352\u539f\u904a\u4fe0": {"win": 92, "loss": 8, "draw": 0, "win_rate": 92.0}, "\u5143\u7d20\u6cd5\u5e2b": {"win": 95, "loss": 5, "draw": 0, "win_rate": 95.0}, "\u8352\u795e": {"win": 72, "loss": 28, "draw": 0,