{"data": {"env_evaluation": {"ehi": 0.892, "esi": 0.998, "mpi": 0.4, "avg_rounds": 8.726068376068376}, "profession_evaluation": {"\u8056\u9a0e\u58eb": {"EIR": 0.49, "Advanced NAS": 0.235, "MSI": 0.75, "PI20": 0.58, "AVG_WR": 54.91329479768786}, "\u6cd5\u5e2b": {"EIR": 0.44, "Advanced NAS": -0.221, "MSI": 0.71, "PI20": 0.33, "AVG_WR": 50.0}, "\u523a\u5ba2": {"EIR": 0.42, "Advanced NAS": -0.574, "MSI": 0.79, "PI20": 0.75, "AVG_WR": 46.02272727272727}, "\u5f13\u7bad\u624b": {"EIR": 0.45, "Advanced NAS": -0.179, "MSI": 0.7, "PI20": 0.42, "AVG_WR": 50.86705202312138}, "\u72c2\u6230\u58eb": {"EIR": 0.44, "Advanced NAS": -0.307, "MSI": 0.76, "PI20": 0.58, "AVG_WR": 48.85057471264368}, "\u9f8d\u795e": {"EIR": 0.63, "Advanced NAS": 2.811, "MSI": 0.8, "PI20": 0.58, "AVG_WR": 71.5909090909091}, "\u8840\u795e": {"EIR": 0.55, "Advanced NAS": 0.509, "MSI": 0.71, "PI20": 0.42, "AVG_WR": 57.22222222222222}, "\u525b\u6bc5\u6b66\u58eb": {"EIR": 0.41, "Advanced NAS": -0.788, "MSI": 0.78, "PI20": 0.58, "AVG_WR": 42.285714285714285}, "\u9be8\u541e": {"EIR": 0.4, "Advanced NAS": -0.651, "MSI": 0.75, "PI20": 0.42, "AVG_WR": 44.632768361581924}, "\u8352\u539f\u904a\u4fe0": {"EIR": 0.53, "Advanced NAS": 0.707, "MSI": 0.79, "PI20": 0.58, "AVG_WR": 58.720930232558146}, "\u5143\u7d20\u6cd5\u5e2b": {"EIR": 0.41, "Advanced NAS": -0.625, "MSI": 0.84, "PI20": 0.83, "AVG_WR": 45.0}, "\u8352\u795e": {"EIR": 0.29, "Advanced NAS": -1.439, "MSI": 0.77, "PI20": 0.5, "AVG_WR": 31.60919540229885}, "\u661f\u795e": {"EIR": 0.54, "Advanced NAS": 0.523, "MSI": 0.73, "PI20": 0.42, "AVG_WR": 57.54189944134078}}, "combine_win_rate_table": {"\u8056\u9a0e\u58eb": {"\u6cd5\u5e2b": {"win": 10, "loss": 5, "draw": 0, "win_rate": 66.66666666666666}, "\u523a\u5ba2": {"win": 12, "loss": 2, "draw": 1, "win_rate": 85.71428571428571}, "\u5f13\u7bad\u624b": {"win": 10, "loss": 4, "draw": 1, "win_rate": 71.42857142857143}, "\u72c2\u6230\u58eb": {"win": 8, "loss": 7, "draw": 0, "win_rate": 53.333333333333336}, "\u9f8d\u795e": {"win": 1, "loss": 14, "draw": 0, "win_rate": 6.666666666666667}, "\u8840\u795e": {"win": 12, "loss": 3, "draw": 0, "win_rate": 80.0}, "\u525b\u6bc5\u6b66\u58eb": {"win": 6, "loss": 8, "draw": 1, "win_rate": 42.857142857142854}, "\u9be8\u541e": {"win": 9, "loss": 4, "draw": 2, "win_rate": 69.23076923076923}, "\u8352\u539f\u904a\u4fe0": {"win": 8, "loss": 7, "draw": 0, "win_rate": 53.333333333333336}, "\u5143\u7d20\u6cd5\u5e2b": {"win": 12, "loss": 3, "draw": 0, "win_rate": 80.0}, "\u8352\u795e": {"win": 6, "loss": 9, "draw": 0, "win_rate": 40.0}, "\u661f\u795e": {"win": 1, "loss": 12, "draw": 2, "win_rate": 7.6923076923076925}}, "\u6cd5\u5e2b": {"\u8056\u9a0e\u58eb": {"win": 2, "loss": 13, "draw": 0, "win_rate": 13.333333333333334}, "\u523a\u5ba2": {"win": 13, "loss": 2, "draw": 0, "win_rate": 86.66666666666667}, "\u5f13\u7bad\u624b": {"win": 11, "loss": 4, "draw": 0, "win_rate": 73.33333333333333}, "\u72c2\u6230\u58eb": {"win": 7, "loss": 8, "draw": 0, "win_rate": 46.666666666666664}, "\u9f8d\u795e": {"win": 5, "loss": 10, "draw": 0, "win_rate": 33.33333333333333}, "\u8840\u795e": {"win": 0, "loss": 15, "draw": 0, "win_rate": 0.0}, "\u525b\u6bc5\u6b66\u58eb": {"win": 9, "loss": 6, "draw": 0, "win_rate": 60.0}, "\u9be8\u541e": {"win": 4, "loss": 11, "draw": 0, "win_rate": 26.666666666666668}, "\u8352\u539f\u904a\u4fe0": {"win": 4, "loss": 11, "draw": 0, "win_rate": 26.666666666666668}, "\u5143\u7d20\u6cd5\u5e2b": {"win": 10, "loss": 5, "draw": 0, "win_rate": 66.66666666666666}, "\u8352\u795e": {"win": 14, "loss": 1, "draw": 0, "win_rate": 93.33333333333333}, "\u661f\u795e": {"win": 11, "loss": 4, "draw": 0, "win_rate": 73.33333333333333}}, "\u523a\u5ba2": {"\u8056\u9a0e\u58eb": {"win": 5, "loss": 10, "draw": 0, "win_rate": 33.33333333333333}, "\u6cd5\u5e2b": {"win": 9, "loss": 6, "draw": 0, "win_rate": 60.0}, "\u5f13\u7bad\u624b": {"win": 8, "loss": 7, "draw": 0, "win_rate": 53.333333333333336}, "\u72c2\u6230\u58eb": {"win": 6, "loss": 7, "draw": 2, "win_rate": 46.15384615384615}, "\u9f8d\u795e": {"win": 5, "loss": 10, "draw": 0, "win_rate": 33.33333333333333}, "\u8840\u795e": {"win": 8, "loss": 7, "draw": 0, "win_rate": 53.333333333333336}, "\u525b\u6bc5\u6b66\u58eb": {"win": 5, "loss": 10, "draw": 0, "win_rate": 33.33333333333333}, "\u9be8\u541e": {"win": 4, "loss": 11, "draw": 0, "win_rate": 26.666666666666668}, "\u8352\u539f\u904a\u4fe0": {"win": 2, "loss": 11, "draw": 2, "win_rate": 15.384615384615385}, "\u5143\u7d20\u6cd5\u5e2b": {"win": 4, "loss": 11, "draw": 0, "win_rate": 26.666666666666668}, "\u8352\u795e": {"win": 13, "loss": 2, "draw": 0, "win_rate": 86.66666666666667}, "\u661f\u795e": {"win": 12, "loss": 3, "draw": 0, "win_rate": 80.0}}, "\u5f13\u7bad\u624b": {"\u8056\u9a0e\u58eb": {"win": 3, "loss": 11, "draw": 1, "win_rate": 21.428571428571427}, "\u6cd5\u5e2b": {"win": 6, "loss": 9, "draw": 0, "win_rate": 40.0}, "\u523a\u5ba2": {"win": 5, "loss": 10, "draw": 0, "win_rate": 33.33333333333333}, "\u72c2\u6230\u58eb": {"win": 6, "loss": 7, "draw": 2, "win_rate": 46.15384615384615}, "\u9f8d\u795e": {"win": 7, "loss": 8, "draw": 0, "win_rate": 46.666666666666664}, "\u8840\u795e": {"win": 15, "loss": 0, "draw": 0, "win_rate": 100.0}, "\u525b\u6bc5\u6b66\u58eb": {"win": 15, "loss": 0, "draw": 0, "win_rate": 100.0}, "\u9be8\u541e": {"win": 4, "loss": 10, "draw": 1, "win_rate": 28.57142857142857}, "\u8352\u539f\u904a\u4fe0": {"win": 3, "loss": 11, "draw": 1, "win_rate": 21.428571428571427}, "\u5143\u7d20\u6cd5\u5e2b": {"win": 7, "loss": 8, "draw": 0, "win_rate": 46.666666666666664}, "\u8352\u795e": {"win": 14, "loss": 0, "draw": 1, "win_rate": 100.0}, "\u661f\u795e": {"win": 3, "loss": 11, "draw": 1, "win_rate": 21.428571428571427}}, "\u72c2\u6230\u58eb": {"\u8056\u9a0e\u58eb": {"win": 7, "loss": 8, "draw": 0, "win_rate": 46.666666666666664}, "\u6cd5\u5e2b": {"win": 9, "loss": 6, "draw": 0, "win_rate": 60.0}, "\u523a\u5ba2": {"win": 13, "loss": 0, "draw": 2, "win_rate": 100.0}, "\u5f13\u7bad\u624b": {"win": 6, "loss": 8, "draw": 1, "win_rate": 42.857142857142854}, "\u9f8d\u795e": {"win": 4, "loss": 11, "draw": 0, "win_rate": 26.666666666666668}, "\u8840\u795e": {"win": 4, "loss": 11, "draw": 0, "win_rate": 26.666666666666668}, "\u525b\u6bc5\u6b66\u58eb": {"win": 5, "loss": 10, "draw": 0, "win_rate": 33.33333333333333}, "\u9be8\u541e": {"win": 6, "loss": 9, "draw": 0, "win_rate": 40.0}, "\u8352\u539f\u904a\u4fe0": {"win": 1, "loss": 12, "draw": 2, "win_rate": 7.6923076923076925}, "\u5143\u7d20\u6cd5\u5e2b": {"win": 11, "loss": 4, "draw": 0, "win_rate": 73.33333333333333}, "\u8352\u795e": {"win": 10, "loss": 5, "draw": 0, "win_rate": 66.66666666666666}, "\u661f\u795e": {"win": 9, "loss": 5, "draw": 1, "win_rate": 64.28571428571429}}, "\u9f8d\u795e": {"\u8056\u9a0e\u58eb": {"win": 14, "loss": 1, "draw": 0, "win_rate": 93.33333333333333}, "\u6cd5\u5e2b": {"win": 11, "loss": 4, "draw": 0, "win_rate": 73.33333333333333}, "\u523a\u5ba2": {"win": 10, "loss": 5, "draw": 0, "win_rate": 66.66666666666666}, "\u5f13\u7bad\u624b": {"win": 10, "loss": 4, "draw": 1, "win_rate": 71.42857142857143}, "\u72c2\u6230\u58eb": {"win": 12, "loss": 3, "draw": 0, "win_rate": 80.0}, "\u8840\u795e": {"win": 4, "loss": 11, "draw": 0, "win_rate": 26.666666666666668}, "\u525b\u6bc5\u6b66\u58eb": {"win": 12, "loss": 3, "draw": 0, "win_rate": 80.0}, "\u9be8\u541e": {"win": 15, "loss": 0, "draw": 0, "win_rate": 100.0}, "\u8352\u539f\u904a\u4fe0": {"win": 8, "loss": 5, "draw": 2, "win_rate": 61.53846153846154}, "\u5143\u7d20\u6cd5\u5e2b": {"win": 10, "loss": 5, "draw": 0, "win_rate": 66.66666666666666}, "\u8352\u795e": {"win": 13, "loss": 1, "draw": 1, "win_rate": 92.85714285714286}, "\u661f\u795e": {"win": 7, "loss": 8, "draw": 0, "win_rate": 46.666666666666664}}, "\u8840\u795e": {"\u8056\u9a0e\u58eb": {"win": 6, "loss": 9, "draw": 0, "win_rate": 40.0}, "\u6cd5\u5e2b": {"win": 14, "loss": 1, "draw": 0, "win_rate": 93.33333333333333}, "\u523a\u5ba2": {"win": 6, "loss": 9, "draw": 0, "win_rate": 40.0},