{"data": {"env_evaluation": {"ehi": 0.882, "esi": 0.986, "mpi": 0.293, "avg_rounds": 6.515128205128205}, "profession_evaluation": {"\u8056\u9a0e\u58eb": {"EIR": 23.02, "Advanced NAS": -0.321, "MSI": 0.79, "PI20": 0.25, "AVG_WR": 48.66666666666667}, "\u6cd5\u5e2b": {"EIR": 18.96, "Advanced NAS": -1.597, "MSI": 0.75, "PI20": 0.58, "AVG_WR": 40.0}, "\u523a\u5ba2": {"EIR": 19.78, "Advanced NAS": -0.597, "MSI": 0.81, "PI20": 0.33, "AVG_WR": 47.0}, "\u5f13\u7bad\u624b": {"EIR": 29.45, "Advanced NAS": 0.414, "MSI": 0.75, "PI20": 0.42, "AVG_WR": 52.666666666666664}, "\u72c2\u6230\u58eb": {"EIR": 21.9, "Advanced NAS": -0.148, "MSI": 0.77, "PI20": 0.42, "AVG_WR": 49.666666666666664}, "\u9f8d\u795e": {"EIR": 20.38, "Advanced NAS": -1.289, "MSI": 0.75, "PI20": 0.33, "AVG_WR": 42.333333333333336}, "\u8840\u795e": {"EIR": 34.84, "Advanced NAS": 1.933, "MSI": 0.68, "PI20": 0.75, "AVG_WR": 59.333333333333336}, "\u525b\u6bc5\u6b66\u58eb": {"EIR": 20.32, "Advanced NAS": -0.787, "MSI": 0.72, "PI20": 0.58, "AVG_WR": 45.819397993311036}, "\u9be8\u541e": {"EIR": 33.29, "Advanced NAS": 1.197, "MSI": 0.7, "PI20": 0.67, "AVG_WR": 56.333333333333336}, "\u8352\u539f\u904a\u4fe0": {"EIR": 24.93, "Advanced NAS": 0.348, "MSI": 0.79, "PI20": 0.25, "AVG_WR": 52.33333333333333}, "\u5143\u7d20\u6cd5\u5e2b": {"EIR": 29.02, "Advanced NAS": 1.432, "MSI": 0.8, "PI20": 0.25, "AVG_WR": 57.333333333333336}, "\u8352\u795e": {"EIR": 25.09, "Advanced NAS": -0.321, "MSI": 0.8, "PI20": 0.5, "AVG_WR": 48.66666666666667}, "\u661f\u795e": {"EIR": 23.59, "Advanced NAS": -0.264, "MSI": 0.68, "PI20": 0.92, "AVG_WR": 49.0}}, "combine_win_rate_table": {"\u8056\u9a0e\u58eb": {"\u6cd5\u5e2b": {"win": 12, "loss": 13, "draw": 0, "win_rate": 48.0}, "\u523a\u5ba2": {"win": 9, "loss": 16, "draw": 0, "win_rate": 36.0}, "\u5f13\u7bad\u624b": {"win": 16, "loss": 9, "draw": 0, "win_rate": 64.0}, "\u72c2\u6230\u58eb": {"win": 13, "loss": 12, "draw": 0, "win_rate": 52.0}, "\u9f8d\u795e": {"win": 2, "loss": 23, "draw": 0, "win_rate": 8.0}, "\u8840\u795e": {"win": 17, "loss": 8, "draw": 0, "win_rate": 68.0}, "\u525b\u6bc5\u6b66\u58eb": {"win": 10, "loss": 15, "draw": 0, "win_rate": 40.0}, "\u9be8\u541e": {"win": 22, "loss": 3, "draw": 0, "win_rate": 88.0}, "\u8352\u539f\u904a\u4fe0": {"win": 13, "loss": 12, "draw": 0, "win_rate": 52.0}, "\u5143\u7d20\u6cd5\u5e2b": {"win": 8, "loss": 17, "draw": 0, "win_rate": 32.0}, "\u8352\u795e": {"win": 7, "loss": 18, "draw": 0, "win_rate": 28.000000000000004}, "\u661f\u795e": {"win": 17, "loss": 8, "draw": 0, "win_rate": 68.0}}, "\u6cd5\u5e2b": {"\u8056\u9a0e\u58eb": {"win": 13, "loss": 12, "draw": 0, "win_rate": 52.0}, "\u523a\u5ba2": {"win": 18, "loss": 7, "draw": 0, "win_rate": 72.0}, "\u5f13\u7bad\u624b": {"win": 6, "loss": 19, "draw": 0, "win_rate": 24.0}, "\u72c2\u6230\u58eb": {"win": 17, "loss": 8, "draw": 0, "win_rate": 68.0}, "\u9f8d\u795e": {"win": 12, "loss": 13, "draw": 0, "win_rate": 48.0}, "\u8840\u795e": {"win": 0, "loss": 25, "draw": 0, "win_rate": 0.0}, "\u525b\u6bc5\u6b66\u58eb": {"win": 1, "loss": 24, "draw": 0, "win_rate": 4.0}, "\u9be8\u541e": {"win": 4, "loss": 21, "draw": 0, "win_rate": 16.0}, "\u8352\u539f\u904a\u4fe0": {"win": 9, "loss": 16, "draw": 0, "win_rate": 36.0}, "\u5143\u7d20\u6cd5\u5e2b": {"win": 7, "loss": 18, "draw": 0, "win_rate": 28.000000000000004}, "\u8352\u795e": {"win": 16, "loss": 9, "draw": 0, "win_rate": 64.0}, "\u661f\u795e": {"win": 17, "loss": 8, "draw": 0, "win_rate": 68.0}}, "\u523a\u5ba2": {"\u8056\u9a0e\u58eb": {"win": 18, "loss": 7, "draw": 0, "win_rate": 72.0}, "\u6cd5\u5e2b": {"win": 7, "loss": 18, "draw": 0, "win_rate": 28.000000000000004}, "\u5f13\u7bad\u624b": {"win": 11, "loss": 14, "draw": 0, "win_rate": 44.0}, "\u72c2\u6230\u58eb": {"win": 10, "loss": 15, "draw": 0, "win_rate": 40.0}, "\u9f8d\u795e": {"win": 6, "loss": 19, "draw": 0, "win_rate": 24.0}, "\u8840\u795e": {"win": 4, "loss": 21, "draw": 0, "win_rate": 16.0}, "\u525b\u6bc5\u6b66\u58eb": {"win": 16, "loss": 9, "draw": 0, "win_rate": 64.0}, "\u9be8\u541e": {"win": 9, "loss": 16, "draw": 0, "win_rate": 36.0}, "\u8352\u539f\u904a\u4fe0": {"win": 16, "loss": 9, "draw": 0, "win_rate": 64.0}, "\u5143\u7d20\u6cd5\u5e2b": {"win": 13, "loss": 12, "draw": 0, "win_rate": 52.0}, "\u8352\u795e": {"win": 11, "loss": 14, "draw": 0, "win_rate": 44.0}, "\u661f\u795e": {"win": 20, "loss": 5, "draw": 0, "win_rate": 80.0}}, "\u5f13\u7bad\u624b": {"\u8056\u9a0e\u58eb": {"win": 9, "loss": 16, "draw": 0, "win_rate": 36.0}, "\u6cd5\u5e2b": {"win": 14, "loss": 11, "draw": 0, "win_rate": 56.00000000000001}, "\u523a\u5ba2": {"win": 17, "loss": 8, "draw": 0, "win_rate": 68.0}, "\u72c2\u6230\u58eb": {"win": 15, "loss": 10, "draw": 0, "win_rate": 60.0}, "\u9f8d\u795e": {"win": 15, "loss": 10, "draw": 0, "win_rate": 60.0}, "\u8840\u795e": {"win": 22, "loss": 3, "draw": 0, "win_rate": 88.0}, "\u525b\u6bc5\u6b66\u58eb": {"win": 25, "loss": 0, "draw": 0, "win_rate": 100.0}, "\u9be8\u541e": {"win": 4, "loss": 21, "draw": 0, "win_rate": 16.0}, "\u8352\u539f\u904a\u4fe0": {"win": 6, "loss": 19, "draw": 0, "win_rate": 24.0}, "\u5143\u7d20\u6cd5\u5e2b": {"win": 7, "loss": 18, "draw": 0, "win_rate": 28.000000000000004}, "\u8352\u795e": {"win": 15, "loss": 10, "draw": 0, "win_rate": 60.0}, "\u661f\u795e": {"win": 9, "loss": 16, "draw": 0, "win_rate": 36.0}}, "\u72c2\u6230\u58eb": {"\u8056\u9a0e\u58eb": {"win": 14, "loss": 11, "draw": 0, "win_rate": 56.00000000000001}, "\u6cd5\u5e2b": {"win": 10, "loss": 15, "draw": 0, "win_rate": 40.0}, "\u523a\u5ba2": {"win": 21, "loss": 4, "draw": 0, "win_rate": 84.0}, "\u5f13\u7bad\u624b": {"win": 7, "loss": 18, "draw": 0, "win_rate": 28.000000000000004}, "\u9f8d\u795e": {"win": 14, "loss": 11, "draw": 0, "win_rate": 56.00000000000001}, "\u8840\u795e": {"win": 2, "loss": 23, "draw": 0, "win_rate": 8.0}, "\u525b\u6bc5\u6b66\u58eb": {"win": 13, "loss": 12, "draw": 0, "win_rate": 52.0}, "\u9be8\u541e": {"win": 5, "loss": 20, "draw": 0, "win_rate": 20.0}, "\u8352\u539f\u904a\u4fe0": {"win": 12, "loss": 13, "draw": 0, "win_rate": 48.0}, "\u5143\u7d20\u6cd5\u5e2b": {"win": 13, "loss": 12, "draw": 0, "win_rate": 52.0}, "\u8352\u795e": {"win": 16, "loss": 9, "draw": 0, "win_rate": 64.0}, "\u661f\u795e": {"win": 22, "loss": 3, "draw": 0, "win_rate": 88.0}}, "\u9f8d\u795e": {"\u8056\u9a0e\u58eb": {"win": 24, "loss": 1, "draw": 0, "win_rate": 96.0}, "\u6cd5\u5e2b": {"win": 15, "loss": 10, "draw": 0, "win_rate": 60.0}, "\u523a\u5ba2": {"win": 13, "loss": 12, "draw": 0, "win_rate": 52.0}, "\u5f13\u7bad\u624b": {"win": 10, "loss": 15, "draw": 0, "win_rate": 40.0}, "\u72c2\u6230\u58eb": {"win": 9, "loss": 16, "draw": 0, "win_rate": 36.0}, "\u8840\u795e": {"win": 1, "loss": 24, "draw": 0, "win_rate": 4.0}, "\u525b\u6bc5\u6b66\u58eb": {"win": 4, "loss": 21, "draw": 0, "win_rate": 16.0}, "\u9be8\u541e": {"win": 12, "loss": 13, "draw": 0, "win_rate": 48.0}, "\u8352\u539f\u904a\u4fe0": {"win": 12, "loss": 13, "draw": 0, "win_rate": 48.0}, "\u5143\u7d20\u6cd5\u5e2b": {"win": 12, "loss": 13, "draw": 0, "win_rate": 48.0}, "\u8352\u795e": {"win": 14, "loss": 11, "draw": 0, "win_rate": 56.00000000000001}, "\u661f\u795e": {"win": 1, "loss": 24, "draw": 0, "win_rate": 4.0}}, "\u8840\u795e": {"\u8056\u9a0e\u58eb": {"win": 9, "loss": 16, "draw": 0, "win_rate": 36.0}, "\u6cd5\u5e2b": {"win": 22, "loss": 3, "draw": 0, "win_rate": 88.0}, "\u523a\u5ba2": {"win": 19, "loss": 6, "draw": 0, "win_rate": 76.0}, "\u5f13\u7bad\u624b": {"win": 2, "loss": 23, "draw": 0, "win_rate": 8.0}, "\u72c2\u6230\u58eb": {"win": 23, "loss": 2, "draw": 0, "win_rate": 92.0}, "\u9f8d\u795e": {"win": 24, "loss": 1, "draw": 0, "win_rate": 96.0}, "\u525b\u6bc5\u6b66\u58eb": {"win": 20, "loss": 5, "draw": 0, "win_rate": 80.0}, "\u9be8\u541e": {"win": 4, "loss": 21, "draw": 0, "win_rate": 16.0}, "\u8352\u539f\u904a\u4fe0": {"win": 19, "loss": 6, "draw": 0, "win_rate": 76.0}, "\u5143\u7d20\u6cd5\u5e2b": {"win": 21, "loss": 4, "draw": 0, "win_rate": 84.0}, "\u8352\u795e": {"win": 11, "loss": 14, "draw": 0, "win_rate": 44.0},