{"data": {"env_evaluation": {"ehi": 0.902, "esi": 0.997, "mpi": 0.393, "avg_rounds": 8.29}, "profession_evaluation": {"\u8056\u9a0e\u58eb": {"EIR": 0.56, "Advanced NAS": 1.42, "MSI": 0.76, "PI20": 0.58, "AVG_WR": 61.74496644295302}, "\u6cd5\u5e2b": {"EIR": 0.54, "Advanced NAS": 1.555, "MSI": 0.68, "PI20": 0.5, "AVG_WR": 62.33333333333333}, "\u523a\u5ba2": {"EIR": 0.4, "Advanced NAS": -0.825, "MSI": 0.83, "PI20": 0.75, "AVG_WR": 45.0}, "\u5f13\u7bad\u624b": {"EIR": 0.22, "Advanced NAS": -2.377, "MSI": 0.69, "PI20": 0.5, "AVG_WR": 22.666666666666664}, "\u72c2\u6230\u58eb": {"EIR": 0.48, "Advanced NAS": 0.297, "MSI": 0.74, "PI20": 0.58, "AVG_WR": 54.666666666666664}, "\u9f8d\u795e": {"EIR": 0.41, "Advanced NAS": -0.792, "MSI": 0.77, "PI20": 0.67, "AVG_WR": 45.33333333333333}, "\u8840\u795e": {"EIR": 0.54, "Advanced NAS": 0.391, "MSI": 0.7, "PI20": 0.33, "AVG_WR": 55.333333333333336}, "\u525b\u6bc5\u6b66\u58eb": {"EIR": 0.49, "Advanced NAS": -0.27, "MSI": 0.77, "PI20": 0.5, "AVG_WR": 50.16722408026756}, "\u9be8\u541e": {"EIR": 0.51, "Advanced NAS": 0.439, "MSI": 0.69, "PI20": 0.25, "AVG_WR": 55.666666666666664}, "\u8352\u539f\u904a\u4fe0": {"EIR": 0.48, "Advanced NAS": 0.391, "MSI": 0.75, "PI20": 0.42, "AVG_WR": 55.333333333333336}, "\u5143\u7d20\u6cd5\u5e2b": {"EIR": 0.5, "Advanced NAS": 0.689, "MSI": 0.73, "PI20": 0.58, "AVG_WR": 57.333333333333336}, "\u8352\u795e": {"EIR": 0.46, "Advanced NAS": -0.295, "MSI": 0.73, "PI20": 0.25, "AVG_WR": 50.0}, "\u661f\u795e": {"EIR": 0.41, "Advanced NAS": -0.624, "MSI": 0.65, "PI20": 0.25, "AVG_WR": 47.0}}, "combine_win_rate_table": {"\u8056\u9a0e\u58eb": {"\u6cd5\u5e2b": {"win": 18, "loss": 7, "draw": 0, "win_rate": 72.0}, "\u523a\u5ba2": {"win": 16, "loss": 9, "draw": 0, "win_rate": 64.0}, "\u5f13\u7bad\u624b": {"win": 24, "loss": 1, "draw": 0, "win_rate": 96.0}, "\u72c2\u6230\u58eb": {"win": 16, "loss": 9, "draw": 0, "win_rate": 64.0}, "\u9f8d\u795e": {"win": 14, "loss": 11, "draw": 0, "win_rate": 56.00000000000001}, "\u8840\u795e": {"win": 25, "loss": 0, "draw": 0, "win_rate": 100.0}, "\u525b\u6bc5\u6b66\u58eb": {"win": 10, "loss": 13, "draw": 2, "win_rate": 43.47826086956522}, "\u9be8\u541e": {"win": 23, "loss": 2, "draw": 0, "win_rate": 92.0}, "\u8352\u539f\u904a\u4fe0": {"win": 10, "loss": 15, "draw": 0, "win_rate": 40.0}, "\u5143\u7d20\u6cd5\u5e2b": {"win": 12, "loss": 13, "draw": 0, "win_rate": 48.0}, "\u8352\u795e": {"win": 5, "loss": 20, "draw": 0, "win_rate": 20.0}, "\u661f\u795e": {"win": 11, "loss": 14, "draw": 0, "win_rate": 44.0}}, "\u6cd5\u5e2b": {"\u8056\u9a0e\u58eb": {"win": 6, "loss": 19, "draw": 0, "win_rate": 24.0}, "\u523a\u5ba2": {"win": 19, "loss": 6, "draw": 0, "win_rate": 76.0}, "\u5f13\u7bad\u624b": {"win": 24, "loss": 1, "draw": 0, "win_rate": 96.0}, "\u72c2\u6230\u58eb": {"win": 16, "loss": 9, "draw": 0, "win_rate": 64.0}, "\u9f8d\u795e": {"win": 20, "loss": 5, "draw": 0, "win_rate": 80.0}, "\u8840\u795e": {"win": 1, "loss": 24, "draw": 0, "win_rate": 4.0}, "\u525b\u6bc5\u6b66\u58eb": {"win": 18, "loss": 7, "draw": 0, "win_rate": 72.0}, "\u9be8\u541e": {"win": 3, "loss": 22, "draw": 0, "win_rate": 12.0}, "\u8352\u539f\u904a\u4fe0": {"win": 20, "loss": 5, "draw": 0, "win_rate": 80.0}, "\u5143\u7d20\u6cd5\u5e2b": {"win": 11, "loss": 14, "draw": 0, "win_rate": 44.0}, "\u8352\u795e": {"win": 24, "loss": 1, "draw": 0, "win_rate": 96.0}, "\u661f\u795e": {"win": 25, "loss": 0, "draw": 0, "win_rate": 100.0}}, "\u523a\u5ba2": {"\u8056\u9a0e\u58eb": {"win": 7, "loss": 18, "draw": 0, "win_rate": 28.000000000000004}, "\u6cd5\u5e2b": {"win": 7, "loss": 18, "draw": 0, "win_rate": 28.000000000000004}, "\u5f13\u7bad\u624b": {"win": 18, "loss": 7, "draw": 0, "win_rate": 72.0}, "\u72c2\u6230\u58eb": {"win": 10, "loss": 15, "draw": 0, "win_rate": 40.0}, "\u9f8d\u795e": {"win": 15, "loss": 10, "draw": 0, "win_rate": 60.0}, "\u8840\u795e": {"win": 12, "loss": 13, "draw": 0, "win_rate": 48.0}, "\u525b\u6bc5\u6b66\u58eb": {"win": 7, "loss": 18, "draw": 0, "win_rate": 28.000000000000004}, "\u9be8\u541e": {"win": 8, "loss": 17, "draw": 0, "win_rate": 32.0}, "\u8352\u539f\u904a\u4fe0": {"win": 9, "loss": 16, "draw": 0, "win_rate": 36.0}, "\u5143\u7d20\u6cd5\u5e2b": {"win": 8, "loss": 17, "draw": 0, "win_rate": 32.0}, "\u8352\u795e": {"win": 17, "loss": 8, "draw": 0, "win_rate": 68.0}, "\u661f\u795e": {"win": 17, "loss": 8, "draw": 0, "win_rate": 68.0}}, "\u5f13\u7bad\u624b": {"\u8056\u9a0e\u58eb": {"win": 1, "loss": 24, "draw": 0, "win_rate": 4.0}, "\u6cd5\u5e2b": {"win": 0, "loss": 25, "draw": 0, "win_rate": 0.0}, "\u523a\u5ba2": {"win": 3, "loss": 22, "draw": 0, "win_rate": 12.0}, "\u72c2\u6230\u58eb": {"win": 0, "loss": 25, "draw": 0, "win_rate": 0.0}, "\u9f8d\u795e": {"win": 2, "loss": 23, "draw": 0, "win_rate": 8.0}, "\u8840\u795e": {"win": 20, "loss": 5, "draw": 0, "win_rate": 80.0}, "\u525b\u6bc5\u6b66\u58eb": {"win": 24, "loss": 1, "draw": 0, "win_rate": 96.0}, "\u9be8\u541e": {"win": 2, "loss": 23, "draw": 0, "win_rate": 8.0}, "\u8352\u539f\u904a\u4fe0": {"win": 2, "loss": 23, "draw": 0, "win_rate": 8.0}, "\u5143\u7d20\u6cd5\u5e2b": {"win": 3, "loss": 22, "draw": 0, "win_rate": 12.0}, "\u8352\u795e": {"win": 11, "loss": 14, "draw": 0, "win_rate": 44.0}, "\u661f\u795e": {"win": 0, "loss": 25, "draw": 0, "win_rate": 0.0}}, "\u72c2\u6230\u58eb": {"\u8056\u9a0e\u58eb": {"win": 10, "loss": 15, "draw": 0, "win_rate": 40.0}, "\u6cd5\u5e2b": {"win": 10, "loss": 15, "draw": 0, "win_rate": 40.0}, "\u523a\u5ba2": {"win": 15, "loss": 10, "draw": 0, "win_rate": 60.0}, "\u5f13\u7bad\u624b": {"win": 23, "loss": 2, "draw": 0, "win_rate": 92.0}, "\u9f8d\u795e": {"win": 15, "loss": 10, "draw": 0, "win_rate": 60.0}, "\u8840\u795e": {"win": 7, "loss": 18, "draw": 0, "win_rate": 28.000000000000004}, "\u525b\u6bc5\u6b66\u58eb": {"win": 14, "loss": 11, "draw": 0, "win_rate": 56.00000000000001}, "\u9be8\u541e": {"win": 1, "loss": 24, "draw": 0, "win_rate": 4.0}, "\u8352\u539f\u904a\u4fe0": {"win": 9, "loss": 16, "draw": 0, "win_rate": 36.0}, "\u5143\u7d20\u6cd5\u5e2b": {"win": 15, "loss": 10, "draw": 0, "win_rate": 60.0}, "\u8352\u795e": {"win": 24, "loss": 1, "draw": 0, "win_rate": 96.0}, "\u661f\u795e": {"win": 21, "loss": 4, "draw": 0, "win_rate": 84.0}}, "\u9f8d\u795e": {"\u8056\u9a0e\u58eb": {"win": 11, "loss": 14, "draw": 0, "win_rate": 44.0}, "\u6cd5\u5e2b": {"win": 6, "loss": 19, "draw": 0, "win_rate": 24.0}, "\u523a\u5ba2": {"win": 14, "loss": 11, "draw": 0, "win_rate": 56.00000000000001}, "\u5f13\u7bad\u624b": {"win": 21, "loss": 4, "draw": 0, "win_rate": 84.0}, "\u72c2\u6230\u58eb": {"win": 8, "loss": 17, "draw": 0, "win_rate": 32.0}, "\u8840\u795e": {"win": 7, "loss": 18, "draw": 0, "win_rate": 28.000000000000004}, "\u525b\u6bc5\u6b66\u58eb": {"win": 12, "loss": 13, "draw": 0, "win_rate": 48.0}, "\u9be8\u541e": {"win": 21, "loss": 4, "draw": 0, "win_rate": 84.0}, "\u8352\u539f\u904a\u4fe0": {"win": 8, "loss": 17, "draw": 0, "win_rate": 32.0}, "\u5143\u7d20\u6cd5\u5e2b": {"win": 11, "loss": 14, "draw": 0, "win_rate": 44.0}, "\u8352\u795e": {"win": 16, "loss": 9, "draw": 0, "win_rate": 64.0}, "\u661f\u795e": {"win": 1, "loss": 24, "draw": 0, "win_rate": 4.0}}, "\u8840\u795e": {"\u8056\u9a0e\u58eb": {"win": 3, "loss": 22, "draw": 0, "win_rate": 12.0}, "\u6cd5\u5e2b": {"win": 25, "loss": 0, "draw": 0, "win_rate": 100.0}, "\u523a\u5ba2": {"win": 18, "loss": 7, "draw": 0, "win_rate": 72.0}, "\u5f13\u7bad\u624b": {"win": 7, "loss": 18, "draw": 0, "win_rate": 28.000000000000004}, "\u72c2\u6230\u58eb": {"win": 15, "loss": 10, "draw": 0, "win_rate": 60.0}, "\u9f8d\u795e": {"win": 19, "loss": 6, "draw": 0, "win_rate": 76.0}, "\u525b\u6bc5\u6b66\u58eb": {"win": 15, "loss": 10, "draw": 0, "win_rate": 60.0}, "\u9be8\u541e": {"win": 14, "loss": 11, "draw": 0, "win_rate": 56.00000000000001}, "\u8352\u539f\u904a\u4fe0": {"win": 20, "loss": 5, "draw": 0, "win_rate": 80.0}, "\u5143\u7d20\u6cd5\u5e2b": {"win": 23, "loss": 2, "draw": 0, "win_rate": 92.0}, "\u8352\u795e": {"win": 7, "loss": 18, "draw": 0,