{"data": {"env_evaluation": {"ehi": 0.866, "esi": 0.995, "mpi": 0.167, "avg_rounds": 8.631538461538462}, "profession_evaluation": {"\u8056\u9a0e\u58eb": {"EIR": 0.41, "Advanced NAS": -0.594, "MSI": 0.77, "PI20": 0.42, "AVG_WR": 46.0}, "\u6cd5\u5e2b": {"EIR": 0.41, "Advanced NAS": -0.785, "MSI": 0.81, "PI20": 0.33, "AVG_WR": 44.65478841870824}, "\u523a\u5ba2": {"EIR": 0.51, "Advanced NAS": 1.528, "MSI": 0.86, "PI20": 0.25, "AVG_WR": 57.72222222222222}, "\u5f13\u7bad\u624b": {"EIR": 0.41, "Advanced NAS": -0.753, "MSI": 0.79, "PI20": 0.25, "AVG_WR": 44.888888888888886}, "\u72c2\u6230\u58eb": {"EIR": 0.45, "Advanced NAS": 0.133, "MSI": 0.79, "PI20": 0.5, "AVG_WR": 50.61111111111111}, "\u9f8d\u795e": {"EIR": 0.5, "Advanced NAS": 1.392, "MSI": 0.81, "PI20": 0.42, "AVG_WR": 57.111111111111114}, "\u8840\u795e": {"EIR": 0.47, "Advanced NAS": 0.277, "MSI": 0.72, "PI20": 0.5, "AVG_WR": 51.44444444444445}, "\u525b\u6bc5\u6b66\u58eb": {"EIR": 0.52, "Advanced NAS": 1.771, "MSI": 0.85, "PI20": 0.25, "AVG_WR": 58.77777777777777}, "\u9be8\u541e": {"EIR": 0.37, "Advanced NAS": -1.256, "MSI": 0.76, "PI20": 0.42, "AVG_WR": 41.05555555555556}, "\u8352\u539f\u904a\u4fe0": {"EIR": 0.47, "Advanced NAS": 0.57, "MSI": 0.77, "PI20": 0.5, "AVG_WR": 53.05555555555556}, "\u5143\u7d20\u6cd5\u5e2b": {"EIR": 0.38, "Advanced NAS": -1.133, "MSI": 0.83, "PI20": 0.17, "AVG_WR": 42.01446855870896}, "\u8352\u795e": {"EIR": 0.43, "Advanced NAS": -0.337, "MSI": 0.78, "PI20": 0.42, "AVG_WR": 47.72222222222222}, "\u661f\u795e": {"EIR": 0.4, "Advanced NAS": -0.814, "MSI": 0.73, "PI20": 0.67, "AVG_WR": 44.44444444444444}}, "combine_win_rate_table": {"\u8056\u9a0e\u58eb": {"\u6cd5\u5e2b": {"win": 96, "loss": 54, "draw": 0, "win_rate": 64.0}, "\u523a\u5ba2": {"win": 50, "loss": 100, "draw": 0, "win_rate": 33.33333333333333}, "\u5f13\u7bad\u624b": {"win": 52, "loss": 98, "draw": 0, "win_rate": 34.66666666666667}, "\u72c2\u6230\u58eb": {"win": 65, "loss": 85, "draw": 0, "win_rate": 43.333333333333336}, "\u9f8d\u795e": {"win": 7, "loss": 143, "draw": 0, "win_rate": 4.666666666666667}, "\u8840\u795e": {"win": 76, "loss": 74, "draw": 0, "win_rate": 50.66666666666667}, "\u525b\u6bc5\u6b66\u58eb": {"win": 62, "loss": 88, "draw": 0, "win_rate": 41.333333333333336}, "\u9be8\u541e": {"win": 128, "loss": 22, "draw": 0, "win_rate": 85.33333333333334}, "\u8352\u539f\u904a\u4fe0": {"win": 111, "loss": 39, "draw": 0, "win_rate": 74.0}, "\u5143\u7d20\u6cd5\u5e2b": {"win": 111, "loss": 39, "draw": 0, "win_rate": 74.0}, "\u8352\u795e": {"win": 31, "loss": 119, "draw": 0, "win_rate": 20.666666666666668}, "\u661f\u795e": {"win": 39, "loss": 111, "draw": 0, "win_rate": 26.0}}, "\u6cd5\u5e2b": {"\u8056\u9a0e\u58eb": {"win": 49, "loss": 101, "draw": 0, "win_rate": 32.666666666666664}, "\u523a\u5ba2": {"win": 66, "loss": 81, "draw": 3, "win_rate": 44.89795918367347}, "\u5f13\u7bad\u624b": {"win": 82, "loss": 68, "draw": 0, "win_rate": 54.666666666666664}, "\u72c2\u6230\u58eb": {"win": 73, "loss": 77, "draw": 0, "win_rate": 48.66666666666667}, "\u9f8d\u795e": {"win": 67, "loss": 82, "draw": 1, "win_rate": 44.966442953020135}, "\u8840\u795e": {"win": 27, "loss": 123, "draw": 0, "win_rate": 18.0}, "\u525b\u6bc5\u6b66\u58eb": {"win": 48, "loss": 102, "draw": 0, "win_rate": 32.0}, "\u9be8\u541e": {"win": 11, "loss": 139, "draw": 0, "win_rate": 7.333333333333333}, "\u8352\u539f\u904a\u4fe0": {"win": 79, "loss": 71, "draw": 0, "win_rate": 52.666666666666664}, "\u5143\u7d20\u6cd5\u5e2b": {"win": 78, "loss": 72, "draw": 0, "win_rate": 52.0}, "\u8352\u795e": {"win": 98, "loss": 52, "draw": 0, "win_rate": 65.33333333333333}, "\u661f\u795e": {"win": 124, "loss": 26, "draw": 0, "win_rate": 82.66666666666667}}, "\u523a\u5ba2": {"\u8056\u9a0e\u58eb": {"win": 86, "loss": 64, "draw": 0, "win_rate": 57.333333333333336}, "\u6cd5\u5e2b": {"win": 95, "loss": 55, "draw": 0, "win_rate": 63.33333333333333}, "\u5f13\u7bad\u624b": {"win": 125, "loss": 25, "draw": 0, "win_rate": 83.33333333333334}, "\u72c2\u6230\u58eb": {"win": 54, "loss": 96, "draw": 0, "win_rate": 36.0}, "\u9f8d\u795e": {"win": 80, "loss": 70, "draw": 0, "win_rate": 53.333333333333336}, "\u8840\u795e": {"win": 74, "loss": 76, "draw": 0, "win_rate": 49.333333333333336}, "\u525b\u6bc5\u6b66\u58eb": {"win": 58, "loss": 92, "draw": 0, "win_rate": 38.666666666666664}, "\u9be8\u541e": {"win": 92, "loss": 58, "draw": 0, "win_rate": 61.33333333333333}, "\u8352\u539f\u904a\u4fe0": {"win": 67, "loss": 83, "draw": 0, "win_rate": 44.666666666666664}, "\u5143\u7d20\u6cd5\u5e2b": {"win": 94, "loss": 56, "draw": 0, "win_rate": 62.66666666666667}, "\u8352\u795e": {"win": 93, "loss": 57, "draw": 0, "win_rate": 62.0}, "\u661f\u795e": {"win": 121, "loss": 29, "draw": 0, "win_rate": 80.66666666666666}}, "\u5f13\u7bad\u624b": {"\u8056\u9a0e\u58eb": {"win": 86, "loss": 64, "draw": 0, "win_rate": 57.333333333333336}, "\u6cd5\u5e2b": {"win": 55, "loss": 95, "draw": 0, "win_rate": 36.666666666666664}, "\u523a\u5ba2": {"win": 38, "loss": 112, "draw": 0, "win_rate": 25.333333333333336}, "\u72c2\u6230\u58eb": {"win": 31, "loss": 119, "draw": 0, "win_rate": 20.666666666666668}, "\u9f8d\u795e": {"win": 62, "loss": 88, "draw": 0, "win_rate": 41.333333333333336}, "\u8840\u795e": {"win": 146, "loss": 4, "draw": 0, "win_rate": 97.33333333333334}, "\u525b\u6bc5\u6b66\u58eb": {"win": 76, "loss": 74, "draw": 0, "win_rate": 50.66666666666667}, "\u9be8\u541e": {"win": 70, "loss": 80, "draw": 0, "win_rate": 46.666666666666664}, "\u8352\u539f\u904a\u4fe0": {"win": 22, "loss": 128, "draw": 0, "win_rate": 14.666666666666666}, "\u5143\u7d20\u6cd5\u5e2b": {"win": 83, "loss": 67, "draw": 0, "win_rate": 55.333333333333336}, "\u8352\u795e": {"win": 93, "loss": 57, "draw": 0, "win_rate": 62.0}, "\u661f\u795e": {"win": 46, "loss": 104, "draw": 0, "win_rate": 30.666666666666664}}, "\u72c2\u6230\u58eb": {"\u8056\u9a0e\u58eb": {"win": 69, "loss": 81, "draw": 0, "win_rate": 46.0}, "\u6cd5\u5e2b": {"win": 63, "loss": 87, "draw": 0, "win_rate": 42.0}, "\u523a\u5ba2": {"win": 88, "loss": 62, "draw": 0, "win_rate": 58.666666666666664}, "\u5f13\u7bad\u624b": {"win": 113, "loss": 37, "draw": 0, "win_rate": 75.33333333333333}, "\u9f8d\u795e": {"win": 19, "loss": 131, "draw": 0, "win_rate": 12.666666666666668}, "\u8840\u795e": {"win": 84, "loss": 66, "draw": 0, "win_rate": 56.00000000000001}, "\u525b\u6bc5\u6b66\u58eb": {"win": 48, "loss": 102, "draw": 0, "win_rate": 32.0}, "\u9be8\u541e": {"win": 64, "loss": 86, "draw": 0, "win_rate": 42.66666666666667}, "\u8352\u539f\u904a\u4fe0": {"win": 31, "loss": 119, "draw": 0, "win_rate": 20.666666666666668}, "\u5143\u7d20\u6cd5\u5e2b": {"win": 107, "loss": 43, "draw": 0, "win_rate": 71.33333333333334}, "\u8352\u795e": {"win": 114, "loss": 36, "draw": 0, "win_rate": 76.0}, "\u661f\u795e": {"win": 111, "loss": 39, "draw": 0, "win_rate": 74.0}}, "\u9f8d\u795e": {"\u8056\u9a0e\u58eb": {"win": 128, "loss": 22, "draw": 0, "win_rate": 85.33333333333334}, "\u6cd5\u5e2b": {"win": 73, "loss": 77, "draw": 0, "win_rate": 48.66666666666667}, "\u523a\u5ba2": {"win": 59, "loss": 91, "draw": 0, "win_rate": 39.33333333333333}, "\u5f13\u7bad\u624b": {"win": 82, "loss": 68, "draw": 0, "win_rate": 54.666666666666664}, "\u72c2\u6230\u58eb": {"win": 131, "loss": 19, "draw": 0, "win_rate": 87.33333333333333}, "\u8840\u795e": {"win": 42, "loss": 108, "draw": 0, "win_rate": 28.000000000000004}, "\u525b\u6bc5\u6b66\u58eb": {"win": 74, "loss": 76, "draw": 0, "win_rate": 49.333333333333336}, "\u9be8\u541e": {"win": 122, "loss": 28, "draw": 0, "win_rate": 81.33333333333333}, "\u8352\u539f\u904a\u4fe0": {"win": 80, "loss": 70, "draw": 0, "win_rate": 53.333333333333336}, "\u5143\u7d20\u6cd5\u5e2b": {"win": 93, "loss": 57, "draw": 0, "win_rate": 62.0}, "\u8352\u795e": {"win": 91, "loss": 59, "draw": 0, "win_rate": 60.66666666666667}, "\u661f\u795e": {"win": 53, "loss": 97, "draw": 0, "win_rate": 35.333333333333336}}, "\u8840\u795e": {"\u8056\u9a0e\u58eb": {"win": 71, "loss": 79, "draw": 0, "win_rate": 47.333333333333336},