{"data": {"env_evaluation": {"ehi": 0.919, "esi": 0.998, "mpi": 0.511, "avg_rounds": 8.24102564102564}, "profession_evaluation": {"\u8056\u9a0e\u58eb": {"EIR": 0.43, "Advanced NAS": -0.231, "MSI": 0.77, "PI20": 0.33, "AVG_WR": 46.53465346534654}, "\u6cd5\u5e2b": {"EIR": 0.51, "Advanced NAS": 2.05, "MSI": 0.69, "PI20": 0.42, "AVG_WR": 65.0}, "\u523a\u5ba2": {"EIR": 0.27, "Advanced NAS": -1.043, "MSI": 0.84, "PI20": 0.83, "AVG_WR": 32.18390804597701}, "\u5f13\u7bad\u624b": {"EIR": 0.23, "Advanced NAS": -1.265, "MSI": 0.68, "PI20": 0.58, "AVG_WR": 27.61904761904762}, "\u72c2\u6230\u58eb": {"EIR": 0.4, "Advanced NAS": 0.556, "MSI": 0.65, "PI20": 0.33, "AVG_WR": 56.9620253164557}, "\u9f8d\u795e": {"EIR": 0.23, "Advanced NAS": -1.238, "MSI": 0.66, "PI20": 0.5, "AVG_WR": 26.31578947368421}, "\u8840\u795e": {"EIR": 0.52, "Advanced NAS": 0.826, "MSI": 0.59, "PI20": 0.17, "AVG_WR": 55.140186915887845}, "\u525b\u6bc5\u6b66\u58eb": {"EIR": 0.41, "Advanced NAS": -0.413, "MSI": 0.77, "PI20": 0.58, "AVG_WR": 43.63636363636363}, "\u9be8\u541e": {"EIR": 0.55, "Advanced NAS": 1.445, "MSI": 0.7, "PI20": 0.42, "AVG_WR": 62.13592233009708}, "\u8352\u539f\u904a\u4fe0": {"EIR": 0.39, "Advanced NAS": 0.36, "MSI": 0.66, "PI20": 0.25, "AVG_WR": 55.319148936170215}, "\u5143\u7d20\u6cd5\u5e2b": {"EIR": 0.39, "Advanced NAS": 0.08, "MSI": 0.69, "PI20": 0.33, "AVG_WR": 50.476190476190474}, "\u8352\u795e": {"EIR": 0.29, "Advanced NAS": -1.067, "MSI": 0.67, "PI20": 0.33, "AVG_WR": 33.980582524271846}, "\u661f\u795e": {"EIR": 0.4, "Advanced NAS": -0.06, "MSI": 0.61, "PI20": 0.17, "AVG_WR": 48.148148148148145}}, "combine_win_rate_table": {"\u8056\u9a0e\u58eb": {"\u6cd5\u5e2b": {"win": 4, "loss": 2, "draw": 4, "win_rate": 66.66666666666666}, "\u523a\u5ba2": {"win": 7, "loss": 2, "draw": 1, "win_rate": 77.77777777777779}, "\u5f13\u7bad\u624b": {"win": 3, "loss": 6, "draw": 1, "win_rate": 33.33333333333333}, "\u72c2\u6230\u58eb": {"win": 3, "loss": 4, "draw": 3, "win_rate": 42.857142857142854}, "\u9f8d\u795e": {"win": 1, "loss": 6, "draw": 3, "win_rate": 14.285714285714285}, "\u8840\u795e": {"win": 7, "loss": 3, "draw": 0, "win_rate": 70.0}, "\u525b\u6bc5\u6b66\u58eb": {"win": 4, "loss": 5, "draw": 1, "win_rate": 44.44444444444444}, "\u9be8\u541e": {"win": 7, "loss": 1, "draw": 2, "win_rate": 87.5}, "\u8352\u539f\u904a\u4fe0": {"win": 2, "loss": 6, "draw": 2, "win_rate": 25.0}, "\u5143\u7d20\u6cd5\u5e2b": {"win": 2, "loss": 7, "draw": 1, "win_rate": 22.22222222222222}, "\u8352\u795e": {"win": 2, "loss": 7, "draw": 1, "win_rate": 22.22222222222222}, "\u661f\u795e": {"win": 5, "loss": 5, "draw": 0, "win_rate": 50.0}}, "\u6cd5\u5e2b": {"\u8056\u9a0e\u58eb": {"win": 5, "loss": 4, "draw": 1, "win_rate": 55.55555555555556}, "\u523a\u5ba2": {"win": 4, "loss": 5, "draw": 1, "win_rate": 44.44444444444444}, "\u5f13\u7bad\u624b": {"win": 9, "loss": 0, "draw": 1, "win_rate": 100.0}, "\u72c2\u6230\u58eb": {"win": 2, "loss": 1, "draw": 7, "win_rate": 66.66666666666666}, "\u9f8d\u795e": {"win": 6, "loss": 0, "draw": 4, "win_rate": 100.0}, "\u8840\u795e": {"win": 0, "loss": 8, "draw": 2, "win_rate": 0.0}, "\u525b\u6bc5\u6b66\u58eb": {"win": 6, "loss": 4, "draw": 0, "win_rate": 60.0}, "\u9be8\u541e": {"win": 2, "loss": 8, "draw": 0, "win_rate": 20.0}, "\u8352\u539f\u904a\u4fe0": {"win": 6, "loss": 1, "draw": 3, "win_rate": 85.71428571428571}, "\u5143\u7d20\u6cd5\u5e2b": {"win": 7, "loss": 3, "draw": 0, "win_rate": 70.0}, "\u8352\u795e": {"win": 9, "loss": 0, "draw": 1, "win_rate": 100.0}, "\u661f\u795e": {"win": 9, "loss": 1, "draw": 0, "win_rate": 90.0}}, "\u523a\u5ba2": {"\u8056\u9a0e\u58eb": {"win": 2, "loss": 7, "draw": 1, "win_rate": 22.22222222222222}, "\u6cd5\u5e2b": {"win": 2, "loss": 5, "draw": 3, "win_rate": 28.57142857142857}, "\u5f13\u7bad\u624b": {"win": 5, "loss": 2, "draw": 3, "win_rate": 71.42857142857143}, "\u72c2\u6230\u58eb": {"win": 1, "loss": 4, "draw": 5, "win_rate": 20.0}, "\u9f8d\u795e": {"win": 2, "loss": 4, "draw": 4, "win_rate": 33.33333333333333}, "\u8840\u795e": {"win": 2, "loss": 6, "draw": 2, "win_rate": 25.0}, "\u525b\u6bc5\u6b66\u58eb": {"win": 2, "loss": 6, "draw": 2, "win_rate": 25.0}, "\u9be8\u541e": {"win": 2, "loss": 6, "draw": 2, "win_rate": 25.0}, "\u8352\u539f\u904a\u4fe0": {"win": 2, "loss": 4, "draw": 4, "win_rate": 33.33333333333333}, "\u5143\u7d20\u6cd5\u5e2b": {"win": 1, "loss": 8, "draw": 1, "win_rate": 11.11111111111111}, "\u8352\u795e": {"win": 3, "loss": 3, "draw": 4, "win_rate": 50.0}, "\u661f\u795e": {"win": 4, "loss": 4, "draw": 2, "win_rate": 50.0}}, "\u5f13\u7bad\u624b": {"\u8056\u9a0e\u58eb": {"win": 1, "loss": 9, "draw": 0, "win_rate": 10.0}, "\u6cd5\u5e2b": {"win": 0, "loss": 9, "draw": 1, "win_rate": 0.0}, "\u523a\u5ba2": {"win": 2, "loss": 6, "draw": 2, "win_rate": 25.0}, "\u72c2\u6230\u58eb": {"win": 0, "loss": 9, "draw": 1, "win_rate": 0.0}, "\u9f8d\u795e": {"win": 2, "loss": 3, "draw": 5, "win_rate": 40.0}, "\u8840\u795e": {"win": 9, "loss": 0, "draw": 1, "win_rate": 100.0}, "\u525b\u6bc5\u6b66\u58eb": {"win": 9, "loss": 1, "draw": 0, "win_rate": 90.0}, "\u9be8\u541e": {"win": 0, "loss": 9, "draw": 1, "win_rate": 0.0}, "\u8352\u539f\u904a\u4fe0": {"win": 1, "loss": 8, "draw": 1, "win_rate": 11.11111111111111}, "\u5143\u7d20\u6cd5\u5e2b": {"win": 2, "loss": 8, "draw": 0, "win_rate": 20.0}, "\u8352\u795e": {"win": 2, "loss": 5, "draw": 3, "win_rate": 28.57142857142857}, "\u661f\u795e": {"win": 1, "loss": 9, "draw": 0, "win_rate": 10.0}}, "\u72c2\u6230\u58eb": {"\u8056\u9a0e\u58eb": {"win": 4, "loss": 2, "draw": 4, "win_rate": 66.66666666666666}, "\u6cd5\u5e2b": {"win": 1, "loss": 2, "draw": 7, "win_rate": 33.33333333333333}, "\u523a\u5ba2": {"win": 4, "loss": 0, "draw": 6, "win_rate": 100.0}, "\u5f13\u7bad\u624b": {"win": 8, "loss": 0, "draw": 2, "win_rate": 100.0}, "\u9f8d\u795e": {"win": 4, "loss": 2, "draw": 4, "win_rate": 66.66666666666666}, "\u8840\u795e": {"win": 0, "loss": 4, "draw": 6, "win_rate": 0.0}, "\u525b\u6bc5\u6b66\u58eb": {"win": 4, "loss": 6, "draw": 0, "win_rate": 40.0}, "\u9be8\u541e": {"win": 0, "loss": 9, "draw": 1, "win_rate": 0.0}, "\u8352\u539f\u904a\u4fe0": {"win": 1, "loss": 5, "draw": 4, "win_rate": 16.666666666666664}, "\u5143\u7d20\u6cd5\u5e2b": {"win": 3, "loss": 2, "draw": 5, "win_rate": 60.0}, "\u8352\u795e": {"win": 9, "loss": 0, "draw": 1, "win_rate": 100.0}, "\u661f\u795e": {"win": 7, "loss": 2, "draw": 1, "win_rate": 77.77777777777779}}, "\u9f8d\u795e": {"\u8056\u9a0e\u58eb": {"win": 1, "loss": 6, "draw": 3, "win_rate": 14.285714285714285}, "\u6cd5\u5e2b": {"win": 0, "loss": 6, "draw": 4, "win_rate": 0.0}, "\u523a\u5ba2": {"win": 1, "loss": 6, "draw": 3, "win_rate": 14.285714285714285}, "\u5f13\u7bad\u624b": {"win": 5, "loss": 1, "draw": 4, "win_rate": 83.33333333333334}, "\u72c2\u6230\u58eb": {"win": 1, "loss": 5, "draw": 4, "win_rate": 16.666666666666664}, "\u8840\u795e": {"win": 1, "loss": 7, "draw": 2, "win_rate": 12.5}, "\u525b\u6bc5\u6b66\u58eb": {"win": 2, "loss": 8, "draw": 0, "win_rate": 20.0}, "\u9be8\u541e": {"win": 8, "loss": 0, "draw": 2, "win_rate": 100.0}, "\u8352\u539f\u904a\u4fe0": {"win": 0, "loss": 10, "draw": 0, "win_rate": 0.0}, "\u5143\u7d20\u6cd5\u5e2b": {"win": 1, "loss": 9, "draw": 0, "win_rate": 10.0}, "\u8352\u795e": {"win": 5, "loss": 2, "draw": 3, "win_rate": 71.42857142857143}, "\u661f\u795e": {"win": 0, "loss": 10, "draw": 0, "win_rate": 0.0}}, "\u8840\u795e": {"\u8056\u9a0e\u58eb": {"win": 1, "loss": 9, "draw": 0, "win_rate": 10.0}, "\u6cd5\u5e2b": {"win": 10, "loss": 0, "draw": 0, "win_rate": 100.0}, "\u523a\u5ba2": {"win": 4, "loss": 0, "draw": 6, "win_rate": 100.0}, "\u5f13\u7bad\u624b": {"win": 0, "loss": 8, "draw": 2, "win_rate": 0.0}, "\u72c2\u6230\u58eb": {"win": 4, "loss": 1, "draw": 5, "win_rate": 80.0}, "\u9f8d\u795e": {"win": 9, "loss": 1, "draw": 0, "win_rate": 90.0}, "\u525b\u6bc5\u6b66\u58eb": {"win": 5, "loss": 5, "draw": 0, "win_rate": 50.0}, "\u9be8\u541e": {"win": 7, "loss": 3, "draw": 0, "win_rate": 70.0}, "\u8352\u539f\u904a\u4fe0": {"win": 10, "loss": 0,