{"data": {"env_evaluation": {"ehi": 0.899, "esi": 0.987, "mpi": 0.547, "avg_rounds": 6.938461538461539}, "profession_evaluation": {"\u8056\u9a0e\u58eb": {"EIR": 16.27, "Advanced NAS": -0.891, "MSI": 0.75, "PI20": 0.42, "AVG_WR": 43.79310344827586}, "\u6cd5\u5e2b": {"EIR": 21.38, "Advanced NAS": -1.006, "MSI": 0.76, "PI20": 0.5, "AVG_WR": 42.0}, "\u523a\u5ba2": {"EIR": 27.74, "Advanced NAS": 0.149, "MSI": 0.81, "PI20": 0.33, "AVG_WR": 54.0}, "\u5f13\u7bad\u624b": {"EIR": 32.32, "Advanced NAS": 0.911, "MSI": 0.75, "PI20": 0.5, "AVG_WR": 59.66666666666667}, "\u72c2\u6230\u58eb": {"EIR": 15.38, "Advanced NAS": -1.006, "MSI": 0.83, "PI20": 0.5, "AVG_WR": 42.0}, "\u9f8d\u795e": {"EIR": 26.02, "Advanced NAS": -0.394, "MSI": 0.79, "PI20": 0.17, "AVG_WR": 49.0}, "\u8840\u795e": {"EIR": 32.08, "Advanced NAS": 0.715, "MSI": 0.66, "PI20": 0.83, "AVG_WR": 58.333333333333336}, "\u525b\u6bc5\u6b66\u58eb": {"EIR": 14.94, "Advanced NAS": -1.188, "MSI": 0.72, "PI20": 0.5, "AVG_WR": 38.62068965517241}, "\u9be8\u541e": {"EIR": 36.34, "Advanced NAS": 1.892, "MSI": 0.74, "PI20": 0.58, "AVG_WR": 65.33333333333333}, "\u8352\u539f\u904a\u4fe0": {"EIR": 29.89, "Advanced NAS": 0.715, "MSI": 0.82, "PI20": 0.33, "AVG_WR": 58.333333333333336}, "\u5143\u7d20\u6cd5\u5e2b": {"EIR": 25.32, "Advanced NAS": -0.426, "MSI": 0.76, "PI20": 0.33, "AVG_WR": 48.66666666666667}, "\u8352\u795e": {"EIR": 19.65, "Advanced NAS": -0.927, "MSI": 0.78, "PI20": 0.42, "AVG_WR": 43.0}, "\u661f\u795e": {"EIR": 35.84, "Advanced NAS": 1.456, "MSI": 0.71, "PI20": 0.58, "AVG_WR": 63.0}}, "combine_win_rate_table": {"\u8056\u9a0e\u58eb": {"\u6cd5\u5e2b": {"win": 10, "loss": 15, "draw": 0, "win_rate": 40.0}, "\u523a\u5ba2": {"win": 8, "loss": 17, "draw": 0, "win_rate": 32.0}, "\u5f13\u7bad\u624b": {"win": 19, "loss": 6, "draw": 0, "win_rate": 76.0}, "\u72c2\u6230\u58eb": {"win": 14, "loss": 11, "draw": 0, "win_rate": 56.00000000000001}, "\u9f8d\u795e": {"win": 3, "loss": 22, "draw": 0, "win_rate": 12.0}, "\u8840\u795e": {"win": 14, "loss": 11, "draw": 0, "win_rate": 56.00000000000001}, "\u525b\u6bc5\u6b66\u58eb": {"win": 5, "loss": 10, "draw": 10, "win_rate": 33.33333333333333}, "\u9be8\u541e": {"win": 24, "loss": 1, "draw": 0, "win_rate": 96.0}, "\u8352\u539f\u904a\u4fe0": {"win": 5, "loss": 20, "draw": 0, "win_rate": 20.0}, "\u5143\u7d20\u6cd5\u5e2b": {"win": 12, "loss": 13, "draw": 0, "win_rate": 48.0}, "\u8352\u795e": {"win": 12, "loss": 13, "draw": 0, "win_rate": 48.0}, "\u661f\u795e": {"win": 1, "loss": 24, "draw": 0, "win_rate": 4.0}}, "\u6cd5\u5e2b": {"\u8056\u9a0e\u58eb": {"win": 15, "loss": 10, "draw": 0, "win_rate": 60.0}, "\u523a\u5ba2": {"win": 13, "loss": 12, "draw": 0, "win_rate": 52.0}, "\u5f13\u7bad\u624b": {"win": 5, "loss": 20, "draw": 0, "win_rate": 20.0}, "\u72c2\u6230\u58eb": {"win": 14, "loss": 11, "draw": 0, "win_rate": 56.00000000000001}, "\u9f8d\u795e": {"win": 12, "loss": 13, "draw": 0, "win_rate": 48.0}, "\u8840\u795e": {"win": 0, "loss": 25, "draw": 0, "win_rate": 0.0}, "\u525b\u6bc5\u6b66\u58eb": {"win": 3, "loss": 22, "draw": 0, "win_rate": 12.0}, "\u9be8\u541e": {"win": 5, "loss": 20, "draw": 0, "win_rate": 20.0}, "\u8352\u539f\u904a\u4fe0": {"win": 14, "loss": 11, "draw": 0, "win_rate": 56.00000000000001}, "\u5143\u7d20\u6cd5\u5e2b": {"win": 8, "loss": 17, "draw": 0, "win_rate": 32.0}, "\u8352\u795e": {"win": 18, "loss": 7, "draw": 0, "win_rate": 72.0}, "\u661f\u795e": {"win": 19, "loss": 6, "draw": 0, "win_rate": 76.0}}, "\u523a\u5ba2": {"\u8056\u9a0e\u58eb": {"win": 23, "loss": 2, "draw": 0, "win_rate": 92.0}, "\u6cd5\u5e2b": {"win": 7, "loss": 18, "draw": 0, "win_rate": 28.000000000000004}, "\u5f13\u7bad\u624b": {"win": 14, "loss": 11, "draw": 0, "win_rate": 56.00000000000001}, "\u72c2\u6230\u58eb": {"win": 9, "loss": 16, "draw": 0, "win_rate": 36.0}, "\u9f8d\u795e": {"win": 11, "loss": 14, "draw": 0, "win_rate": 44.0}, "\u8840\u795e": {"win": 5, "loss": 20, "draw": 0, "win_rate": 20.0}, "\u525b\u6bc5\u6b66\u58eb": {"win": 15, "loss": 10, "draw": 0, "win_rate": 60.0}, "\u9be8\u541e": {"win": 14, "loss": 11, "draw": 0, "win_rate": 56.00000000000001}, "\u8352\u539f\u904a\u4fe0": {"win": 19, "loss": 6, "draw": 0, "win_rate": 76.0}, "\u5143\u7d20\u6cd5\u5e2b": {"win": 12, "loss": 13, "draw": 0, "win_rate": 48.0}, "\u8352\u795e": {"win": 16, "loss": 9, "draw": 0, "win_rate": 64.0}, "\u661f\u795e": {"win": 17, "loss": 8, "draw": 0, "win_rate": 68.0}}, "\u5f13\u7bad\u624b": {"\u8056\u9a0e\u58eb": {"win": 6, "loss": 19, "draw": 0, "win_rate": 24.0}, "\u6cd5\u5e2b": {"win": 16, "loss": 9, "draw": 0, "win_rate": 64.0}, "\u523a\u5ba2": {"win": 13, "loss": 12, "draw": 0, "win_rate": 52.0}, "\u72c2\u6230\u58eb": {"win": 22, "loss": 3, "draw": 0, "win_rate": 88.0}, "\u9f8d\u795e": {"win": 18, "loss": 7, "draw": 0, "win_rate": 72.0}, "\u8840\u795e": {"win": 24, "loss": 1, "draw": 0, "win_rate": 96.0}, "\u525b\u6bc5\u6b66\u58eb": {"win": 25, "loss": 0, "draw": 0, "win_rate": 100.0}, "\u9be8\u541e": {"win": 5, "loss": 20, "draw": 0, "win_rate": 20.0}, "\u8352\u539f\u904a\u4fe0": {"win": 9, "loss": 16, "draw": 0, "win_rate": 36.0}, "\u5143\u7d20\u6cd5\u5e2b": {"win": 16, "loss": 9, "draw": 0, "win_rate": 64.0}, "\u8352\u795e": {"win": 15, "loss": 10, "draw": 0, "win_rate": 60.0}, "\u661f\u795e": {"win": 10, "loss": 15, "draw": 0, "win_rate": 40.0}}, "\u72c2\u6230\u58eb": {"\u8056\u9a0e\u58eb": {"win": 13, "loss": 12, "draw": 0, "win_rate": 52.0}, "\u6cd5\u5e2b": {"win": 10, "loss": 15, "draw": 0, "win_rate": 40.0}, "\u523a\u5ba2": {"win": 16, "loss": 9, "draw": 0, "win_rate": 64.0}, "\u5f13\u7bad\u624b": {"win": 5, "loss": 20, "draw": 0, "win_rate": 20.0}, "\u9f8d\u795e": {"win": 10, "loss": 15, "draw": 0, "win_rate": 40.0}, "\u8840\u795e": {"win": 3, "loss": 22, "draw": 0, "win_rate": 12.0}, "\u525b\u6bc5\u6b66\u58eb": {"win": 9, "loss": 16, "draw": 0, "win_rate": 36.0}, "\u9be8\u541e": {"win": 5, "loss": 20, "draw": 0, "win_rate": 20.0}, "\u8352\u539f\u904a\u4fe0": {"win": 10, "loss": 15, "draw": 0, "win_rate": 40.0}, "\u5143\u7d20\u6cd5\u5e2b": {"win": 13, "loss": 12, "draw": 0, "win_rate": 52.0}, "\u8352\u795e": {"win": 16, "loss": 9, "draw": 0, "win_rate": 64.0}, "\u661f\u795e": {"win": 16, "loss": 9, "draw": 0, "win_rate": 64.0}}, "\u9f8d\u795e": {"\u8056\u9a0e\u58eb": {"win": 24, "loss": 1, "draw": 0, "win_rate": 96.0}, "\u6cd5\u5e2b": {"win": 8, "loss": 17, "draw": 0, "win_rate": 32.0}, "\u523a\u5ba2": {"win": 16, "loss": 9, "draw": 0, "win_rate": 64.0}, "\u5f13\u7bad\u624b": {"win": 9, "loss": 16, "draw": 0, "win_rate": 36.0}, "\u72c2\u6230\u58eb": {"win": 16, "loss": 9, "draw": 0, "win_rate": 64.0}, "\u8840\u795e": {"win": 13, "loss": 12, "draw": 0, "win_rate": 52.0}, "\u525b\u6bc5\u6b66\u58eb": {"win": 15, "loss": 10, "draw": 0, "win_rate": 60.0}, "\u9be8\u541e": {"win": 15, "loss": 10, "draw": 0, "win_rate": 60.0}, "\u8352\u539f\u904a\u4fe0": {"win": 8, "loss": 17, "draw": 0, "win_rate": 32.0}, "\u5143\u7d20\u6cd5\u5e2b": {"win": 9, "loss": 16, "draw": 0, "win_rate": 36.0}, "\u8352\u795e": {"win": 11, "loss": 14, "draw": 0, "win_rate": 44.0}, "\u661f\u795e": {"win": 3, "loss": 22, "draw": 0, "win_rate": 12.0}}, "\u8840\u795e": {"\u8056\u9a0e\u58eb": {"win": 9, "loss": 16, "draw": 0, "win_rate": 36.0}, "\u6cd5\u5e2b": {"win": 25, "loss": 0, "draw": 0, "win_rate": 100.0}, "\u523a\u5ba2": {"win": 20, "loss": 5, "draw": 0, "win_rate": 80.0}, "\u5f13\u7bad\u624b": {"win": 2, "loss": 23, "draw": 0, "win_rate": 8.0}, "\u72c2\u6230\u58eb": {"win": 24, "loss": 1, "draw": 0, "win_rate": 96.0}, "\u9f8d\u795e": {"win": 14, "loss": 11, "draw": 0, "win_rate": 56.00000000000001}, "\u525b\u6bc5\u6b66\u58eb": {"win": 21, "loss": 4, "draw": 0, "win_rate": 84.0}, "\u9be8\u541e": {"win": 5, "loss": 20, "draw": 0, "win_rate": 20.0}, "\u8352\u539f\u904a\u4fe0": {"win": 22, "loss": 3, "draw": 0, "win_rate": 88.0}, "\u5143\u7d20\u6cd5\u5e2b": {"win": 21, "loss": 4, "draw": 0, "win_rate": 84.0}, "\u8352\u795e": {"win": 12, "loss": 13, "draw": 0, "win_rate": 48.0}, "\u661f\u795e": {"win": 0, "loss": 25,