{"data": {"env_evaluation": {"ehi": 0.892, "esi": 0.988, "mpi": 0.413, "avg_rounds": 7.368846153846154}, "profession_evaluation": {"\u8056\u9a0e\u58eb": {"EIR": 13.83, "Advanced NAS": -1.128, "MSI": 0.72, "PI20": 0.42, "AVG_WR": 38.785834738617204}, "\u6cd5\u5e2b": {"EIR": 22.08, "Advanced NAS": -0.688, "MSI": 0.77, "PI20": 0.42, "AVG_WR": 44.333333333333336}, "\u523a\u5ba2": {"EIR": 16.43, "Advanced NAS": -0.979, "MSI": 0.77, "PI20": 0.42, "AVG_WR": 40.5}, "\u5f13\u7bad\u624b": {"EIR": 37.02, "Advanced NAS": 1.894, "MSI": 0.86, "PI20": 0.17, "AVG_WR": 65.0}, "\u72c2\u6230\u58eb": {"EIR": 17.41, "Advanced NAS": -0.819, "MSI": 0.84, "PI20": 0.17, "AVG_WR": 42.66666666666667}, "\u9f8d\u795e": {"EIR": 27.88, "Advanced NAS": -0.026, "MSI": 0.76, "PI20": 0.42, "AVG_WR": 51.5}, "\u8840\u795e": {"EIR": 40.26, "Advanced NAS": 1.768, "MSI": 0.65, "PI20": 0.75, "AVG_WR": 64.33333333333333}, "\u525b\u6bc5\u6b66\u58eb": {"EIR": 27.23, "Advanced NAS": -0.031, "MSI": 0.74, "PI20": 0.33, "AVG_WR": 50.59422750424448}, "\u9be8\u541e": {"EIR": 24.58, "Advanced NAS": 0.01, "MSI": 0.81, "PI20": 0.33, "AVG_WR": 51.83333333333333}, "\u8352\u539f\u904a\u4fe0": {"EIR": 36.61, "Advanced NAS": 1.444, "MSI": 0.82, "PI20": 0.33, "AVG_WR": 62.5}, "\u5143\u7d20\u6cd5\u5e2b": {"EIR": 23.21, "Advanced NAS": -0.293, "MSI": 0.8, "PI20": 0.42, "AVG_WR": 48.833333333333336}, "\u8352\u795e": {"EIR": 23.95, "Advanced NAS": -0.386, "MSI": 0.8, "PI20": 0.33, "AVG_WR": 47.833333333333336}, "\u661f\u795e": {"EIR": 15.71, "Advanced NAS": -0.767, "MSI": 0.74, "PI20": 0.5, "AVG_WR": 43.333333333333336}}, "combine_win_rate_table": {"\u8056\u9a0e\u58eb": {"\u6cd5\u5e2b": {"win": 20, "loss": 30, "draw": 0, "win_rate": 40.0}, "\u523a\u5ba2": {"win": 11, "loss": 39, "draw": 0, "win_rate": 22.0}, "\u5f13\u7bad\u624b": {"win": 32, "loss": 18, "draw": 0, "win_rate": 64.0}, "\u72c2\u6230\u58eb": {"win": 22, "loss": 28, "draw": 0, "win_rate": 44.0}, "\u9f8d\u795e": {"win": 0, "loss": 50, "draw": 0, "win_rate": 0.0}, "\u8840\u795e": {"win": 10, "loss": 40, "draw": 0, "win_rate": 20.0}, "\u525b\u6bc5\u6b66\u58eb": {"win": 0, "loss": 43, "draw": 7, "win_rate": 0.0}, "\u9be8\u541e": {"win": 44, "loss": 6, "draw": 0, "win_rate": 88.0}, "\u8352\u539f\u904a\u4fe0": {"win": 10, "loss": 40, "draw": 0, "win_rate": 20.0}, "\u5143\u7d20\u6cd5\u5e2b": {"win": 29, "loss": 21, "draw": 0, "win_rate": 57.99999999999999}, "\u8352\u795e": {"win": 12, "loss": 38, "draw": 0, "win_rate": 24.0}, "\u661f\u795e": {"win": 40, "loss": 10, "draw": 0, "win_rate": 80.0}}, "\u6cd5\u5e2b": {"\u8056\u9a0e\u58eb": {"win": 26, "loss": 24, "draw": 0, "win_rate": 52.0}, "\u523a\u5ba2": {"win": 36, "loss": 14, "draw": 0, "win_rate": 72.0}, "\u5f13\u7bad\u624b": {"win": 19, "loss": 31, "draw": 0, "win_rate": 38.0}, "\u72c2\u6230\u58eb": {"win": 35, "loss": 15, "draw": 0, "win_rate": 70.0}, "\u9f8d\u795e": {"win": 25, "loss": 25, "draw": 0, "win_rate": 50.0}, "\u8840\u795e": {"win": 0, "loss": 50, "draw": 0, "win_rate": 0.0}, "\u525b\u6bc5\u6b66\u58eb": {"win": 8, "loss": 42, "draw": 0, "win_rate": 16.0}, "\u9be8\u541e": {"win": 14, "loss": 36, "draw": 0, "win_rate": 28.000000000000004}, "\u8352\u539f\u904a\u4fe0": {"win": 19, "loss": 31, "draw": 0, "win_rate": 38.0}, "\u5143\u7d20\u6cd5\u5e2b": {"win": 16, "loss": 34, "draw": 0, "win_rate": 32.0}, "\u8352\u795e": {"win": 25, "loss": 25, "draw": 0, "win_rate": 50.0}, "\u661f\u795e": {"win": 43, "loss": 7, "draw": 0, "win_rate": 86.0}}, "\u523a\u5ba2": {"\u8056\u9a0e\u58eb": {"win": 39, "loss": 11, "draw": 0, "win_rate": 78.0}, "\u6cd5\u5e2b": {"win": 8, "loss": 42, "draw": 0, "win_rate": 16.0}, "\u5f13\u7bad\u624b": {"win": 20, "loss": 30, "draw": 0, "win_rate": 40.0}, "\u72c2\u6230\u58eb": {"win": 16, "loss": 34, "draw": 0, "win_rate": 32.0}, "\u9f8d\u795e": {"win": 8, "loss": 42, "draw": 0, "win_rate": 16.0}, "\u8840\u795e": {"win": 3, "loss": 47, "draw": 0, "win_rate": 6.0}, "\u525b\u6bc5\u6b66\u58eb": {"win": 18, "loss": 32, "draw": 0, "win_rate": 36.0}, "\u9be8\u541e": {"win": 30, "loss": 20, "draw": 0, "win_rate": 60.0}, "\u8352\u539f\u904a\u4fe0": {"win": 25, "loss": 25, "draw": 0, "win_rate": 50.0}, "\u5143\u7d20\u6cd5\u5e2b": {"win": 13, "loss": 37, "draw": 0, "win_rate": 26.0}, "\u8352\u795e": {"win": 23, "loss": 27, "draw": 0, "win_rate": 46.0}, "\u661f\u795e": {"win": 40, "loss": 10, "draw": 0, "win_rate": 80.0}}, "\u5f13\u7bad\u624b": {"\u8056\u9a0e\u58eb": {"win": 23, "loss": 27, "draw": 0, "win_rate": 46.0}, "\u6cd5\u5e2b": {"win": 33, "loss": 17, "draw": 0, "win_rate": 66.0}, "\u523a\u5ba2": {"win": 32, "loss": 18, "draw": 0, "win_rate": 64.0}, "\u72c2\u6230\u58eb": {"win": 35, "loss": 15, "draw": 0, "win_rate": 70.0}, "\u9f8d\u795e": {"win": 38, "loss": 12, "draw": 0, "win_rate": 76.0}, "\u8840\u795e": {"win": 42, "loss": 8, "draw": 0, "win_rate": 84.0}, "\u525b\u6bc5\u6b66\u58eb": {"win": 45, "loss": 5, "draw": 0, "win_rate": 90.0}, "\u9be8\u541e": {"win": 25, "loss": 25, "draw": 0, "win_rate": 50.0}, "\u8352\u539f\u904a\u4fe0": {"win": 20, "loss": 30, "draw": 0, "win_rate": 40.0}, "\u5143\u7d20\u6cd5\u5e2b": {"win": 28, "loss": 22, "draw": 0, "win_rate": 56.00000000000001}, "\u8352\u795e": {"win": 36, "loss": 14, "draw": 0, "win_rate": 72.0}, "\u661f\u795e": {"win": 33, "loss": 17, "draw": 0, "win_rate": 66.0}}, "\u72c2\u6230\u58eb": {"\u8056\u9a0e\u58eb": {"win": 34, "loss": 16, "draw": 0, "win_rate": 68.0}, "\u6cd5\u5e2b": {"win": 17, "loss": 33, "draw": 0, "win_rate": 34.0}, "\u523a\u5ba2": {"win": 29, "loss": 21, "draw": 0, "win_rate": 57.99999999999999}, "\u5f13\u7bad\u624b": {"win": 19, "loss": 31, "draw": 0, "win_rate": 38.0}, "\u9f8d\u795e": {"win": 18, "loss": 32, "draw": 0, "win_rate": 36.0}, "\u8840\u795e": {"win": 2, "loss": 48, "draw": 0, "win_rate": 4.0}, "\u525b\u6bc5\u6b66\u58eb": {"win": 25, "loss": 25, "draw": 0, "win_rate": 50.0}, "\u9be8\u541e": {"win": 19, "loss": 31, "draw": 0, "win_rate": 38.0}, "\u8352\u539f\u904a\u4fe0": {"win": 16, "loss": 34, "draw": 0, "win_rate": 32.0}, "\u5143\u7d20\u6cd5\u5e2b": {"win": 23, "loss": 27, "draw": 0, "win_rate": 46.0}, "\u8352\u795e": {"win": 26, "loss": 24, "draw": 0, "win_rate": 52.0}, "\u661f\u795e": {"win": 28, "loss": 22, "draw": 0, "win_rate": 56.00000000000001}}, "\u9f8d\u795e": {"\u8056\u9a0e\u58eb": {"win": 46, "loss": 4, "draw": 0, "win_rate": 92.0}, "\u6cd5\u5e2b": {"win": 22, "loss": 28, "draw": 0, "win_rate": 44.0}, "\u523a\u5ba2": {"win": 39, "loss": 11, "draw": 0, "win_rate": 78.0}, "\u5f13\u7bad\u624b": {"win": 21, "loss": 29, "draw": 0, "win_rate": 42.0}, "\u72c2\u6230\u58eb": {"win": 30, "loss": 20, "draw": 0, "win_rate": 60.0}, "\u8840\u795e": {"win": 1, "loss": 49, "draw": 0, "win_rate": 2.0}, "\u525b\u6bc5\u6b66\u58eb": {"win": 15, "loss": 35, "draw": 0, "win_rate": 30.0}, "\u9be8\u541e": {"win": 38, "loss": 12, "draw": 0, "win_rate": 76.0}, "\u8352\u539f\u904a\u4fe0": {"win": 22, "loss": 28, "draw": 0, "win_rate": 44.0}, "\u5143\u7d20\u6cd5\u5e2b": {"win": 34, "loss": 16, "draw": 0, "win_rate": 68.0}, "\u8352\u795e": {"win": 18, "loss": 32, "draw": 0, "win_rate": 36.0}, "\u661f\u795e": {"win": 23, "loss": 27, "draw": 0, "win_rate": 46.0}}, "\u8840\u795e": {"\u8056\u9a0e\u58eb": {"win": 33, "loss": 17, "draw": 0, "win_rate": 66.0}, "\u6cd5\u5e2b": {"win": 49, "loss": 1, "draw": 0, "win_rate": 98.0}, "\u523a\u5ba2": {"win": 45, "loss": 5, "draw": 0, "win_rate": 90.0}, "\u5f13\u7bad\u624b": {"win": 3, "loss": 47, "draw": 0, "win_rate": 6.0}, "\u72c2\u6230\u58eb": {"win": 50, "loss": 0, "draw": 0, "win_rate": 100.0}, "\u9f8d\u795e": {"win": 48, "loss": 2, "draw": 0, "win_rate": 96.0}, "\u525b\u6bc5\u6b66\u58eb": {"win": 34, "loss": 16, "draw": 0, "win_rate": 68.0}, "\u9be8\u541e": {"win": 12, "loss": 38, "draw": 0, "win_rate": 24.0}, "\u8352\u539f\u904a\u4fe0": {"win": 43, "loss": 7, "draw": 0, "win_rate": 86.0}, "\u5143\u7d20\u6cd5\u5e2b": {"win": 46, "loss": 4, "draw": 0, "win_rate": 92.0}, "\u8352\u795e": {"win": 23, "loss": 27, "draw": 0, "win_rate": 46.0}, "\u661f\u795e": {"win": 0,