{"data": {"env_evaluation": {"ehi": 0.877, "esi": 0.987, "mpi": 0.633, "avg_rounds": 6.991025641025641}, "profession_evaluation": {"\u8056\u9a0e\u58eb": {"EIR": 10.49, "Advanced NAS": -2.009, "MSI": 0.73, "PI20": 0.5, "AVG_WR": 36.04651162790697}, "\u6cd5\u5e2b": {"EIR": 25.09, "Advanced NAS": 0.165, "MSI": 0.71, "PI20": 0.58, "AVG_WR": 52.22222222222223}, "\u523a\u5ba2": {"EIR": 27.27, "Advanced NAS": 0.07, "MSI": 0.75, "PI20": 0.42, "AVG_WR": 51.66666666666667}, "\u5f13\u7bad\u624b": {"EIR": 38.12, "Advanced NAS": 1.476, "MSI": 0.73, "PI20": 0.5, "AVG_WR": 58.88888888888889}, "\u72c2\u6230\u58eb": {"EIR": 15.4, "Advanced NAS": -0.848, "MSI": 0.84, "PI20": 0.33, "AVG_WR": 45.55555555555556}, "\u9f8d\u795e": {"EIR": 26.66, "Advanced NAS": 0.07, "MSI": 0.77, "PI20": 0.25, "AVG_WR": 51.66666666666667}, "\u8840\u795e": {"EIR": 30.55, "Advanced NAS": 0.776, "MSI": 0.67, "PI20": 0.67, "AVG_WR": 55.55555555555556}, "\u525b\u6bc5\u6b66\u58eb": {"EIR": 20.47, "Advanced NAS": -0.617, "MSI": 0.75, "PI20": 0.42, "AVG_WR": 44.76744186046512}, "\u9be8\u541e": {"EIR": 34.53, "Advanced NAS": 1.352, "MSI": 0.69, "PI20": 0.75, "AVG_WR": 58.333333333333336}, "\u8352\u539f\u904a\u4fe0": {"EIR": 27.57, "Advanced NAS": 0.668, "MSI": 0.74, "PI20": 0.67, "AVG_WR": 55.00000000000001}, "\u5143\u7d20\u6cd5\u5e2b": {"EIR": 20.3, "Advanced NAS": -0.922, "MSI": 0.75, "PI20": 0.42, "AVG_WR": 45.0}, "\u8352\u795e": {"EIR": 20.7, "Advanced NAS": -1.066, "MSI": 0.82, "PI20": 0.08, "AVG_WR": 43.888888888888886}, "\u661f\u795e": {"EIR": 31.11, "Advanced NAS": 0.886, "MSI": 0.7, "PI20": 0.58, "AVG_WR": 56.111111111111114}}, "combine_win_rate_table": {"\u8056\u9a0e\u58eb": {"\u6cd5\u5e2b": {"win": 4, "loss": 11, "draw": 0, "win_rate": 26.666666666666668}, "\u523a\u5ba2": {"win": 1, "loss": 14, "draw": 0, "win_rate": 6.666666666666667}, "\u5f13\u7bad\u624b": {"win": 11, "loss": 4, "draw": 0, "win_rate": 73.33333333333333}, "\u72c2\u6230\u58eb": {"win": 9, "loss": 6, "draw": 0, "win_rate": 60.0}, "\u9f8d\u795e": {"win": 0, "loss": 15, "draw": 0, "win_rate": 0.0}, "\u8840\u795e": {"win": 8, "loss": 7, "draw": 0, "win_rate": 53.333333333333336}, "\u525b\u6bc5\u6b66\u58eb": {"win": 2, "loss": 6, "draw": 7, "win_rate": 25.0}, "\u9be8\u541e": {"win": 12, "loss": 3, "draw": 0, "win_rate": 80.0}, "\u8352\u539f\u904a\u4fe0": {"win": 3, "loss": 12, "draw": 0, "win_rate": 20.0}, "\u5143\u7d20\u6cd5\u5e2b": {"win": 8, "loss": 7, "draw": 0, "win_rate": 53.333333333333336}, "\u8352\u795e": {"win": 4, "loss": 11, "draw": 0, "win_rate": 26.666666666666668}, "\u661f\u795e": {"win": 0, "loss": 14, "draw": 1, "win_rate": 0.0}}, "\u6cd5\u5e2b": {"\u8056\u9a0e\u58eb": {"win": 12, "loss": 3, "draw": 0, "win_rate": 80.0}, "\u523a\u5ba2": {"win": 12, "loss": 3, "draw": 0, "win_rate": 80.0}, "\u5f13\u7bad\u624b": {"win": 5, "loss": 10, "draw": 0, "win_rate": 33.33333333333333}, "\u72c2\u6230\u58eb": {"win": 10, "loss": 5, "draw": 0, "win_rate": 66.66666666666666}, "\u9f8d\u795e": {"win": 9, "loss": 6, "draw": 0, "win_rate": 60.0}, "\u8840\u795e": {"win": 0, "loss": 15, "draw": 0, "win_rate": 0.0}, "\u525b\u6bc5\u6b66\u58eb": {"win": 3, "loss": 12, "draw": 0, "win_rate": 20.0}, "\u9be8\u541e": {"win": 1, "loss": 14, "draw": 0, "win_rate": 6.666666666666667}, "\u8352\u539f\u904a\u4fe0": {"win": 8, "loss": 7, "draw": 0, "win_rate": 53.333333333333336}, "\u5143\u7d20\u6cd5\u5e2b": {"win": 9, "loss": 6, "draw": 0, "win_rate": 60.0}, "\u8352\u795e": {"win": 11, "loss": 4, "draw": 0, "win_rate": 73.33333333333333}, "\u661f\u795e": {"win": 14, "loss": 1, "draw": 0, "win_rate": 93.33333333333333}}, "\u523a\u5ba2": {"\u8056\u9a0e\u58eb": {"win": 14, "loss": 1, "draw": 0, "win_rate": 93.33333333333333}, "\u6cd5\u5e2b": {"win": 6, "loss": 9, "draw": 0, "win_rate": 40.0}, "\u5f13\u7bad\u624b": {"win": 5, "loss": 10, "draw": 0, "win_rate": 33.33333333333333}, "\u72c2\u6230\u58eb": {"win": 7, "loss": 8, "draw": 0, "win_rate": 46.666666666666664}, "\u9f8d\u795e": {"win": 6, "loss": 9, "draw": 0, "win_rate": 40.0}, "\u8840\u795e": {"win": 1, "loss": 14, "draw": 0, "win_rate": 6.666666666666667}, "\u525b\u6bc5\u6b66\u58eb": {"win": 9, "loss": 6, "draw": 0, "win_rate": 60.0}, "\u9be8\u541e": {"win": 9, "loss": 6, "draw": 0, "win_rate": 60.0}, "\u8352\u539f\u904a\u4fe0": {"win": 13, "loss": 2, "draw": 0, "win_rate": 86.66666666666667}, "\u5143\u7d20\u6cd5\u5e2b": {"win": 7, "loss": 8, "draw": 0, "win_rate": 46.666666666666664}, "\u8352\u795e": {"win": 4, "loss": 11, "draw": 0, "win_rate": 26.666666666666668}, "\u661f\u795e": {"win": 12, "loss": 3, "draw": 0, "win_rate": 80.0}}, "\u5f13\u7bad\u624b": {"\u8056\u9a0e\u58eb": {"win": 3, "loss": 12, "draw": 0, "win_rate": 20.0}, "\u6cd5\u5e2b": {"win": 10, "loss": 5, "draw": 0, "win_rate": 66.66666666666666}, "\u523a\u5ba2": {"win": 10, "loss": 5, "draw": 0, "win_rate": 66.66666666666666}, "\u72c2\u6230\u58eb": {"win": 13, "loss": 2, "draw": 0, "win_rate": 86.66666666666667}, "\u9f8d\u795e": {"win": 11, "loss": 4, "draw": 0, "win_rate": 73.33333333333333}, "\u8840\u795e": {"win": 15, "loss": 0, "draw": 0, "win_rate": 100.0}, "\u525b\u6bc5\u6b66\u58eb": {"win": 14, "loss": 1, "draw": 0, "win_rate": 93.33333333333333}, "\u9be8\u541e": {"win": 3, "loss": 12, "draw": 0, "win_rate": 20.0}, "\u8352\u539f\u904a\u4fe0": {"win": 6, "loss": 9, "draw": 0, "win_rate": 40.0}, "\u5143\u7d20\u6cd5\u5e2b": {"win": 9, "loss": 6, "draw": 0, "win_rate": 60.0}, "\u8352\u795e": {"win": 9, "loss": 6, "draw": 0, "win_rate": 60.0}, "\u661f\u795e": {"win": 3, "loss": 12, "draw": 0, "win_rate": 20.0}}, "\u72c2\u6230\u58eb": {"\u8056\u9a0e\u58eb": {"win": 10, "loss": 5, "draw": 0, "win_rate": 66.66666666666666}, "\u6cd5\u5e2b": {"win": 7, "loss": 8, "draw": 0, "win_rate": 46.666666666666664}, "\u523a\u5ba2": {"win": 7, "loss": 8, "draw": 0, "win_rate": 46.666666666666664}, "\u5f13\u7bad\u624b": {"win": 4, "loss": 11, "draw": 0, "win_rate": 26.666666666666668}, "\u9f8d\u795e": {"win": 8, "loss": 7, "draw": 0, "win_rate": 53.333333333333336}, "\u8840\u795e": {"win": 3, "loss": 12, "draw": 0, "win_rate": 20.0}, "\u525b\u6bc5\u6b66\u58eb": {"win": 9, "loss": 6, "draw": 0, "win_rate": 60.0}, "\u9be8\u541e": {"win": 5, "loss": 10, "draw": 0, "win_rate": 33.33333333333333}, "\u8352\u539f\u904a\u4fe0": {"win": 3, "loss": 12, "draw": 0, "win_rate": 20.0}, "\u5143\u7d20\u6cd5\u5e2b": {"win": 8, "loss": 7, "draw": 0, "win_rate": 53.333333333333336}, "\u8352\u795e": {"win": 8, "loss": 7, "draw": 0, "win_rate": 53.333333333333336}, "\u661f\u795e": {"win": 10, "loss": 5, "draw": 0, "win_rate": 66.66666666666666}}, "\u9f8d\u795e": {"\u8056\u9a0e\u58eb": {"win": 15, "loss": 0, "draw": 0, "win_rate": 100.0}, "\u6cd5\u5e2b": {"win": 6, "loss": 9, "draw": 0, "win_rate": 40.0}, "\u523a\u5ba2": {"win": 5, "loss": 10, "draw": 0, "win_rate": 33.33333333333333}, "\u5f13\u7bad\u624b": {"win": 4, "loss": 11, "draw": 0, "win_rate": 26.666666666666668}, "\u72c2\u6230\u58eb": {"win": 9, "loss": 6, "draw": 0, "win_rate": 60.0}, "\u8840\u795e": {"win": 10, "loss": 5, "draw": 0, "win_rate": 66.66666666666666}, "\u525b\u6bc5\u6b66\u58eb": {"win": 8, "loss": 7, "draw": 0, "win_rate": 53.333333333333336}, "\u9be8\u541e": {"win": 9, "loss": 6, "draw": 0, "win_rate": 60.0}, "\u8352\u539f\u904a\u4fe0": {"win": 6, "loss": 9, "draw": 0, "win_rate": 40.0}, "\u5143\u7d20\u6cd5\u5e2b": {"win": 10, "loss": 5, "draw": 0, "win_rate": 66.66666666666666}, "\u8352\u795e": {"win": 10, "loss": 5, "draw": 0, "win_rate": 66.66666666666666}, "\u661f\u795e": {"win": 1, "loss": 14, "draw": 0, "win_rate": 6.666666666666667}}, "\u8840\u795e": {"\u8056\u9a0e\u58eb": {"win": 7, "loss": 8, "draw": 0, "win_rate": 46.666666666666664}, "\u6cd5\u5e2b": {"win": 14, "loss": 1, "draw": 0, "win_rate": 93.33333333333333}, "\u523a\u5ba2": {"win": 14, "loss": 1, "draw": 0, "win_rate": 93.33333333333333}, "\u5f13\u7bad\u624b": {"win": 1, "loss": 14, "draw": 0, "win_rate": 6.666666666666667}, "\u72c2\u6230\u58eb": {"win": 13, "loss": 2, "draw": 0, "win_rate": 86.66666666666667},