{"data": {"env_evaluation": {"ehi": 0.888, "esi": 0.99, "mpi": 0.233, "avg_rounds": 8.886538461538462}, "profession_evaluation": {"\u8056\u9a0e\u58eb": {"EIR": 0.46, "Advanced NAS": 0.001, "MSI": 0.76, "PI20": 0.5, "AVG_WR": 51.66666666666667}, "\u6cd5\u5e2b": {"EIR": 0.33, "Advanced NAS": -1.78, "MSI": 0.76, "PI20": 0.58, "AVG_WR": 34.166666666666664}, "\u523a\u5ba2": {"EIR": 0.52, "Advanced NAS": 0.746, "MSI": 0.8, "PI20": 0.42, "AVG_WR": 56.666666666666664}, "\u5f13\u7bad\u624b": {"EIR": 0.43, "Advanced NAS": -0.618, "MSI": 0.71, "PI20": 0.42, "AVG_WR": 46.666666666666664}, "\u72c2\u6230\u58eb": {"EIR": 0.51, "Advanced NAS": 0.885, "MSI": 0.75, "PI20": 0.58, "AVG_WR": 57.49999999999999}, "\u9f8d\u795e": {"EIR": 0.5, "Advanced NAS": 0.612, "MSI": 0.8, "PI20": 0.33, "AVG_WR": 55.833333333333336}, "\u8840\u795e": {"EIR": 0.37, "Advanced NAS": -1.37, "MSI": 0.68, "PI20": 0.75, "AVG_WR": 39.166666666666664}, "\u525b\u6bc5\u6b66\u58eb": {"EIR": 0.55, "Advanced NAS": 1.329, "MSI": 0.72, "PI20": 0.33, "AVG_WR": 60.0}, "\u9be8\u541e": {"EIR": 0.39, "Advanced NAS": -0.976, "MSI": 0.65, "PI20": 0.75, "AVG_WR": 43.333333333333336}, "\u8352\u539f\u904a\u4fe0": {"EIR": 0.56, "Advanced NAS": 1.488, "MSI": 0.78, "PI20": 0.33, "AVG_WR": 60.83333333333333}, "\u5143\u7d20\u6cd5\u5e2b": {"EIR": 0.43, "Advanced NAS": -0.711, "MSI": 0.77, "PI20": 0.42, "AVG_WR": 45.83333333333333}, "\u8352\u795e": {"EIR": 0.51, "Advanced NAS": 0.612, "MSI": 0.72, "PI20": 0.67, "AVG_WR": 55.833333333333336}, "\u661f\u795e": {"EIR": 0.46, "Advanced NAS": -0.217, "MSI": 0.71, "PI20": 0.58, "AVG_WR": 50.0}}, "combine_win_rate_table": {"\u8056\u9a0e\u58eb": {"\u6cd5\u5e2b": {"win": 7, "loss": 3, "draw": 0, "win_rate": 70.0}, "\u523a\u5ba2": {"win": 5, "loss": 5, "draw": 0, "win_rate": 50.0}, "\u5f13\u7bad\u624b": {"win": 8, "loss": 2, "draw": 0, "win_rate": 80.0}, "\u72c2\u6230\u58eb": {"win": 7, "loss": 3, "draw": 0, "win_rate": 70.0}, "\u9f8d\u795e": {"win": 3, "loss": 7, "draw": 0, "win_rate": 30.0}, "\u8840\u795e": {"win": 6, "loss": 4, "draw": 0, "win_rate": 60.0}, "\u525b\u6bc5\u6b66\u58eb": {"win": 3, "loss": 7, "draw": 0, "win_rate": 30.0}, "\u9be8\u541e": {"win": 9, "loss": 1, "draw": 0, "win_rate": 90.0}, "\u8352\u539f\u904a\u4fe0": {"win": 5, "loss": 5, "draw": 0, "win_rate": 50.0}, "\u5143\u7d20\u6cd5\u5e2b": {"win": 6, "loss": 4, "draw": 0, "win_rate": 60.0}, "\u8352\u795e": {"win": 1, "loss": 9, "draw": 0, "win_rate": 10.0}, "\u661f\u795e": {"win": 2, "loss": 8, "draw": 0, "win_rate": 20.0}}, "\u6cd5\u5e2b": {"\u8056\u9a0e\u58eb": {"win": 1, "loss": 9, "draw": 0, "win_rate": 10.0}, "\u523a\u5ba2": {"win": 4, "loss": 6, "draw": 0, "win_rate": 40.0}, "\u5f13\u7bad\u624b": {"win": 6, "loss": 4, "draw": 0, "win_rate": 60.0}, "\u72c2\u6230\u58eb": {"win": 6, "loss": 4, "draw": 0, "win_rate": 60.0}, "\u9f8d\u795e": {"win": 1, "loss": 9, "draw": 0, "win_rate": 10.0}, "\u8840\u795e": {"win": 2, "loss": 8, "draw": 0, "win_rate": 20.0}, "\u525b\u6bc5\u6b66\u58eb": {"win": 1, "loss": 9, "draw": 0, "win_rate": 10.0}, "\u9be8\u541e": {"win": 0, "loss": 10, "draw": 0, "win_rate": 0.0}, "\u8352\u539f\u904a\u4fe0": {"win": 3, "loss": 7, "draw": 0, "win_rate": 30.0}, "\u5143\u7d20\u6cd5\u5e2b": {"win": 4, "loss": 6, "draw": 0, "win_rate": 40.0}, "\u8352\u795e": {"win": 5, "loss": 5, "draw": 0, "win_rate": 50.0}, "\u661f\u795e": {"win": 8, "loss": 2, "draw": 0, "win_rate": 80.0}}, "\u523a\u5ba2": {"\u8056\u9a0e\u58eb": {"win": 3, "loss": 7, "draw": 0, "win_rate": 30.0}, "\u6cd5\u5e2b": {"win": 7, "loss": 3, "draw": 0, "win_rate": 70.0}, "\u5f13\u7bad\u624b": {"win": 9, "loss": 1, "draw": 0, "win_rate": 90.0}, "\u72c2\u6230\u58eb": {"win": 3, "loss": 7, "draw": 0, "win_rate": 30.0}, "\u9f8d\u795e": {"win": 7, "loss": 3, "draw": 0, "win_rate": 70.0}, "\u8840\u795e": {"win": 4, "loss": 6, "draw": 0, "win_rate": 40.0}, "\u525b\u6bc5\u6b66\u58eb": {"win": 5, "loss": 5, "draw": 0, "win_rate": 50.0}, "\u9be8\u541e": {"win": 4, "loss": 6, "draw": 0, "win_rate": 40.0}, "\u8352\u539f\u904a\u4fe0": {"win": 4, "loss": 6, "draw": 0, "win_rate": 40.0}, "\u5143\u7d20\u6cd5\u5e2b": {"win": 8, "loss": 2, "draw": 0, "win_rate": 80.0}, "\u8352\u795e": {"win": 6, "loss": 4, "draw": 0, "win_rate": 60.0}, "\u661f\u795e": {"win": 8, "loss": 2, "draw": 0, "win_rate": 80.0}}, "\u5f13\u7bad\u624b": {"\u8056\u9a0e\u58eb": {"win": 6, "loss": 4, "draw": 0, "win_rate": 60.0}, "\u6cd5\u5e2b": {"win": 4, "loss": 6, "draw": 0, "win_rate": 40.0}, "\u523a\u5ba2": {"win": 2, "loss": 8, "draw": 0, "win_rate": 20.0}, "\u72c2\u6230\u58eb": {"win": 2, "loss": 8, "draw": 0, "win_rate": 20.0}, "\u9f8d\u795e": {"win": 4, "loss": 6, "draw": 0, "win_rate": 40.0}, "\u8840\u795e": {"win": 10, "loss": 0, "draw": 0, "win_rate": 100.0}, "\u525b\u6bc5\u6b66\u58eb": {"win": 10, "loss": 0, "draw": 0, "win_rate": 100.0}, "\u9be8\u541e": {"win": 5, "loss": 5, "draw": 0, "win_rate": 50.0}, "\u8352\u539f\u904a\u4fe0": {"win": 4, "loss": 6, "draw": 0, "win_rate": 40.0}, "\u5143\u7d20\u6cd5\u5e2b": {"win": 3, "loss": 7, "draw": 0, "win_rate": 30.0}, "\u8352\u795e": {"win": 6, "loss": 4, "draw": 0, "win_rate": 60.0}, "\u661f\u795e": {"win": 0, "loss": 10, "draw": 0, "win_rate": 0.0}}, "\u72c2\u6230\u58eb": {"\u8056\u9a0e\u58eb": {"win": 6, "loss": 4, "draw": 0, "win_rate": 60.0}, "\u6cd5\u5e2b": {"win": 8, "loss": 2, "draw": 0, "win_rate": 80.0}, "\u523a\u5ba2": {"win": 8, "loss": 2, "draw": 0, "win_rate": 80.0}, "\u5f13\u7bad\u624b": {"win": 8, "loss": 2, "draw": 0, "win_rate": 80.0}, "\u9f8d\u795e": {"win": 1, "loss": 9, "draw": 0, "win_rate": 10.0}, "\u8840\u795e": {"win": 9, "loss": 1, "draw": 0, "win_rate": 90.0}, "\u525b\u6bc5\u6b66\u58eb": {"win": 3, "loss": 7, "draw": 0, "win_rate": 30.0}, "\u9be8\u541e": {"win": 6, "loss": 4, "draw": 0, "win_rate": 60.0}, "\u8352\u539f\u904a\u4fe0": {"win": 2, "loss": 8, "draw": 0, "win_rate": 20.0}, "\u5143\u7d20\u6cd5\u5e2b": {"win": 5, "loss": 5, "draw": 0, "win_rate": 50.0}, "\u8352\u795e": {"win": 6, "loss": 4, "draw": 0, "win_rate": 60.0}, "\u661f\u795e": {"win": 7, "loss": 3, "draw": 0, "win_rate": 70.0}}, "\u9f8d\u795e": {"\u8056\u9a0e\u58eb": {"win": 4, "loss": 6, "draw": 0, "win_rate": 40.0}, "\u6cd5\u5e2b": {"win": 8, "loss": 2, "draw": 0, "win_rate": 80.0}, "\u523a\u5ba2": {"win": 5, "loss": 5, "draw": 0, "win_rate": 50.0}, "\u5f13\u7bad\u624b": {"win": 6, "loss": 4, "draw": 0, "win_rate": 60.0}, "\u72c2\u6230\u58eb": {"win": 6, "loss": 4, "draw": 0, "win_rate": 60.0}, "\u8840\u795e": {"win": 5, "loss": 5, "draw": 0, "win_rate": 50.0}, "\u525b\u6bc5\u6b66\u58eb": {"win": 3, "loss": 7, "draw": 0, "win_rate": 30.0}, "\u9be8\u541e": {"win": 10, "loss": 0, "draw": 0, "win_rate": 100.0}, "\u8352\u539f\u904a\u4fe0": {"win": 4, "loss": 6, "draw": 0, "win_rate": 40.0}, "\u5143\u7d20\u6cd5\u5e2b": {"win": 7, "loss": 3, "draw": 0, "win_rate": 70.0}, "\u8352\u795e": {"win": 6, "loss": 4, "draw": 0, "win_rate": 60.0}, "\u661f\u795e": {"win": 3, "loss": 7, "draw": 0, "win_rate": 30.0}}, "\u8840\u795e": {"\u8056\u9a0e\u58eb": {"win": 7, "loss": 3, "draw": 0, "win_rate": 70.0}, "\u6cd5\u5e2b": {"win": 6, "loss": 4, "draw": 0, "win_rate": 60.0}, "\u523a\u5ba2": {"win": 4, "loss": 6, "draw": 0, "win_rate": 40.0}, "\u5f13\u7bad\u624b": {"win": 0, "loss": 10, "draw": 0, "win_rate": 0.0}, "\u72c2\u6230\u58eb": {"win": 1, "loss": 9, "draw": 0, "win_rate": 10.0}, "\u9f8d\u795e": {"win": 7, "loss": 3, "draw": 0, "win_rate": 70.0}, "\u525b\u6bc5\u6b66\u58eb": {"win": 0, "loss": 10, "draw": 0, "win_rate": 0.0}, "\u9be8\u541e": {"win": 2, "loss": 8, "draw": 0, "win_rate": 20.0}, "\u8352\u539f\u904a\u4fe0": {"win": 9, "loss": 1, "draw": 0, "win_rate": 90.0}, "\u5143\u7d20\u6cd5\u5e2b": {"win": 8, "loss": 2, "draw": 0, "win_rate": 80.0}, "\u8352\u795e": {"win": 3, "loss": 7, "draw": 0, "win_rate": 30.0}, "\u661f\u795e": {"win": 0, "loss": 10, "draw": 0, "win_rate": 0.0}}, "\u525b\u6bc5\u6b66\u58eb": {"\u8056\u9a0e\u58eb": {"win": 8, "loss": 2, "draw": 0, "win_rate": 80.0}, "\u6cd5\u5e2b": {"win": 8, "loss": 2, "draw": 0,