{"data": {"env_evaluation": {"ehi": 0.892, "esi": 0.989, "mpi": 0.433, "avg_rounds": 8.567307692307692}, "profession_evaluation": {"\u8056\u9a0e\u58eb": {"EIR": -4.2, "Advanced NAS": -1.318, "MSI": 0.7, "PI20": 0.58, "AVG_WR": 25.210084033613445}, "\u6cd5\u5e2b": {"EIR": 32.23, "Advanced NAS": 0.07, "MSI": 0.71, "PI20": 0.5, "AVG_WR": 54.166666666666664}, "\u523a\u5ba2": {"EIR": 31.4, "Advanced NAS": 0.005, "MSI": 0.71, "PI20": 0.58, "AVG_WR": 53.333333333333336}, "\u5f13\u7bad\u624b": {"EIR": 15.49, "Advanced NAS": -0.623, "MSI": 0.73, "PI20": 0.42, "AVG_WR": 43.333333333333336}, "\u72c2\u6230\u58eb": {"EIR": 36.93, "Advanced NAS": 0.872, "MSI": 0.76, "PI20": 0.5, "AVG_WR": 62.5}, "\u9f8d\u795e": {"EIR": 42.38, "Advanced NAS": 1.538, "MSI": 0.73, "PI20": 0.58, "AVG_WR": 67.5}, "\u8840\u795e": {"EIR": 41.25, "Advanced NAS": 1.183, "MSI": 0.66, "PI20": 0.67, "AVG_WR": 65.0}, "\u525b\u6bc5\u6b66\u58eb": {"EIR": 30.04, "Advanced NAS": 0.005, "MSI": 0.65, "PI20": 0.83, "AVG_WR": 49.549549549549546}, "\u9be8\u541e": {"EIR": 4.88, "Advanced NAS": -1.318, "MSI": 0.79, "PI20": 0.5, "AVG_WR": 25.217391304347824}, "\u8352\u539f\u904a\u4fe0": {"EIR": 30.42, "Advanced NAS": 0.07, "MSI": 0.69, "PI20": 0.5, "AVG_WR": 54.166666666666664}, "\u5143\u7d20\u6cd5\u5e2b": {"EIR": -1.03, "Advanced NAS": -1.318, "MSI": 0.73, "PI20": 0.58, "AVG_WR": 25.0}, "\u8352\u795e": {"EIR": 19.73, "Advanced NAS": -0.706, "MSI": 0.67, "PI20": 0.75, "AVG_WR": 41.66666666666667}, "\u661f\u795e": {"EIR": 39.2, "Advanced NAS": 1.538, "MSI": 0.71, "PI20": 0.67, "AVG_WR": 67.5}}, "combine_win_rate_table": {"\u8056\u9a0e\u58eb": {"\u6cd5\u5e2b": {"win": 1, "loss": 9, "draw": 0, "win_rate": 10.0}, "\u523a\u5ba2": {"win": 3, "loss": 7, "draw": 0, "win_rate": 30.0}, "\u5f13\u7bad\u624b": {"win": 6, "loss": 4, "draw": 0, "win_rate": 60.0}, "\u72c2\u6230\u58eb": {"win": 2, "loss": 8, "draw": 0, "win_rate": 20.0}, "\u9f8d\u795e": {"win": 0, "loss": 10, "draw": 0, "win_rate": 0.0}, "\u8840\u795e": {"win": 0, "loss": 10, "draw": 0, "win_rate": 0.0}, "\u525b\u6bc5\u6b66\u58eb": {"win": 0, "loss": 9, "draw": 1, "win_rate": 0.0}, "\u9be8\u541e": {"win": 9, "loss": 1, "draw": 0, "win_rate": 90.0}, "\u8352\u539f\u904a\u4fe0": {"win": 0, "loss": 10, "draw": 0, "win_rate": 0.0}, "\u5143\u7d20\u6cd5\u5e2b": {"win": 7, "loss": 3, "draw": 0, "win_rate": 70.0}, "\u8352\u795e": {"win": 1, "loss": 9, "draw": 0, "win_rate": 10.0}, "\u661f\u795e": {"win": 1, "loss": 9, "draw": 0, "win_rate": 10.0}}, "\u6cd5\u5e2b": {"\u8056\u9a0e\u58eb": {"win": 10, "loss": 0, "draw": 0, "win_rate": 100.0}, "\u523a\u5ba2": {"win": 5, "loss": 5, "draw": 0, "win_rate": 50.0}, "\u5f13\u7bad\u624b": {"win": 7, "loss": 3, "draw": 0, "win_rate": 70.0}, "\u72c2\u6230\u58eb": {"win": 6, "loss": 4, "draw": 0, "win_rate": 60.0}, "\u9f8d\u795e": {"win": 2, "loss": 8, "draw": 0, "win_rate": 20.0}, "\u8840\u795e": {"win": 0, "loss": 10, "draw": 0, "win_rate": 0.0}, "\u525b\u6bc5\u6b66\u58eb": {"win": 4, "loss": 6, "draw": 0, "win_rate": 40.0}, "\u9be8\u541e": {"win": 2, "loss": 8, "draw": 0, "win_rate": 20.0}, "\u8352\u539f\u904a\u4fe0": {"win": 5, "loss": 5, "draw": 0, "win_rate": 50.0}, "\u5143\u7d20\u6cd5\u5e2b": {"win": 8, "loss": 2, "draw": 0, "win_rate": 80.0}, "\u8352\u795e": {"win": 7, "loss": 3, "draw": 0, "win_rate": 70.0}, "\u661f\u795e": {"win": 9, "loss": 1, "draw": 0, "win_rate": 90.0}}, "\u523a\u5ba2": {"\u8056\u9a0e\u58eb": {"win": 9, "loss": 1, "draw": 0, "win_rate": 90.0}, "\u6cd5\u5e2b": {"win": 2, "loss": 8, "draw": 0, "win_rate": 20.0}, "\u5f13\u7bad\u624b": {"win": 9, "loss": 1, "draw": 0, "win_rate": 90.0}, "\u72c2\u6230\u58eb": {"win": 2, "loss": 8, "draw": 0, "win_rate": 20.0}, "\u9f8d\u795e": {"win": 5, "loss": 5, "draw": 0, "win_rate": 50.0}, "\u8840\u795e": {"win": 2, "loss": 8, "draw": 0, "win_rate": 20.0}, "\u525b\u6bc5\u6b66\u58eb": {"win": 1, "loss": 9, "draw": 0, "win_rate": 10.0}, "\u9be8\u541e": {"win": 7, "loss": 3, "draw": 0, "win_rate": 70.0}, "\u8352\u539f\u904a\u4fe0": {"win": 5, "loss": 5, "draw": 0, "win_rate": 50.0}, "\u5143\u7d20\u6cd5\u5e2b": {"win": 9, "loss": 1, "draw": 0, "win_rate": 90.0}, "\u8352\u795e": {"win": 6, "loss": 4, "draw": 0, "win_rate": 60.0}, "\u661f\u795e": {"win": 7, "loss": 3, "draw": 0, "win_rate": 70.0}}, "\u5f13\u7bad\u624b": {"\u8056\u9a0e\u58eb": {"win": 6, "loss": 4, "draw": 0, "win_rate": 60.0}, "\u6cd5\u5e2b": {"win": 3, "loss": 7, "draw": 0, "win_rate": 30.0}, "\u523a\u5ba2": {"win": 1, "loss": 9, "draw": 0, "win_rate": 10.0}, "\u72c2\u6230\u58eb": {"win": 4, "loss": 6, "draw": 0, "win_rate": 40.0}, "\u9f8d\u795e": {"win": 2, "loss": 8, "draw": 0, "win_rate": 20.0}, "\u8840\u795e": {"win": 9, "loss": 1, "draw": 0, "win_rate": 90.0}, "\u525b\u6bc5\u6b66\u58eb": {"win": 9, "loss": 1, "draw": 0, "win_rate": 90.0}, "\u9be8\u541e": {"win": 5, "loss": 5, "draw": 0, "win_rate": 50.0}, "\u8352\u539f\u904a\u4fe0": {"win": 0, "loss": 10, "draw": 0, "win_rate": 0.0}, "\u5143\u7d20\u6cd5\u5e2b": {"win": 6, "loss": 4, "draw": 0, "win_rate": 60.0}, "\u8352\u795e": {"win": 4, "loss": 6, "draw": 0, "win_rate": 40.0}, "\u661f\u795e": {"win": 3, "loss": 7, "draw": 0, "win_rate": 30.0}}, "\u72c2\u6230\u58eb": {"\u8056\u9a0e\u58eb": {"win": 7, "loss": 3, "draw": 0, "win_rate": 70.0}, "\u6cd5\u5e2b": {"win": 4, "loss": 6, "draw": 0, "win_rate": 40.0}, "\u523a\u5ba2": {"win": 8, "loss": 2, "draw": 0, "win_rate": 80.0}, "\u5f13\u7bad\u624b": {"win": 5, "loss": 5, "draw": 0, "win_rate": 50.0}, "\u9f8d\u795e": {"win": 3, "loss": 7, "draw": 0, "win_rate": 30.0}, "\u8840\u795e": {"win": 3, "loss": 7, "draw": 0, "win_rate": 30.0}, "\u525b\u6bc5\u6b66\u58eb": {"win": 10, "loss": 0, "draw": 0, "win_rate": 100.0}, "\u9be8\u541e": {"win": 3, "loss": 7, "draw": 0, "win_rate": 30.0}, "\u8352\u539f\u904a\u4fe0": {"win": 9, "loss": 1, "draw": 0, "win_rate": 90.0}, "\u5143\u7d20\u6cd5\u5e2b": {"win": 8, "loss": 2, "draw": 0, "win_rate": 80.0}, "\u8352\u795e": {"win": 8, "loss": 2, "draw": 0, "win_rate": 80.0}, "\u661f\u795e": {"win": 7, "loss": 3, "draw": 0, "win_rate": 70.0}}, "\u9f8d\u795e": {"\u8056\u9a0e\u58eb": {"win": 10, "loss": 0, "draw": 0, "win_rate": 100.0}, "\u6cd5\u5e2b": {"win": 6, "loss": 4, "draw": 0, "win_rate": 60.0}, "\u523a\u5ba2": {"win": 7, "loss": 3, "draw": 0, "win_rate": 70.0}, "\u5f13\u7bad\u624b": {"win": 8, "loss": 2, "draw": 0, "win_rate": 80.0}, "\u72c2\u6230\u58eb": {"win": 6, "loss": 4, "draw": 0, "win_rate": 60.0}, "\u8840\u795e": {"win": 4, "loss": 6, "draw": 0, "win_rate": 40.0}, "\u525b\u6bc5\u6b66\u58eb": {"win": 4, "loss": 6, "draw": 0, "win_rate": 40.0}, "\u9be8\u541e": {"win": 10, "loss": 0, "draw": 0, "win_rate": 100.0}, "\u8352\u539f\u904a\u4fe0": {"win": 9, "loss": 1, "draw": 0, "win_rate": 90.0}, "\u5143\u7d20\u6cd5\u5e2b": {"win": 10, "loss": 0, "draw": 0, "win_rate": 100.0}, "\u8352\u795e": {"win": 6, "loss": 4, "draw": 0, "win_rate": 60.0}, "\u661f\u795e": {"win": 1, "loss": 9, "draw": 0, "win_rate": 10.0}}, "\u8840\u795e": {"\u8056\u9a0e\u58eb": {"win": 10, "loss": 0, "draw": 0, "win_rate": 100.0}, "\u6cd5\u5e2b": {"win": 10, "loss": 0, "draw": 0, "win_rate": 100.0}, "\u523a\u5ba2": {"win": 9, "loss": 1, "draw": 0, "win_rate": 90.0}, "\u5f13\u7bad\u624b": {"win": 1, "loss": 9, "draw": 0, "win_rate": 10.0}, "\u72c2\u6230\u58eb": {"win": 9, "loss": 1, "draw": 0, "win_rate": 90.0}, "\u9f8d\u795e": {"win": 5, "loss": 5, "draw": 0, "win_rate": 50.0}, "\u525b\u6bc5\u6b66\u58eb": {"win": 6, "loss": 4, "draw": 0, "win_rate": 60.0}, "\u9be8\u541e": {"win": 7, "loss": 3, "draw": 0, "win_rate": 70.0}, "\u8352\u539f\u904a\u4fe0": {"win": 8, "loss": 2, "draw": 0, "win_rate": 80.0}, "\u5143\u7d20\u6cd5\u5e2b": {"win": 10, "loss": 0, "draw": 0, "win_rate": 100.0}, "\u8352\u795e": {"win": 3, "loss": 7, "draw": 0, "win_rate": 30.0}, "\u661f\u795e": {"win": 0, "loss": 10, "draw": 0, "win_rate": 0.0}}, "\u525b\u6bc5\u6b66\u58eb": {"\u8056\u9a0e\u58eb": {"win": 7, "loss": 0, "draw": 3, "win_rate": 100.0}, "\u6cd5\u5e2b": {"win": 7, "loss": 3, "draw": 0, "win_rate": 70.0},