{"data": {"env_evaluation": {"ehi": 0.868, "esi": 0.987, "mpi": 0.553, "avg_rounds": 7.889230769230769}, "profession_evaluation": {"\u8056\u9a0e\u58eb": {"EIR": 13.4, "Advanced NAS": -0.796, "MSI": 0.73, "PI20": 0.67, "AVG_WR": 39.13793103448276}, "\u6cd5\u5e2b": {"EIR": 32.05, "Advanced NAS": 0.163, "MSI": 0.77, "PI20": 0.5, "AVG_WR": 56.333333333333336}, "\u523a\u5ba2": {"EIR": 14.51, "Advanced NAS": -0.849, "MSI": 0.84, "PI20": 0.25, "AVG_WR": 36.333333333333336}, "\u5f13\u7bad\u624b": {"EIR": 35.9, "Advanced NAS": 0.758, "MSI": 0.81, "PI20": 0.25, "AVG_WR": 63.16666666666667}, "\u72c2\u6230\u58eb": {"EIR": 8.83, "Advanced NAS": -0.962, "MSI": 0.86, "PI20": 0.08, "AVG_WR": 32.83333333333333}, "\u9f8d\u795e": {"EIR": 45.33, "Advanced NAS": 1.652, "MSI": 0.77, "PI20": 0.33, "AVG_WR": 70.33333333333334}, "\u8840\u795e": {"EIR": 12.72, "Advanced NAS": -0.79, "MSI": 0.67, "PI20": 0.75, "AVG_WR": 38.0}, "\u525b\u6bc5\u6b66\u58eb": {"EIR": 46.71, "Advanced NAS": 1.946, "MSI": 0.73, "PI20": 0.42, "AVG_WR": 71.10726643598616}, "\u9be8\u541e": {"EIR": 14.82, "Advanced NAS": -0.715, "MSI": 0.77, "PI20": 0.5, "AVG_WR": 40.0}, "\u8352\u539f\u904a\u4fe0": {"EIR": 42.7, "Advanced NAS": 1.234, "MSI": 0.82, "PI20": 0.17, "AVG_WR": 67.33333333333333}, "\u5143\u7d20\u6cd5\u5e2b": {"EIR": 19.73, "Advanced NAS": -0.455, "MSI": 0.84, "PI20": 0.33, "AVG_WR": 46.0}, "\u8352\u795e": {"EIR": 17.58, "Advanced NAS": -0.728, "MSI": 0.78, "PI20": 0.5, "AVG_WR": 39.666666666666664}, "\u661f\u795e": {"EIR": 18.7, "Advanced NAS": -0.458, "MSI": 0.75, "PI20": 0.5, "AVG_WR": 45.90984974958264}}, "combine_win_rate_table": {"\u8056\u9a0e\u58eb": {"\u6cd5\u5e2b": {"win": 8, "loss": 42, "draw": 0, "win_rate": 16.0}, "\u523a\u5ba2": {"win": 16, "loss": 34, "draw": 0, "win_rate": 32.0}, "\u5f13\u7bad\u624b": {"win": 24, "loss": 26, "draw": 0, "win_rate": 48.0}, "\u72c2\u6230\u58eb": {"win": 38, "loss": 12, "draw": 0, "win_rate": 76.0}, "\u9f8d\u795e": {"win": 3, "loss": 47, "draw": 0, "win_rate": 6.0}, "\u8840\u795e": {"win": 38, "loss": 12, "draw": 0, "win_rate": 76.0}, "\u525b\u6bc5\u6b66\u58eb": {"win": 0, "loss": 30, "draw": 20, "win_rate": 0.0}, "\u9be8\u541e": {"win": 37, "loss": 13, "draw": 0, "win_rate": 74.0}, "\u8352\u539f\u904a\u4fe0": {"win": 4, "loss": 46, "draw": 0, "win_rate": 8.0}, "\u5143\u7d20\u6cd5\u5e2b": {"win": 26, "loss": 24, "draw": 0, "win_rate": 52.0}, "\u8352\u795e": {"win": 8, "loss": 42, "draw": 0, "win_rate": 16.0}, "\u661f\u795e": {"win": 25, "loss": 25, "draw": 0, "win_rate": 50.0}}, "\u6cd5\u5e2b": {"\u8056\u9a0e\u58eb": {"win": 41, "loss": 9, "draw": 0, "win_rate": 82.0}, "\u523a\u5ba2": {"win": 37, "loss": 13, "draw": 0, "win_rate": 74.0}, "\u5f13\u7bad\u624b": {"win": 23, "loss": 27, "draw": 0, "win_rate": 46.0}, "\u72c2\u6230\u58eb": {"win": 38, "loss": 12, "draw": 0, "win_rate": 76.0}, "\u9f8d\u795e": {"win": 25, "loss": 25, "draw": 0, "win_rate": 50.0}, "\u8840\u795e": {"win": 16, "loss": 34, "draw": 0, "win_rate": 32.0}, "\u525b\u6bc5\u6b66\u58eb": {"win": 4, "loss": 46, "draw": 0, "win_rate": 8.0}, "\u9be8\u541e": {"win": 16, "loss": 34, "draw": 0, "win_rate": 32.0}, "\u8352\u539f\u904a\u4fe0": {"win": 30, "loss": 20, "draw": 0, "win_rate": 60.0}, "\u5143\u7d20\u6cd5\u5e2b": {"win": 28, "loss": 22, "draw": 0, "win_rate": 56.00000000000001}, "\u8352\u795e": {"win": 41, "loss": 9, "draw": 0, "win_rate": 82.0}, "\u661f\u795e": {"win": 39, "loss": 11, "draw": 0, "win_rate": 78.0}}, "\u523a\u5ba2": {"\u8056\u9a0e\u58eb": {"win": 30, "loss": 20, "draw": 0, "win_rate": 60.0}, "\u6cd5\u5e2b": {"win": 10, "loss": 40, "draw": 0, "win_rate": 20.0}, "\u5f13\u7bad\u624b": {"win": 19, "loss": 31, "draw": 0, "win_rate": 38.0}, "\u72c2\u6230\u58eb": {"win": 15, "loss": 35, "draw": 0, "win_rate": 30.0}, "\u9f8d\u795e": {"win": 8, "loss": 42, "draw": 0, "win_rate": 16.0}, "\u8840\u795e": {"win": 13, "loss": 37, "draw": 0, "win_rate": 26.0}, "\u525b\u6bc5\u6b66\u58eb": {"win": 11, "loss": 39, "draw": 0, "win_rate": 22.0}, "\u9be8\u541e": {"win": 25, "loss": 25, "draw": 0, "win_rate": 50.0}, "\u8352\u539f\u904a\u4fe0": {"win": 11, "loss": 39, "draw": 0, "win_rate": 22.0}, "\u5143\u7d20\u6cd5\u5e2b": {"win": 18, "loss": 32, "draw": 0, "win_rate": 36.0}, "\u8352\u795e": {"win": 30, "loss": 20, "draw": 0, "win_rate": 60.0}, "\u661f\u795e": {"win": 28, "loss": 22, "draw": 0, "win_rate": 56.00000000000001}}, "\u5f13\u7bad\u624b": {"\u8056\u9a0e\u58eb": {"win": 27, "loss": 23, "draw": 0, "win_rate": 54.0}, "\u6cd5\u5e2b": {"win": 32, "loss": 18, "draw": 0, "win_rate": 64.0}, "\u523a\u5ba2": {"win": 30, "loss": 20, "draw": 0, "win_rate": 60.0}, "\u72c2\u6230\u58eb": {"win": 25, "loss": 25, "draw": 0, "win_rate": 50.0}, "\u9f8d\u795e": {"win": 23, "loss": 27, "draw": 0, "win_rate": 46.0}, "\u8840\u795e": {"win": 49, "loss": 1, "draw": 0, "win_rate": 98.0}, "\u525b\u6bc5\u6b66\u58eb": {"win": 44, "loss": 6, "draw": 0, "win_rate": 88.0}, "\u9be8\u541e": {"win": 34, "loss": 16, "draw": 0, "win_rate": 68.0}, "\u8352\u539f\u904a\u4fe0": {"win": 10, "loss": 40, "draw": 0, "win_rate": 20.0}, "\u5143\u7d20\u6cd5\u5e2b": {"win": 36, "loss": 14, "draw": 0, "win_rate": 72.0}, "\u8352\u795e": {"win": 37, "loss": 13, "draw": 0, "win_rate": 74.0}, "\u661f\u795e": {"win": 32, "loss": 18, "draw": 0, "win_rate": 64.0}}, "\u72c2\u6230\u58eb": {"\u8056\u9a0e\u58eb": {"win": 8, "loss": 42, "draw": 0, "win_rate": 16.0}, "\u6cd5\u5e2b": {"win": 9, "loss": 41, "draw": 0, "win_rate": 18.0}, "\u523a\u5ba2": {"win": 22, "loss": 28, "draw": 0, "win_rate": 44.0}, "\u5f13\u7bad\u624b": {"win": 22, "loss": 28, "draw": 0, "win_rate": 44.0}, "\u9f8d\u795e": {"win": 12, "loss": 38, "draw": 0, "win_rate": 24.0}, "\u8840\u795e": {"win": 17, "loss": 33, "draw": 0, "win_rate": 34.0}, "\u525b\u6bc5\u6b66\u58eb": {"win": 7, "loss": 43, "draw": 0, "win_rate": 14.000000000000002}, "\u9be8\u541e": {"win": 15, "loss": 35, "draw": 0, "win_rate": 30.0}, "\u8352\u539f\u904a\u4fe0": {"win": 11, "loss": 39, "draw": 0, "win_rate": 22.0}, "\u5143\u7d20\u6cd5\u5e2b": {"win": 21, "loss": 29, "draw": 0, "win_rate": 42.0}, "\u8352\u795e": {"win": 30, "loss": 20, "draw": 0, "win_rate": 60.0}, "\u661f\u795e": {"win": 23, "loss": 27, "draw": 0, "win_rate": 46.0}}, "\u9f8d\u795e": {"\u8056\u9a0e\u58eb": {"win": 50, "loss": 0, "draw": 0, "win_rate": 100.0}, "\u6cd5\u5e2b": {"win": 11, "loss": 39, "draw": 0, "win_rate": 22.0}, "\u523a\u5ba2": {"win": 41, "loss": 9, "draw": 0, "win_rate": 82.0}, "\u5f13\u7bad\u624b": {"win": 29, "loss": 21, "draw": 0, "win_rate": 57.99999999999999}, "\u72c2\u6230\u58eb": {"win": 37, "loss": 13, "draw": 0, "win_rate": 74.0}, "\u8840\u795e": {"win": 47, "loss": 3, "draw": 0, "win_rate": 94.0}, "\u525b\u6bc5\u6b66\u58eb": {"win": 20, "loss": 30, "draw": 0, "win_rate": 40.0}, "\u9be8\u541e": {"win": 45, "loss": 5, "draw": 0, "win_rate": 90.0}, "\u8352\u539f\u904a\u4fe0": {"win": 29, "loss": 21, "draw": 0, "win_rate": 57.99999999999999}, "\u5143\u7d20\u6cd5\u5e2b": {"win": 29, "loss": 21, "draw": 0, "win_rate": 57.99999999999999}, "\u8352\u795e": {"win": 44, "loss": 6, "draw": 0, "win_rate": 88.0}, "\u661f\u795e": {"win": 40, "loss": 10, "draw": 0, "win_rate": 80.0}}, "\u8840\u795e": {"\u8056\u9a0e\u58eb": {"win": 9, "loss": 41, "draw": 0, "win_rate": 18.0}, "\u6cd5\u5e2b": {"win": 31, "loss": 19, "draw": 0, "win_rate": 62.0}, "\u523a\u5ba2": {"win": 45, "loss": 5, "draw": 0, "win_rate": 90.0}, "\u5f13\u7bad\u624b": {"win": 4, "loss": 46, "draw": 0, "win_rate": 8.0}, "\u72c2\u6230\u58eb": {"win": 40, "loss": 10, "draw": 0, "win_rate": 80.0}, "\u9f8d\u795e": {"win": 4, "loss": 46, "draw": 0, "win_rate": 8.0}, "\u525b\u6bc5\u6b66\u58eb": {"win": 3, "loss": 47, "draw": 0, "win_rate": 6.0}, "\u9be8\u541e": {"win": 16, "loss": 34, "draw": 0, "win_rate": 32.0}, "\u8352\u539f\u904a\u4fe0": {"win": 28, "loss": 22, "draw": 0, "win_rate": 56.00000000000001}, "\u5143\u7d20\u6cd5\u5e2b": {"win": 43, "loss": 7, "draw": 0, "win_rate": 86.0}, "\u8352\u795e": {"win": 5, "loss": 45, "draw": 0, "win_rate": 10.0},