{"data": {"env_evaluation": {"ehi": 0.874, "esi": 0.995, "mpi": 0.4, "avg_rounds": 8.985897435897435}, "profession_evaluation": {"\u8056\u9a0e\u58eb": {"EIR": 0.52, "Advanced NAS": 0.701, "MSI": 0.79, "PI20": 0.5, "AVG_WR": 59.166666666666664}, "\u6cd5\u5e2b": {"EIR": 0.41, "Advanced NAS": -0.598, "MSI": 0.8, "PI20": 0.58, "AVG_WR": 43.69747899159664}, "\u523a\u5ba2": {"EIR": 0.45, "Advanced NAS": -0.221, "MSI": 0.75, "PI20": 0.67, "AVG_WR": 49.166666666666664}, "\u5f13\u7bad\u624b": {"EIR": 0.46, "Advanced NAS": -0.023, "MSI": 0.71, "PI20": 0.5, "AVG_WR": 51.66666666666667}, "\u72c2\u6230\u58eb": {"EIR": 0.27, "Advanced NAS": -1.369, "MSI": 0.8, "PI20": 0.5, "AVG_WR": 27.966101694915253}, "\u9f8d\u795e": {"EIR": 0.63, "Advanced NAS": 2.914, "MSI": 0.8, "PI20": 0.92, "AVG_WR": 73.33333333333333}, "\u8840\u795e": {"EIR": 0.41, "Advanced NAS": -0.344, "MSI": 0.72, "PI20": 0.5, "AVG_WR": 47.5}, "\u525b\u6bc5\u6b66\u58eb": {"EIR": 0.44, "Advanced NAS": -0.157, "MSI": 0.69, "PI20": 0.42, "AVG_WR": 50.0}, "\u9be8\u541e": {"EIR": 0.31, "Advanced NAS": -0.99, "MSI": 0.7, "PI20": 0.5, "AVG_WR": 36.666666666666664}, "\u8352\u539f\u904a\u4fe0": {"EIR": 0.48, "Advanced NAS": 0.153, "MSI": 0.73, "PI20": 0.42, "AVG_WR": 53.84615384615385}, "\u5143\u7d20\u6cd5\u5e2b": {"EIR": 0.47, "Advanced NAS": 0.12, "MSI": 0.84, "PI20": 0.75, "AVG_WR": 53.333333333333336}, "\u8352\u795e": {"EIR": 0.38, "Advanced NAS": -0.621, "MSI": 0.67, "PI20": 0.25, "AVG_WR": 43.69747899159664}, "\u661f\u795e": {"EIR": 0.52, "Advanced NAS": 0.435, "MSI": 0.72, "PI20": 0.42, "AVG_WR": 56.666666666666664}}, "combine_win_rate_table": {"\u8056\u9a0e\u58eb": {"\u6cd5\u5e2b": {"win": 8, "loss": 2, "draw": 0, "win_rate": 80.0}, "\u523a\u5ba2": {"win": 8, "loss": 2, "draw": 0, "win_rate": 80.0}, "\u5f13\u7bad\u624b": {"win": 9, "loss": 1, "draw": 0, "win_rate": 90.0}, "\u72c2\u6230\u58eb": {"win": 5, "loss": 5, "draw": 0, "win_rate": 50.0}, "\u9f8d\u795e": {"win": 3, "loss": 7, "draw": 0, "win_rate": 30.0}, "\u8840\u795e": {"win": 6, "loss": 4, "draw": 0, "win_rate": 60.0}, "\u525b\u6bc5\u6b66\u58eb": {"win": 3, "loss": 7, "draw": 0, "win_rate": 30.0}, "\u9be8\u541e": {"win": 9, "loss": 1, "draw": 0, "win_rate": 90.0}, "\u8352\u539f\u904a\u4fe0": {"win": 7, "loss": 3, "draw": 0, "win_rate": 70.0}, "\u5143\u7d20\u6cd5\u5e2b": {"win": 4, "loss": 6, "draw": 0, "win_rate": 40.0}, "\u8352\u795e": {"win": 4, "loss": 6, "draw": 0, "win_rate": 40.0}, "\u661f\u795e": {"win": 5, "loss": 5, "draw": 0, "win_rate": 50.0}}, "\u6cd5\u5e2b": {"\u8056\u9a0e\u58eb": {"win": 2, "loss": 8, "draw": 0, "win_rate": 20.0}, "\u523a\u5ba2": {"win": 4, "loss": 6, "draw": 0, "win_rate": 40.0}, "\u5f13\u7bad\u624b": {"win": 6, "loss": 4, "draw": 0, "win_rate": 60.0}, "\u72c2\u6230\u58eb": {"win": 5, "loss": 5, "draw": 0, "win_rate": 50.0}, "\u9f8d\u795e": {"win": 5, "loss": 5, "draw": 0, "win_rate": 50.0}, "\u8840\u795e": {"win": 1, "loss": 9, "draw": 0, "win_rate": 10.0}, "\u525b\u6bc5\u6b66\u58eb": {"win": 3, "loss": 7, "draw": 0, "win_rate": 30.0}, "\u9be8\u541e": {"win": 2, "loss": 8, "draw": 0, "win_rate": 20.0}, "\u8352\u539f\u904a\u4fe0": {"win": 4, "loss": 5, "draw": 1, "win_rate": 44.44444444444444}, "\u5143\u7d20\u6cd5\u5e2b": {"win": 7, "loss": 3, "draw": 0, "win_rate": 70.0}, "\u8352\u795e": {"win": 8, "loss": 2, "draw": 0, "win_rate": 80.0}, "\u661f\u795e": {"win": 5, "loss": 5, "draw": 0, "win_rate": 50.0}}, "\u523a\u5ba2": {"\u8056\u9a0e\u58eb": {"win": 4, "loss": 6, "draw": 0, "win_rate": 40.0}, "\u6cd5\u5e2b": {"win": 6, "loss": 4, "draw": 0, "win_rate": 60.0}, "\u5f13\u7bad\u624b": {"win": 6, "loss": 4, "draw": 0, "win_rate": 60.0}, "\u72c2\u6230\u58eb": {"win": 1, "loss": 9, "draw": 0, "win_rate": 10.0}, "\u9f8d\u795e": {"win": 3, "loss": 7, "draw": 0, "win_rate": 30.0}, "\u8840\u795e": {"win": 6, "loss": 4, "draw": 0, "win_rate": 60.0}, "\u525b\u6bc5\u6b66\u58eb": {"win": 1, "loss": 9, "draw": 0, "win_rate": 10.0}, "\u9be8\u541e": {"win": 7, "loss": 3, "draw": 0, "win_rate": 70.0}, "\u8352\u539f\u904a\u4fe0": {"win": 6, "loss": 4, "draw": 0, "win_rate": 60.0}, "\u5143\u7d20\u6cd5\u5e2b": {"win": 6, "loss": 4, "draw": 0, "win_rate": 60.0}, "\u8352\u795e": {"win": 10, "loss": 0, "draw": 0, "win_rate": 100.0}, "\u661f\u795e": {"win": 3, "loss": 7, "draw": 0, "win_rate": 30.0}}, "\u5f13\u7bad\u624b": {"\u8056\u9a0e\u58eb": {"win": 4, "loss": 6, "draw": 0, "win_rate": 40.0}, "\u6cd5\u5e2b": {"win": 4, "loss": 6, "draw": 0, "win_rate": 40.0}, "\u523a\u5ba2": {"win": 3, "loss": 7, "draw": 0, "win_rate": 30.0}, "\u72c2\u6230\u58eb": {"win": 4, "loss": 6, "draw": 0, "win_rate": 40.0}, "\u9f8d\u795e": {"win": 5, "loss": 5, "draw": 0, "win_rate": 50.0}, "\u8840\u795e": {"win": 10, "loss": 0, "draw": 0, "win_rate": 100.0}, "\u525b\u6bc5\u6b66\u58eb": {"win": 10, "loss": 0, "draw": 0, "win_rate": 100.0}, "\u9be8\u541e": {"win": 5, "loss": 5, "draw": 0, "win_rate": 50.0}, "\u8352\u539f\u904a\u4fe0": {"win": 2, "loss": 8, "draw": 0, "win_rate": 20.0}, "\u5143\u7d20\u6cd5\u5e2b": {"win": 5, "loss": 5, "draw": 0, "win_rate": 50.0}, "\u8352\u795e": {"win": 9, "loss": 1, "draw": 0, "win_rate": 90.0}, "\u661f\u795e": {"win": 1, "loss": 9, "draw": 0, "win_rate": 10.0}}, "\u72c2\u6230\u58eb": {"\u8056\u9a0e\u58eb": {"win": 0, "loss": 10, "draw": 0, "win_rate": 0.0}, "\u6cd5\u5e2b": {"win": 4, "loss": 6, "draw": 0, "win_rate": 40.0}, "\u523a\u5ba2": {"win": 6, "loss": 4, "draw": 0, "win_rate": 60.0}, "\u5f13\u7bad\u624b": {"win": 5, "loss": 5, "draw": 0, "win_rate": 50.0}, "\u9f8d\u795e": {"win": 3, "loss": 7, "draw": 0, "win_rate": 30.0}, "\u8840\u795e": {"win": 1, "loss": 9, "draw": 0, "win_rate": 10.0}, "\u525b\u6bc5\u6b66\u58eb": {"win": 0, "loss": 10, "draw": 0, "win_rate": 0.0}, "\u9be8\u541e": {"win": 0, "loss": 10, "draw": 0, "win_rate": 0.0}, "\u8352\u539f\u904a\u4fe0": {"win": 2, "loss": 6, "draw": 2, "win_rate": 25.0}, "\u5143\u7d20\u6cd5\u5e2b": {"win": 4, "loss": 6, "draw": 0, "win_rate": 40.0}, "\u8352\u795e": {"win": 5, "loss": 5, "draw": 0, "win_rate": 50.0}, "\u661f\u795e": {"win": 3, "loss": 7, "draw": 0, "win_rate": 30.0}}, "\u9f8d\u795e": {"\u8056\u9a0e\u58eb": {"win": 9, "loss": 1, "draw": 0, "win_rate": 90.0}, "\u6cd5\u5e2b": {"win": 7, "loss": 3, "draw": 0, "win_rate": 70.0}, "\u523a\u5ba2": {"win": 6, "loss": 4, "draw": 0, "win_rate": 60.0}, "\u5f13\u7bad\u624b": {"win": 7, "loss": 3, "draw": 0, "win_rate": 70.0}, "\u72c2\u6230\u58eb": {"win": 9, "loss": 1, "draw": 0, "win_rate": 90.0}, "\u8840\u795e": {"win": 9, "loss": 1, "draw": 0, "win_rate": 90.0}, "\u525b\u6bc5\u6b66\u58eb": {"win": 6, "loss": 4, "draw": 0, "win_rate": 60.0}, "\u9be8\u541e": {"win": 9, "loss": 1, "draw": 0, "win_rate": 90.0}, "\u8352\u539f\u904a\u4fe0": {"win": 7, "loss": 3, "draw": 0, "win_rate": 70.0}, "\u5143\u7d20\u6cd5\u5e2b": {"win": 8, "loss": 2, "draw": 0, "win_rate": 80.0}, "\u8352\u795e": {"win": 9, "loss": 1, "draw": 0, "win_rate": 90.0}, "\u661f\u795e": {"win": 2, "loss": 8, "draw": 0, "win_rate": 20.0}}, "\u8840\u795e": {"\u8056\u9a0e\u58eb": {"win": 4, "loss": 6, "draw": 0, "win_rate": 40.0}, "\u6cd5\u5e2b": {"win": 9, "loss": 1, "draw": 0, "win_rate": 90.0}, "\u523a\u5ba2": {"win": 3, "loss": 7, "draw": 0, "win_rate": 30.0}, "\u5f13\u7bad\u624b": {"win": 0, "loss": 10, "draw": 0, "win_rate": 0.0}, "\u72c2\u6230\u58eb": {"win": 8, "loss": 2, "draw": 0, "win_rate": 80.0}, "\u9f8d\u795e": {"win": 4, "loss": 6, "draw": 0, "win_rate": 40.0}, "\u525b\u6bc5\u6b66\u58eb": {"win": 3, "loss": 7, "draw": 0, "win_rate": 30.0}, "\u9be8\u541e": {"win": 7, "loss": 3, "draw": 0, "win_rate": 70.0}, "\u8352\u539f\u904a\u4fe0": {"win": 7, "loss": 3, "draw": 0, "win_rate": 70.0}, "\u5143\u7d20\u6cd5\u5e2b": {"win": 6, "loss": 4, "draw": 0, "win_rate": 60.0}, "\u8352\u795e": {"win": 6, "loss": 4, "draw": 0, "win_rate": 60.0}, "\u661f\u795e": {"win": 0, "loss": 10, "draw": 0, "win_rate": 0.0}}, "\u525b\u6bc5\u6b66\u58eb": {"\u8056\u9a0e\u58eb": {"win": 7, "loss": 3, "draw": 0, "win_rate": 70.0}, "\u6cd5\u5e2b": {"win": 7, "loss": 3,