{"data": {"env_evaluation": {"ehi": 0.887, "esi": 0.987, "mpi": 0.578, "avg_rounds": 7.738888888888889}, "profession_evaluation": {"\u8056\u9a0e\u58eb": {"EIR": -9.0, "Advanced NAS": -1.178, "MSI": 0.78, "PI20": 0.17, "AVG_WR": 16.201117318435752}, "\u6cd5\u5e2b": {"EIR": 29.5, "Advanced NAS": -0.022, "MSI": 0.75, "PI20": 0.42, "AVG_WR": 55.55555555555556}, "\u523a\u5ba2": {"EIR": 30.31, "Advanced NAS": 0.043, "MSI": 0.72, "PI20": 0.5, "AVG_WR": 56.666666666666664}, "\u5f13\u7bad\u624b": {"EIR": 22.58, "Advanced NAS": -0.225, "MSI": 0.76, "PI20": 0.33, "AVG_WR": 51.66666666666667}, "\u72c2\u6230\u58eb": {"EIR": 28.64, "Advanced NAS": -0.375, "MSI": 0.76, "PI20": 0.5, "AVG_WR": 48.333333333333336}, "\u9f8d\u795e": {"EIR": 55.5, "Advanced NAS": 2.695, "MSI": 0.79, "PI20": 0.5, "AVG_WR": 79.44444444444444}, "\u8840\u795e": {"EIR": 9.45, "Advanced NAS": -0.872, "MSI": 0.68, "PI20": 0.75, "AVG_WR": 32.77777777777778}, "\u525b\u6bc5\u6b66\u58eb": {"EIR": 27.84, "Advanced NAS": -0.142, "MSI": 0.72, "PI20": 0.42, "AVG_WR": 52.54237288135594}, "\u9be8\u541e": {"EIR": 48.89, "Advanced NAS": 1.447, "MSI": 0.72, "PI20": 0.5, "AVG_WR": 72.22222222222221}, "\u8352\u539f\u904a\u4fe0": {"EIR": 26.46, "Advanced NAS": -0.198, "MSI": 0.69, "PI20": 0.58, "AVG_WR": 52.22222222222223}, "\u5143\u7d20\u6cd5\u5e2b": {"EIR": 4.5, "Advanced NAS": -0.923, "MSI": 0.79, "PI20": 0.33, "AVG_WR": 30.555555555555557}, "\u8352\u795e": {"EIR": 15.11, "Advanced NAS": -0.547, "MSI": 0.64, "PI20": 0.75, "AVG_WR": 43.888888888888886}, "\u661f\u795e": {"EIR": 36.92, "Advanced NAS": 0.297, "MSI": 0.7, "PI20": 0.58, "AVG_WR": 60.55555555555555}}, "combine_win_rate_table": {"\u8056\u9a0e\u58eb": {"\u6cd5\u5e2b": {"win": 1, "loss": 14, "draw": 0, "win_rate": 6.666666666666667}, "\u523a\u5ba2": {"win": 2, "loss": 13, "draw": 0, "win_rate": 13.333333333333334}, "\u5f13\u7bad\u624b": {"win": 11, "loss": 4, "draw": 0, "win_rate": 73.33333333333333}, "\u72c2\u6230\u58eb": {"win": 0, "loss": 15, "draw": 0, "win_rate": 0.0}, "\u9f8d\u795e": {"win": 0, "loss": 15, "draw": 0, "win_rate": 0.0}, "\u8840\u795e": {"win": 1, "loss": 14, "draw": 0, "win_rate": 6.666666666666667}, "\u525b\u6bc5\u6b66\u58eb": {"win": 2, "loss": 12, "draw": 1, "win_rate": 14.285714285714285}, "\u9be8\u541e": {"win": 3, "loss": 12, "draw": 0, "win_rate": 20.0}, "\u8352\u539f\u904a\u4fe0": {"win": 0, "loss": 15, "draw": 0, "win_rate": 0.0}, "\u5143\u7d20\u6cd5\u5e2b": {"win": 8, "loss": 7, "draw": 0, "win_rate": 53.333333333333336}, "\u8352\u795e": {"win": 1, "loss": 14, "draw": 0, "win_rate": 6.666666666666667}, "\u661f\u795e": {"win": 0, "loss": 15, "draw": 0, "win_rate": 0.0}}, "\u6cd5\u5e2b": {"\u8056\u9a0e\u58eb": {"win": 15, "loss": 0, "draw": 0, "win_rate": 100.0}, "\u523a\u5ba2": {"win": 7, "loss": 8, "draw": 0, "win_rate": 46.666666666666664}, "\u5f13\u7bad\u624b": {"win": 9, "loss": 6, "draw": 0, "win_rate": 60.0}, "\u72c2\u6230\u58eb": {"win": 8, "loss": 7, "draw": 0, "win_rate": 53.333333333333336}, "\u9f8d\u795e": {"win": 3, "loss": 12, "draw": 0, "win_rate": 20.0}, "\u8840\u795e": {"win": 6, "loss": 9, "draw": 0, "win_rate": 40.0}, "\u525b\u6bc5\u6b66\u58eb": {"win": 7, "loss": 8, "draw": 0, "win_rate": 46.666666666666664}, "\u9be8\u541e": {"win": 1, "loss": 14, "draw": 0, "win_rate": 6.666666666666667}, "\u8352\u539f\u904a\u4fe0": {"win": 9, "loss": 6, "draw": 0, "win_rate": 60.0}, "\u5143\u7d20\u6cd5\u5e2b": {"win": 12, "loss": 3, "draw": 0, "win_rate": 80.0}, "\u8352\u795e": {"win": 12, "loss": 3, "draw": 0, "win_rate": 80.0}, "\u661f\u795e": {"win": 11, "loss": 4, "draw": 0, "win_rate": 73.33333333333333}}, "\u523a\u5ba2": {"\u8056\u9a0e\u58eb": {"win": 14, "loss": 1, "draw": 0, "win_rate": 93.33333333333333}, "\u6cd5\u5e2b": {"win": 7, "loss": 8, "draw": 0, "win_rate": 46.666666666666664}, "\u5f13\u7bad\u624b": {"win": 11, "loss": 4, "draw": 0, "win_rate": 73.33333333333333}, "\u72c2\u6230\u58eb": {"win": 6, "loss": 9, "draw": 0, "win_rate": 40.0}, "\u9f8d\u795e": {"win": 3, "loss": 12, "draw": 0, "win_rate": 20.0}, "\u8840\u795e": {"win": 5, "loss": 10, "draw": 0, "win_rate": 33.33333333333333}, "\u525b\u6bc5\u6b66\u58eb": {"win": 10, "loss": 5, "draw": 0, "win_rate": 66.66666666666666}, "\u9be8\u541e": {"win": 0, "loss": 15, "draw": 0, "win_rate": 0.0}, "\u8352\u539f\u904a\u4fe0": {"win": 9, "loss": 6, "draw": 0, "win_rate": 60.0}, "\u5143\u7d20\u6cd5\u5e2b": {"win": 11, "loss": 4, "draw": 0, "win_rate": 73.33333333333333}, "\u8352\u795e": {"win": 13, "loss": 2, "draw": 0, "win_rate": 86.66666666666667}, "\u661f\u795e": {"win": 13, "loss": 2, "draw": 0, "win_rate": 86.66666666666667}}, "\u5f13\u7bad\u624b": {"\u8056\u9a0e\u58eb": {"win": 6, "loss": 9, "draw": 0, "win_rate": 40.0}, "\u6cd5\u5e2b": {"win": 7, "loss": 8, "draw": 0, "win_rate": 46.666666666666664}, "\u523a\u5ba2": {"win": 7, "loss": 8, "draw": 0, "win_rate": 46.666666666666664}, "\u72c2\u6230\u58eb": {"win": 7, "loss": 8, "draw": 0, "win_rate": 46.666666666666664}, "\u9f8d\u795e": {"win": 7, "loss": 8, "draw": 0, "win_rate": 46.666666666666664}, "\u8840\u795e": {"win": 15, "loss": 0, "draw": 0, "win_rate": 100.0}, "\u525b\u6bc5\u6b66\u58eb": {"win": 14, "loss": 1, "draw": 0, "win_rate": 93.33333333333333}, "\u9be8\u541e": {"win": 1, "loss": 14, "draw": 0, "win_rate": 6.666666666666667}, "\u8352\u539f\u904a\u4fe0": {"win": 9, "loss": 6, "draw": 0, "win_rate": 60.0}, "\u5143\u7d20\u6cd5\u5e2b": {"win": 8, "loss": 7, "draw": 0, "win_rate": 53.333333333333336}, "\u8352\u795e": {"win": 8, "loss": 7, "draw": 0, "win_rate": 53.333333333333336}, "\u661f\u795e": {"win": 4, "loss": 11, "draw": 0, "win_rate": 26.666666666666668}}, "\u72c2\u6230\u58eb": {"\u8056\u9a0e\u58eb": {"win": 11, "loss": 4, "draw": 0, "win_rate": 73.33333333333333}, "\u6cd5\u5e2b": {"win": 7, "loss": 8, "draw": 0, "win_rate": 46.666666666666664}, "\u523a\u5ba2": {"win": 7, "loss": 8, "draw": 0, "win_rate": 46.666666666666664}, "\u5f13\u7bad\u624b": {"win": 7, "loss": 8, "draw": 0, "win_rate": 46.666666666666664}, "\u9f8d\u795e": {"win": 1, "loss": 14, "draw": 0, "win_rate": 6.666666666666667}, "\u8840\u795e": {"win": 14, "loss": 1, "draw": 0, "win_rate": 93.33333333333333}, "\u525b\u6bc5\u6b66\u58eb": {"win": 4, "loss": 11, "draw": 0, "win_rate": 26.666666666666668}, "\u9be8\u541e": {"win": 2, "loss": 13, "draw": 0, "win_rate": 13.333333333333334}, "\u8352\u539f\u904a\u4fe0": {"win": 6, "loss": 9, "draw": 0, "win_rate": 40.0}, "\u5143\u7d20\u6cd5\u5e2b": {"win": 11, "loss": 4, "draw": 0, "win_rate": 73.33333333333333}, "\u8352\u795e": {"win": 9, "loss": 6, "draw": 0, "win_rate": 60.0}, "\u661f\u795e": {"win": 8, "loss": 7, "draw": 0, "win_rate": 53.333333333333336}}, "\u9f8d\u795e": {"\u8056\u9a0e\u58eb": {"win": 15, "loss": 0, "draw": 0, "win_rate": 100.0}, "\u6cd5\u5e2b": {"win": 13, "loss": 2, "draw": 0, "win_rate": 86.66666666666667}, "\u523a\u5ba2": {"win": 13, "loss": 2, "draw": 0, "win_rate": 86.66666666666667}, "\u5f13\u7bad\u624b": {"win": 8, "loss": 7, "draw": 0, "win_rate": 53.333333333333336}, "\u72c2\u6230\u58eb": {"win": 12, "loss": 3, "draw": 0, "win_rate": 80.0}, "\u8840\u795e": {"win": 15, "loss": 0, "draw": 0, "win_rate": 100.0}, "\u525b\u6bc5\u6b66\u58eb": {"win": 7, "loss": 8, "draw": 0, "win_rate": 46.666666666666664}, "\u9be8\u541e": {"win": 11, "loss": 4, "draw": 0, "win_rate": 73.33333333333333}, "\u8352\u539f\u904a\u4fe0": {"win": 14, "loss": 1, "draw": 0, "win_rate": 93.33333333333333}, "\u5143\u7d20\u6cd5\u5e2b": {"win": 14, "loss": 1, "draw": 0, "win_rate": 93.33333333333333}, "\u8352\u795e": {"win": 15, "loss": 0, "draw": 0, "win_rate": 100.0}, "\u661f\u795e": {"win": 6, "loss": 9, "draw": 0, "win_rate": 40.0}}, "\u8840\u795e": {"\u8056\u9a0e\u58eb": {"win": 12, "loss": 3, "draw": 0, "win_rate": 80.0}, "\u6cd5\u5e2b": {"win": 11, "loss": 4, "draw": 0, "win_rate": 73.33333333333333}, "\u523a\u5ba2": {"win": 7, "loss": 8, "draw": 0, "win_rate": 46.666666666666664}, "\u5f13\u7bad\u624b": {"win": 0, "loss": 15, "draw": 0, "win_rate": 0.0},