{"data": {"env_evaluation": {"ehi": 0.849, "esi": 0.987, "mpi": 0.533, "avg_rounds": 7.3307692307692305}, "profession_evaluation": {"\u8056\u9a0e\u58eb": {"EIR": 18.2, "Advanced NAS": -0.722, "MSI": 0.75, "PI20": 0.5, "AVG_WR": 47.55555555555556}, "\u6cd5\u5e2b": {"EIR": 20.17, "Advanced NAS": -0.87, "MSI": 0.78, "PI20": 0.33, "AVG_WR": 42.916666666666664}, "\u523a\u5ba2": {"EIR": 18.73, "Advanced NAS": -0.797, "MSI": 0.77, "PI20": 0.42, "AVG_WR": 43.75}, "\u5f13\u7bad\u624b": {"EIR": 35.77, "Advanced NAS": 1.396, "MSI": 0.79, "PI20": 0.33, "AVG_WR": 61.25000000000001}, "\u72c2\u6230\u58eb": {"EIR": 21.0, "Advanced NAS": -0.313, "MSI": 0.82, "PI20": 0.17, "AVG_WR": 48.75}, "\u9f8d\u795e": {"EIR": 24.98, "Advanced NAS": -0.442, "MSI": 0.74, "PI20": 0.5, "AVG_WR": 47.5}, "\u8840\u795e": {"EIR": 41.91, "Advanced NAS": 2.396, "MSI": 0.65, "PI20": 0.75, "AVG_WR": 66.25}, "\u525b\u6bc5\u6b66\u58eb": {"EIR": 28.5, "Advanced NAS": 0.268, "MSI": 0.72, "PI20": 0.58, "AVG_WR": 50.88495575221239}, "\u9be8\u541e": {"EIR": 33.36, "Advanced NAS": 1.251, "MSI": 0.73, "PI20": 0.5, "AVG_WR": 60.416666666666664}, "\u8352\u539f\u904a\u4fe0": {"EIR": 23.58, "Advanced NAS": -0.4, "MSI": 0.75, "PI20": 0.5, "AVG_WR": 47.91666666666667}, "\u5143\u7d20\u6cd5\u5e2b": {"EIR": 20.86, "Advanced NAS": -0.4, "MSI": 0.8, "PI20": 0.42, "AVG_WR": 47.91666666666667}, "\u8352\u795e": {"EIR": 23.54, "Advanced NAS": -0.357, "MSI": 0.88, "PI20": 0.17, "AVG_WR": 48.333333333333336}, "\u661f\u795e": {"EIR": 16.68, "Advanced NAS": -1.009, "MSI": 0.78, "PI20": 0.25, "AVG_WR": 41.25}}, "combine_win_rate_table": {"\u8056\u9a0e\u58eb": {"\u6cd5\u5e2b": {"win": 10, "loss": 10, "draw": 0, "win_rate": 50.0}, "\u523a\u5ba2": {"win": 3, "loss": 17, "draw": 0, "win_rate": 15.0}, "\u5f13\u7bad\u624b": {"win": 11, "loss": 9, "draw": 0, "win_rate": 55.00000000000001}, "\u72c2\u6230\u58eb": {"win": 13, "loss": 7, "draw": 0, "win_rate": 65.0}, "\u9f8d\u795e": {"win": 4, "loss": 16, "draw": 0, "win_rate": 20.0}, "\u8840\u795e": {"win": 4, "loss": 16, "draw": 0, "win_rate": 20.0}, "\u525b\u6bc5\u6b66\u58eb": {"win": 0, "loss": 5, "draw": 15, "win_rate": 0.0}, "\u9be8\u541e": {"win": 18, "loss": 2, "draw": 0, "win_rate": 90.0}, "\u8352\u539f\u904a\u4fe0": {"win": 12, "loss": 8, "draw": 0, "win_rate": 60.0}, "\u5143\u7d20\u6cd5\u5e2b": {"win": 11, "loss": 9, "draw": 0, "win_rate": 55.00000000000001}, "\u8352\u795e": {"win": 9, "loss": 11, "draw": 0, "win_rate": 45.0}, "\u661f\u795e": {"win": 12, "loss": 8, "draw": 0, "win_rate": 60.0}}, "\u6cd5\u5e2b": {"\u8056\u9a0e\u58eb": {"win": 12, "loss": 8, "draw": 0, "win_rate": 60.0}, "\u523a\u5ba2": {"win": 11, "loss": 9, "draw": 0, "win_rate": 55.00000000000001}, "\u5f13\u7bad\u624b": {"win": 4, "loss": 16, "draw": 0, "win_rate": 20.0}, "\u72c2\u6230\u58eb": {"win": 10, "loss": 10, "draw": 0, "win_rate": 50.0}, "\u9f8d\u795e": {"win": 9, "loss": 11, "draw": 0, "win_rate": 45.0}, "\u8840\u795e": {"win": 0, "loss": 20, "draw": 0, "win_rate": 0.0}, "\u525b\u6bc5\u6b66\u58eb": {"win": 8, "loss": 12, "draw": 0, "win_rate": 40.0}, "\u9be8\u541e": {"win": 4, "loss": 16, "draw": 0, "win_rate": 20.0}, "\u8352\u539f\u904a\u4fe0": {"win": 10, "loss": 10, "draw": 0, "win_rate": 50.0}, "\u5143\u7d20\u6cd5\u5e2b": {"win": 7, "loss": 13, "draw": 0, "win_rate": 35.0}, "\u8352\u795e": {"win": 10, "loss": 10, "draw": 0, "win_rate": 50.0}, "\u661f\u795e": {"win": 18, "loss": 2, "draw": 0, "win_rate": 90.0}}, "\u523a\u5ba2": {"\u8056\u9a0e\u58eb": {"win": 16, "loss": 4, "draw": 0, "win_rate": 80.0}, "\u6cd5\u5e2b": {"win": 1, "loss": 19, "draw": 0, "win_rate": 5.0}, "\u5f13\u7bad\u624b": {"win": 9, "loss": 11, "draw": 0, "win_rate": 45.0}, "\u72c2\u6230\u58eb": {"win": 5, "loss": 15, "draw": 0, "win_rate": 25.0}, "\u9f8d\u795e": {"win": 7, "loss": 13, "draw": 0, "win_rate": 35.0}, "\u8840\u795e": {"win": 3, "loss": 17, "draw": 0, "win_rate": 15.0}, "\u525b\u6bc5\u6b66\u58eb": {"win": 12, "loss": 8, "draw": 0, "win_rate": 60.0}, "\u9be8\u541e": {"win": 10, "loss": 10, "draw": 0, "win_rate": 50.0}, "\u8352\u539f\u904a\u4fe0": {"win": 12, "loss": 8, "draw": 0, "win_rate": 60.0}, "\u5143\u7d20\u6cd5\u5e2b": {"win": 4, "loss": 16, "draw": 0, "win_rate": 20.0}, "\u8352\u795e": {"win": 10, "loss": 10, "draw": 0, "win_rate": 50.0}, "\u661f\u795e": {"win": 16, "loss": 4, "draw": 0, "win_rate": 80.0}}, "\u5f13\u7bad\u624b": {"\u8056\u9a0e\u58eb": {"win": 13, "loss": 7, "draw": 0, "win_rate": 65.0}, "\u6cd5\u5e2b": {"win": 11, "loss": 9, "draw": 0, "win_rate": 55.00000000000001}, "\u523a\u5ba2": {"win": 14, "loss": 6, "draw": 0, "win_rate": 70.0}, "\u72c2\u6230\u58eb": {"win": 14, "loss": 6, "draw": 0, "win_rate": 70.0}, "\u9f8d\u795e": {"win": 9, "loss": 11, "draw": 0, "win_rate": 45.0}, "\u8840\u795e": {"win": 18, "loss": 2, "draw": 0, "win_rate": 90.0}, "\u525b\u6bc5\u6b66\u58eb": {"win": 19, "loss": 1, "draw": 0, "win_rate": 95.0}, "\u9be8\u541e": {"win": 8, "loss": 12, "draw": 0, "win_rate": 40.0}, "\u8352\u539f\u904a\u4fe0": {"win": 3, "loss": 17, "draw": 0, "win_rate": 15.0}, "\u5143\u7d20\u6cd5\u5e2b": {"win": 11, "loss": 9, "draw": 0, "win_rate": 55.00000000000001}, "\u8352\u795e": {"win": 14, "loss": 6, "draw": 0, "win_rate": 70.0}, "\u661f\u795e": {"win": 13, "loss": 7, "draw": 0, "win_rate": 65.0}}, "\u72c2\u6230\u58eb": {"\u8056\u9a0e\u58eb": {"win": 10, "loss": 10, "draw": 0, "win_rate": 50.0}, "\u6cd5\u5e2b": {"win": 8, "loss": 12, "draw": 0, "win_rate": 40.0}, "\u523a\u5ba2": {"win": 17, "loss": 3, "draw": 0, "win_rate": 85.0}, "\u5f13\u7bad\u624b": {"win": 8, "loss": 12, "draw": 0, "win_rate": 40.0}, "\u9f8d\u795e": {"win": 12, "loss": 8, "draw": 0, "win_rate": 60.0}, "\u8840\u795e": {"win": 1, "loss": 19, "draw": 0, "win_rate": 5.0}, "\u525b\u6bc5\u6b66\u58eb": {"win": 9, "loss": 11, "draw": 0, "win_rate": 45.0}, "\u9be8\u541e": {"win": 8, "loss": 12, "draw": 0, "win_rate": 40.0}, "\u8352\u539f\u904a\u4fe0": {"win": 10, "loss": 10, "draw": 0, "win_rate": 50.0}, "\u5143\u7d20\u6cd5\u5e2b": {"win": 12, "loss": 8, "draw": 0, "win_rate": 60.0}, "\u8352\u795e": {"win": 11, "loss": 9, "draw": 0, "win_rate": 55.00000000000001}, "\u661f\u795e": {"win": 11, "loss": 9, "draw": 0, "win_rate": 55.00000000000001}}, "\u9f8d\u795e": {"\u8056\u9a0e\u58eb": {"win": 20, "loss": 0, "draw": 0, "win_rate": 100.0}, "\u6cd5\u5e2b": {"win": 9, "loss": 11, "draw": 0, "win_rate": 45.0}, "\u523a\u5ba2": {"win": 15, "loss": 5, "draw": 0, "win_rate": 75.0}, "\u5f13\u7bad\u624b": {"win": 7, "loss": 13, "draw": 0, "win_rate": 35.0}, "\u72c2\u6230\u58eb": {"win": 7, "loss": 13, "draw": 0, "win_rate": 35.0}, "\u8840\u795e": {"win": 1, "loss": 19, "draw": 0, "win_rate": 5.0}, "\u525b\u6bc5\u6b66\u58eb": {"win": 3, "loss": 17, "draw": 0, "win_rate": 15.0}, "\u9be8\u541e": {"win": 15, "loss": 5, "draw": 0, "win_rate": 75.0}, "\u8352\u539f\u904a\u4fe0": {"win": 14, "loss": 6, "draw": 0, "win_rate": 70.0}, "\u5143\u7d20\u6cd5\u5e2b": {"win": 10, "loss": 10, "draw": 0, "win_rate": 50.0}, "\u8352\u795e": {"win": 6, "loss": 14, "draw": 0, "win_rate": 30.0}, "\u661f\u795e": {"win": 7, "loss": 13, "draw": 0, "win_rate": 35.0}}, "\u8840\u795e": {"\u8056\u9a0e\u58eb": {"win": 14, "loss": 6, "draw": 0, "win_rate": 70.0}, "\u6cd5\u5e2b": {"win": 20, "loss": 0, "draw": 0, "win_rate": 100.0}, "\u523a\u5ba2": {"win": 20, "loss": 0, "draw": 0, "win_rate": 100.0}, "\u5f13\u7bad\u624b": {"win": 1, "loss": 19, "draw": 0, "win_rate": 5.0}, "\u72c2\u6230\u58eb": {"win": 19, "loss": 1, "draw": 0, "win_rate": 95.0}, "\u9f8d\u795e": {"win": 18, "loss": 2, "draw": 0, "win_rate": 90.0}, "\u525b\u6bc5\u6b66\u58eb": {"win": 15, "loss": 5, "draw": 0, "win_rate": 75.0}, "\u9be8\u541e": {"win": 4, "loss": 16, "draw": 0, "win_rate": 20.0}, "\u8352\u539f\u904a\u4fe0": {"win": 18, "loss": 2, "draw": 0, "win_rate": 90.0}, "\u5143\u7d20\u6cd5\u5e2b": {"win": 19, "loss": 1, "draw": 0, "win_rate": 95.0}, "\u8352\u795e": {"win": 10, "loss": 10, "draw": 0, "win_rate": 50.0}, "\u661f\u795e": {"win": 1, "loss": 19, "draw": 0, "win_rate": 5.0}},