{"data": {"env_evaluation": {"ehi": 0.867, "esi": 0.985, "mpi": 0.42, "avg_rounds": 6.578205128205128}, "profession_evaluation": {"\u8056\u9a0e\u58eb": {"EIR": 18.0, "Advanced NAS": -1.121, "MSI": 0.79, "PI20": 0.33, "AVG_WR": 41.724137931034484}, "\u6cd5\u5e2b": {"EIR": 18.69, "Advanced NAS": -0.912, "MSI": 0.72, "PI20": 0.58, "AVG_WR": 43.666666666666664}, "\u523a\u5ba2": {"EIR": 25.68, "Advanced NAS": -0.078, "MSI": 0.82, "PI20": 0.33, "AVG_WR": 49.833333333333336}, "\u5f13\u7bad\u624b": {"EIR": 29.19, "Advanced NAS": 0.635, "MSI": 0.75, "PI20": 0.33, "AVG_WR": 54.166666666666664}, "\u72c2\u6230\u58eb": {"EIR": 18.28, "Advanced NAS": -0.972, "MSI": 0.85, "PI20": 0.33, "AVG_WR": 43.166666666666664}, "\u9f8d\u795e": {"EIR": 21.96, "Advanced NAS": -0.529, "MSI": 0.75, "PI20": 0.25, "AVG_WR": 46.666666666666664}, "\u8840\u795e": {"EIR": 33.38, "Advanced NAS": 1.378, "MSI": 0.66, "PI20": 0.67, "AVG_WR": 57.99999999999999}, "\u525b\u6bc5\u6b66\u58eb": {"EIR": 15.97, "Advanced NAS": -1.114, "MSI": 0.76, "PI20": 0.5, "AVG_WR": 41.70940170940171}, "\u9be8\u541e": {"EIR": 35.92, "Advanced NAS": 1.857, "MSI": 0.75, "PI20": 0.5, "AVG_WR": 60.16666666666667}, "\u8352\u539f\u904a\u4fe0": {"EIR": 28.46, "Advanced NAS": 0.291, "MSI": 0.8, "PI20": 0.33, "AVG_WR": 52.166666666666664}, "\u5143\u7d20\u6cd5\u5e2b": {"EIR": 23.57, "Advanced NAS": -0.201, "MSI": 0.81, "PI20": 0.33, "AVG_WR": 49.0}, "\u8352\u795e": {"EIR": 20.98, "Advanced NAS": -0.683, "MSI": 0.78, "PI20": 0.33, "AVG_WR": 45.5}, "\u661f\u795e": {"EIR": 32.17, "Advanced NAS": 1.449, "MSI": 0.68, "PI20": 0.58, "AVG_WR": 58.333333333333336}}, "combine_win_rate_table": {"\u8056\u9a0e\u58eb": {"\u6cd5\u5e2b": {"win": 29, "loss": 21, "draw": 0, "win_rate": 57.99999999999999}, "\u523a\u5ba2": {"win": 14, "loss": 36, "draw": 0, "win_rate": 28.000000000000004}, "\u5f13\u7bad\u624b": {"win": 37, "loss": 13, "draw": 0, "win_rate": 74.0}, "\u72c2\u6230\u58eb": {"win": 21, "loss": 29, "draw": 0, "win_rate": 42.0}, "\u9f8d\u795e": {"win": 2, "loss": 48, "draw": 0, "win_rate": 4.0}, "\u8840\u795e": {"win": 19, "loss": 31, "draw": 0, "win_rate": 38.0}, "\u525b\u6bc5\u6b66\u58eb": {"win": 14, "loss": 16, "draw": 20, "win_rate": 46.666666666666664}, "\u9be8\u541e": {"win": 41, "loss": 9, "draw": 0, "win_rate": 82.0}, "\u8352\u539f\u904a\u4fe0": {"win": 14, "loss": 36, "draw": 0, "win_rate": 28.000000000000004}, "\u5143\u7d20\u6cd5\u5e2b": {"win": 23, "loss": 27, "draw": 0, "win_rate": 46.0}, "\u8352\u795e": {"win": 18, "loss": 32, "draw": 0, "win_rate": 36.0}, "\u661f\u795e": {"win": 10, "loss": 40, "draw": 0, "win_rate": 20.0}}, "\u6cd5\u5e2b": {"\u8056\u9a0e\u58eb": {"win": 23, "loss": 27, "draw": 0, "win_rate": 46.0}, "\u523a\u5ba2": {"win": 40, "loss": 10, "draw": 0, "win_rate": 80.0}, "\u5f13\u7bad\u624b": {"win": 18, "loss": 32, "draw": 0, "win_rate": 36.0}, "\u72c2\u6230\u58eb": {"win": 35, "loss": 15, "draw": 0, "win_rate": 70.0}, "\u9f8d\u795e": {"win": 16, "loss": 34, "draw": 0, "win_rate": 32.0}, "\u8840\u795e": {"win": 0, "loss": 50, "draw": 0, "win_rate": 0.0}, "\u525b\u6bc5\u6b66\u58eb": {"win": 3, "loss": 47, "draw": 0, "win_rate": 6.0}, "\u9be8\u541e": {"win": 4, "loss": 46, "draw": 0, "win_rate": 8.0}, "\u8352\u539f\u904a\u4fe0": {"win": 18, "loss": 32, "draw": 0, "win_rate": 36.0}, "\u5143\u7d20\u6cd5\u5e2b": {"win": 29, "loss": 21, "draw": 0, "win_rate": 57.99999999999999}, "\u8352\u795e": {"win": 35, "loss": 15, "draw": 0, "win_rate": 70.0}, "\u661f\u795e": {"win": 41, "loss": 9, "draw": 0, "win_rate": 82.0}}, "\u523a\u5ba2": {"\u8056\u9a0e\u58eb": {"win": 32, "loss": 18, "draw": 0, "win_rate": 64.0}, "\u6cd5\u5e2b": {"win": 13, "loss": 37, "draw": 0, "win_rate": 26.0}, "\u5f13\u7bad\u624b": {"win": 25, "loss": 25, "draw": 0, "win_rate": 50.0}, "\u72c2\u6230\u58eb": {"win": 23, "loss": 27, "draw": 0, "win_rate": 46.0}, "\u9f8d\u795e": {"win": 19, "loss": 31, "draw": 0, "win_rate": 38.0}, "\u8840\u795e": {"win": 7, "loss": 43, "draw": 0, "win_rate": 14.000000000000002}, "\u525b\u6bc5\u6b66\u58eb": {"win": 37, "loss": 13, "draw": 0, "win_rate": 74.0}, "\u9be8\u541e": {"win": 30, "loss": 20, "draw": 0, "win_rate": 60.0}, "\u8352\u539f\u904a\u4fe0": {"win": 31, "loss": 19, "draw": 0, "win_rate": 62.0}, "\u5143\u7d20\u6cd5\u5e2b": {"win": 25, "loss": 25, "draw": 0, "win_rate": 50.0}, "\u8352\u795e": {"win": 19, "loss": 31, "draw": 0, "win_rate": 38.0}, "\u661f\u795e": {"win": 38, "loss": 12, "draw": 0, "win_rate": 76.0}}, "\u5f13\u7bad\u624b": {"\u8056\u9a0e\u58eb": {"win": 6, "loss": 44, "draw": 0, "win_rate": 12.0}, "\u6cd5\u5e2b": {"win": 29, "loss": 21, "draw": 0, "win_rate": 57.99999999999999}, "\u523a\u5ba2": {"win": 30, "loss": 20, "draw": 0, "win_rate": 60.0}, "\u72c2\u6230\u58eb": {"win": 32, "loss": 18, "draw": 0, "win_rate": 64.0}, "\u9f8d\u795e": {"win": 27, "loss": 23, "draw": 0, "win_rate": 54.0}, "\u8840\u795e": {"win": 47, "loss": 3, "draw": 0, "win_rate": 94.0}, "\u525b\u6bc5\u6b66\u58eb": {"win": 50, "loss": 0, "draw": 0, "win_rate": 100.0}, "\u9be8\u541e": {"win": 9, "loss": 41, "draw": 0, "win_rate": 18.0}, "\u8352\u539f\u904a\u4fe0": {"win": 20, "loss": 30, "draw": 0, "win_rate": 40.0}, "\u5143\u7d20\u6cd5\u5e2b": {"win": 23, "loss": 27, "draw": 0, "win_rate": 46.0}, "\u8352\u795e": {"win": 30, "loss": 20, "draw": 0, "win_rate": 60.0}, "\u661f\u795e": {"win": 22, "loss": 28, "draw": 0, "win_rate": 44.0}}, "\u72c2\u6230\u58eb": {"\u8056\u9a0e\u58eb": {"win": 32, "loss": 18, "draw": 0, "win_rate": 64.0}, "\u6cd5\u5e2b": {"win": 16, "loss": 34, "draw": 0, "win_rate": 32.0}, "\u523a\u5ba2": {"win": 16, "loss": 34, "draw": 0, "win_rate": 32.0}, "\u5f13\u7bad\u624b": {"win": 21, "loss": 29, "draw": 0, "win_rate": 42.0}, "\u9f8d\u795e": {"win": 23, "loss": 27, "draw": 0, "win_rate": 46.0}, "\u8840\u795e": {"win": 10, "loss": 40, "draw": 0, "win_rate": 20.0}, "\u525b\u6bc5\u6b66\u58eb": {"win": 25, "loss": 25, "draw": 0, "win_rate": 50.0}, "\u9be8\u541e": {"win": 10, "loss": 40, "draw": 0, "win_rate": 20.0}, "\u8352\u539f\u904a\u4fe0": {"win": 28, "loss": 22, "draw": 0, "win_rate": 56.00000000000001}, "\u5143\u7d20\u6cd5\u5e2b": {"win": 17, "loss": 33, "draw": 0, "win_rate": 34.0}, "\u8352\u795e": {"win": 34, "loss": 16, "draw": 0, "win_rate": 68.0}, "\u661f\u795e": {"win": 27, "loss": 23, "draw": 0, "win_rate": 54.0}}, "\u9f8d\u795e": {"\u8056\u9a0e\u58eb": {"win": 47, "loss": 3, "draw": 0, "win_rate": 94.0}, "\u6cd5\u5e2b": {"win": 30, "loss": 20, "draw": 0, "win_rate": 60.0}, "\u523a\u5ba2": {"win": 32, "loss": 18, "draw": 0, "win_rate": 64.0}, "\u5f13\u7bad\u624b": {"win": 25, "loss": 25, "draw": 0, "win_rate": 50.0}, "\u72c2\u6230\u58eb": {"win": 32, "loss": 18, "draw": 0, "win_rate": 64.0}, "\u8840\u795e": {"win": 0, "loss": 50, "draw": 0, "win_rate": 0.0}, "\u525b\u6bc5\u6b66\u58eb": {"win": 16, "loss": 34, "draw": 0, "win_rate": 32.0}, "\u9be8\u541e": {"win": 24, "loss": 26, "draw": 0, "win_rate": 48.0}, "\u8352\u539f\u904a\u4fe0": {"win": 23, "loss": 27, "draw": 0, "win_rate": 46.0}, "\u5143\u7d20\u6cd5\u5e2b": {"win": 27, "loss": 23, "draw": 0, "win_rate": 54.0}, "\u8352\u795e": {"win": 24, "loss": 26, "draw": 0, "win_rate": 48.0}, "\u661f\u795e": {"win": 0, "loss": 50, "draw": 0, "win_rate": 0.0}}, "\u8840\u795e": {"\u8056\u9a0e\u58eb": {"win": 26, "loss": 24, "draw": 0, "win_rate": 52.0}, "\u6cd5\u5e2b": {"win": 50, "loss": 0, "draw": 0, "win_rate": 100.0}, "\u523a\u5ba2": {"win": 41, "loss": 9, "draw": 0, "win_rate": 82.0}, "\u5f13\u7bad\u624b": {"win": 4, "loss": 46, "draw": 0, "win_rate": 8.0}, "\u72c2\u6230\u58eb": {"win": 39, "loss": 11, "draw": 0, "win_rate": 78.0}, "\u9f8d\u795e": {"win": 50, "loss": 0, "draw": 0, "win_rate": 100.0}, "\u525b\u6bc5\u6b66\u58eb": {"win": 27, "loss": 23, "draw": 0, "win_rate": 54.0}, "\u9be8\u541e": {"win": 5, "loss": 45, "draw": 0, "win_rate": 10.0}, "\u8352\u539f\u904a\u4fe0": {"win": 40, "loss": 10, "draw": 0, "win_rate": 80.0}, "\u5143\u7d20\u6cd5\u5e2b": {"win": 42, "loss": 8, "draw": 0, "win_rate": 84.0}, "\u8352\u795e": {"win": 23,