{"data": {"env_evaluation": {"ehi": 0.88, "esi": 0.995, "mpi": 0.344, "avg_rounds": 8.770940170940172}, "profession_evaluation": {"\u8056\u9a0e\u58eb": {"EIR": 0.38, "Advanced NAS": -0.89, "MSI": 0.78, "PI20": 0.67, "AVG_WR": 41.66666666666667}, "\u6cd5\u5e2b": {"EIR": 0.43, "Advanced NAS": -0.099, "MSI": 0.71, "PI20": 0.5, "AVG_WR": 49.44444444444444}, "\u523a\u5ba2": {"EIR": 0.44, "Advanced NAS": -0.163, "MSI": 0.83, "PI20": 0.75, "AVG_WR": 48.888888888888886}, "\u5f13\u7bad\u624b": {"EIR": 0.32, "Advanced NAS": -1.215, "MSI": 0.63, "PI20": 0.25, "AVG_WR": 37.77777777777778}, "\u72c2\u6230\u58eb": {"EIR": 0.55, "Advanced NAS": 2.157, "MSI": 0.7, "PI20": 0.33, "AVG_WR": 63.888888888888886}, "\u9f8d\u795e": {"EIR": 0.44, "Advanced NAS": -0.099, "MSI": 0.75, "PI20": 0.5, "AVG_WR": 49.44444444444444}, "\u8840\u795e": {"EIR": 0.47, "Advanced NAS": -0.163, "MSI": 0.68, "PI20": 0.42, "AVG_WR": 48.888888888888886}, "\u525b\u6bc5\u6b66\u58eb": {"EIR": 0.38, "Advanced NAS": -0.987, "MSI": 0.74, "PI20": 0.5, "AVG_WR": 40.55555555555556}, "\u9be8\u541e": {"EIR": 0.47, "Advanced NAS": 0.314, "MSI": 0.69, "PI20": 0.5, "AVG_WR": 52.77777777777778}, "\u8352\u539f\u904a\u4fe0": {"EIR": 0.55, "Advanced NAS": 1.717, "MSI": 0.73, "PI20": 0.33, "AVG_WR": 61.66666666666667}, "\u5143\u7d20\u6cd5\u5e2b": {"EIR": 0.48, "Advanced NAS": 0.866, "MSI": 0.7, "PI20": 0.42, "AVG_WR": 56.666666666666664}, "\u8352\u795e": {"EIR": 0.39, "Advanced NAS": -0.406, "MSI": 0.66, "PI20": 0.25, "AVG_WR": 46.666666666666664}, "\u661f\u795e": {"EIR": 0.34, "Advanced NAS": -1.034, "MSI": 0.65, "PI20": 0.25, "AVG_WR": 40.0}}, "combine_win_rate_table": {"\u8056\u9a0e\u58eb": {"\u6cd5\u5e2b": {"win": 7, "loss": 8, "draw": 0, "win_rate": 46.666666666666664}, "\u523a\u5ba2": {"win": 3, "loss": 12, "draw": 0, "win_rate": 20.0}, "\u5f13\u7bad\u624b": {"win": 5, "loss": 10, "draw": 0, "win_rate": 33.33333333333333}, "\u72c2\u6230\u58eb": {"win": 5, "loss": 10, "draw": 0, "win_rate": 33.33333333333333}, "\u9f8d\u795e": {"win": 2, "loss": 13, "draw": 0, "win_rate": 13.333333333333334}, "\u8840\u795e": {"win": 15, "loss": 0, "draw": 0, "win_rate": 100.0}, "\u525b\u6bc5\u6b66\u58eb": {"win": 6, "loss": 9, "draw": 0, "win_rate": 40.0}, "\u9be8\u541e": {"win": 9, "loss": 6, "draw": 0, "win_rate": 60.0}, "\u8352\u539f\u904a\u4fe0": {"win": 5, "loss": 10, "draw": 0, "win_rate": 33.33333333333333}, "\u5143\u7d20\u6cd5\u5e2b": {"win": 6, "loss": 9, "draw": 0, "win_rate": 40.0}, "\u8352\u795e": {"win": 3, "loss": 12, "draw": 0, "win_rate": 20.0}, "\u661f\u795e": {"win": 9, "loss": 6, "draw": 0, "win_rate": 60.0}}, "\u6cd5\u5e2b": {"\u8056\u9a0e\u58eb": {"win": 4, "loss": 11, "draw": 0, "win_rate": 26.666666666666668}, "\u523a\u5ba2": {"win": 7, "loss": 8, "draw": 0, "win_rate": 46.666666666666664}, "\u5f13\u7bad\u624b": {"win": 12, "loss": 3, "draw": 0, "win_rate": 80.0}, "\u72c2\u6230\u58eb": {"win": 7, "loss": 8, "draw": 0, "win_rate": 46.666666666666664}, "\u9f8d\u795e": {"win": 9, "loss": 6, "draw": 0, "win_rate": 60.0}, "\u8840\u795e": {"win": 0, "loss": 15, "draw": 0, "win_rate": 0.0}, "\u525b\u6bc5\u6b66\u58eb": {"win": 11, "loss": 4, "draw": 0, "win_rate": 73.33333333333333}, "\u9be8\u541e": {"win": 0, "loss": 15, "draw": 0, "win_rate": 0.0}, "\u8352\u539f\u904a\u4fe0": {"win": 9, "loss": 6, "draw": 0, "win_rate": 60.0}, "\u5143\u7d20\u6cd5\u5e2b": {"win": 5, "loss": 10, "draw": 0, "win_rate": 33.33333333333333}, "\u8352\u795e": {"win": 10, "loss": 5, "draw": 0, "win_rate": 66.66666666666666}, "\u661f\u795e": {"win": 15, "loss": 0, "draw": 0, "win_rate": 100.0}}, "\u523a\u5ba2": {"\u8056\u9a0e\u58eb": {"win": 5, "loss": 10, "draw": 0, "win_rate": 33.33333333333333}, "\u6cd5\u5e2b": {"win": 9, "loss": 6, "draw": 0, "win_rate": 60.0}, "\u5f13\u7bad\u624b": {"win": 9, "loss": 6, "draw": 0, "win_rate": 60.0}, "\u72c2\u6230\u58eb": {"win": 5, "loss": 10, "draw": 0, "win_rate": 33.33333333333333}, "\u9f8d\u795e": {"win": 6, "loss": 9, "draw": 0, "win_rate": 40.0}, "\u8840\u795e": {"win": 10, "loss": 5, "draw": 0, "win_rate": 66.66666666666666}, "\u525b\u6bc5\u6b66\u58eb": {"win": 4, "loss": 11, "draw": 0, "win_rate": 26.666666666666668}, "\u9be8\u541e": {"win": 7, "loss": 8, "draw": 0, "win_rate": 46.666666666666664}, "\u8352\u539f\u904a\u4fe0": {"win": 4, "loss": 11, "draw": 0, "win_rate": 26.666666666666668}, "\u5143\u7d20\u6cd5\u5e2b": {"win": 10, "loss": 5, "draw": 0, "win_rate": 66.66666666666666}, "\u8352\u795e": {"win": 7, "loss": 8, "draw": 0, "win_rate": 46.666666666666664}, "\u661f\u795e": {"win": 12, "loss": 3, "draw": 0, "win_rate": 80.0}}, "\u5f13\u7bad\u624b": {"\u8056\u9a0e\u58eb": {"win": 8, "loss": 7, "draw": 0, "win_rate": 53.333333333333336}, "\u6cd5\u5e2b": {"win": 2, "loss": 13, "draw": 0, "win_rate": 13.333333333333334}, "\u523a\u5ba2": {"win": 8, "loss": 7, "draw": 0, "win_rate": 53.333333333333336}, "\u72c2\u6230\u58eb": {"win": 1, "loss": 14, "draw": 0, "win_rate": 6.666666666666667}, "\u9f8d\u795e": {"win": 1, "loss": 14, "draw": 0, "win_rate": 6.666666666666667}, "\u8840\u795e": {"win": 15, "loss": 0, "draw": 0, "win_rate": 100.0}, "\u525b\u6bc5\u6b66\u58eb": {"win": 15, "loss": 0, "draw": 0, "win_rate": 100.0}, "\u9be8\u541e": {"win": 5, "loss": 10, "draw": 0, "win_rate": 33.33333333333333}, "\u8352\u539f\u904a\u4fe0": {"win": 0, "loss": 15, "draw": 0, "win_rate": 0.0}, "\u5143\u7d20\u6cd5\u5e2b": {"win": 0, "loss": 15, "draw": 0, "win_rate": 0.0}, "\u8352\u795e": {"win": 12, "loss": 3, "draw": 0, "win_rate": 80.0}, "\u661f\u795e": {"win": 1, "loss": 14, "draw": 0, "win_rate": 6.666666666666667}}, "\u72c2\u6230\u58eb": {"\u8056\u9a0e\u58eb": {"win": 9, "loss": 6, "draw": 0, "win_rate": 60.0}, "\u6cd5\u5e2b": {"win": 9, "loss": 6, "draw": 0, "win_rate": 60.0}, "\u523a\u5ba2": {"win": 14, "loss": 1, "draw": 0, "win_rate": 93.33333333333333}, "\u5f13\u7bad\u624b": {"win": 14, "loss": 1, "draw": 0, "win_rate": 93.33333333333333}, "\u9f8d\u795e": {"win": 7, "loss": 8, "draw": 0, "win_rate": 46.666666666666664}, "\u8840\u795e": {"win": 8, "loss": 7, "draw": 0, "win_rate": 53.333333333333336}, "\u525b\u6bc5\u6b66\u58eb": {"win": 6, "loss": 9, "draw": 0, "win_rate": 40.0}, "\u9be8\u541e": {"win": 1, "loss": 14, "draw": 0, "win_rate": 6.666666666666667}, "\u8352\u539f\u904a\u4fe0": {"win": 4, "loss": 11, "draw": 0, "win_rate": 26.666666666666668}, "\u5143\u7d20\u6cd5\u5e2b": {"win": 13, "loss": 2, "draw": 0, "win_rate": 86.66666666666667}, "\u8352\u795e": {"win": 15, "loss": 0, "draw": 0, "win_rate": 100.0}, "\u661f\u795e": {"win": 15, "loss": 0, "draw": 0, "win_rate": 100.0}}, "\u9f8d\u795e": {"\u8056\u9a0e\u58eb": {"win": 10, "loss": 5, "draw": 0, "win_rate": 66.66666666666666}, "\u6cd5\u5e2b": {"win": 3, "loss": 12, "draw": 0, "win_rate": 20.0}, "\u523a\u5ba2": {"win": 9, "loss": 6, "draw": 0, "win_rate": 60.0}, "\u5f13\u7bad\u624b": {"win": 12, "loss": 3, "draw": 0, "win_rate": 80.0}, "\u72c2\u6230\u58eb": {"win": 4, "loss": 11, "draw": 0, "win_rate": 26.666666666666668}, "\u8840\u795e": {"win": 5, "loss": 10, "draw": 0, "win_rate": 33.33333333333333}, "\u525b\u6bc5\u6b66\u58eb": {"win": 6, "loss": 9, "draw": 0, "win_rate": 40.0}, "\u9be8\u541e": {"win": 12, "loss": 3, "draw": 0, "win_rate": 80.0}, "\u8352\u539f\u904a\u4fe0": {"win": 6, "loss": 9, "draw": 0, "win_rate": 40.0}, "\u5143\u7d20\u6cd5\u5e2b": {"win": 10, "loss": 5, "draw": 0, "win_rate": 66.66666666666666}, "\u8352\u795e": {"win": 12, "loss": 3, "draw": 0, "win_rate": 80.0}, "\u661f\u795e": {"win": 0, "loss": 15, "draw": 0, "win_rate": 0.0}}, "\u8840\u795e": {"\u8056\u9a0e\u58eb": {"win": 3, "loss": 12, "draw": 0, "win_rate": 20.0}, "\u6cd5\u5e2b": {"win": 14, "loss": 1, "draw": 0, "win_rate": 93.33333333333333}, "\u523a\u5ba2": {"win": 9, "loss": 6, "draw": 0, "win_rate": 60.0}, "\u5f13\u7bad\u624b": {"win": 0, "loss": 15, "draw": 0, "win_rate": 0.0}, "\u72c2\u6230\u58eb": {"win": 6, "loss": 9, "draw": 0, "win_rate": 40.0}, "\u9f8d\u795e": {"win": 9, "loss": 6, "draw": 0, "win_rate": 60.0},