{"data": {"env_evaluation": {"ehi": 0.927, "esi": 0.988, "mpi": 0.5, "avg_rounds": 7.882692307692308}, "profession_evaluation": {"\u8056\u9a0e\u58eb": {"EIR": 3.24, "Advanced NAS": -0.814, "MSI": 0.74, "PI20": 0.5, "AVG_WR": 27.73109243697479}, "\u6cd5\u5e2b": {"EIR": 32.27, "Advanced NAS": -0.082, "MSI": 0.69, "PI20": 0.58, "AVG_WR": 55.00000000000001}, "\u523a\u5ba2": {"EIR": 28.11, "Advanced NAS": -0.046, "MSI": 0.67, "PI20": 0.75, "AVG_WR": 55.833333333333336}, "\u5f13\u7bad\u624b": {"EIR": 20.91, "Advanced NAS": -0.567, "MSI": 0.72, "PI20": 0.58, "AVG_WR": 40.0}, "\u72c2\u6230\u58eb": {"EIR": 28.41, "Advanced NAS": -0.183, "MSI": 0.79, "PI20": 0.5, "AVG_WR": 52.5}, "\u9f8d\u795e": {"EIR": 58.56, "Advanced NAS": 3.361, "MSI": 0.89, "PI20": 0.0, "AVG_WR": 85.83333333333333}, "\u8840\u795e": {"EIR": 30.53, "Advanced NAS": -0.117, "MSI": 0.62, "PI20": 0.75, "AVG_WR": 54.166666666666664}, "\u525b\u6bc5\u6b66\u58eb": {"EIR": 20.41, "Advanced NAS": -0.194, "MSI": 0.71, "PI20": 0.5, "AVG_WR": 52.10084033613446}, "\u9be8\u541e": {"EIR": 16.13, "Advanced NAS": -0.504, "MSI": 0.71, "PI20": 0.67, "AVG_WR": 42.5}, "\u8352\u539f\u904a\u4fe0": {"EIR": 34.7, "Advanced NAS": 0.071, "MSI": 0.71, "PI20": 0.67, "AVG_WR": 58.333333333333336}, "\u5143\u7d20\u6cd5\u5e2b": {"EIR": 19.85, "Advanced NAS": -0.385, "MSI": 0.67, "PI20": 0.75, "AVG_WR": 46.666666666666664}, "\u8352\u795e": {"EIR": 16.89, "Advanced NAS": -0.458, "MSI": 0.64, "PI20": 0.83, "AVG_WR": 44.166666666666664}, "\u661f\u795e": {"EIR": 25.0, "Advanced NAS": -0.082, "MSI": 0.69, "PI20": 0.83, "AVG_WR": 55.00000000000001}}, "combine_win_rate_table": {"\u8056\u9a0e\u58eb": {"\u6cd5\u5e2b": {"win": 2, "loss": 8, "draw": 0, "win_rate": 20.0}, "\u523a\u5ba2": {"win": 1, "loss": 9, "draw": 0, "win_rate": 10.0}, "\u5f13\u7bad\u624b": {"win": 6, "loss": 4, "draw": 0, "win_rate": 60.0}, "\u72c2\u6230\u58eb": {"win": 5, "loss": 5, "draw": 0, "win_rate": 50.0}, "\u9f8d\u795e": {"win": 0, "loss": 10, "draw": 0, "win_rate": 0.0}, "\u8840\u795e": {"win": 3, "loss": 7, "draw": 0, "win_rate": 30.0}, "\u525b\u6bc5\u6b66\u58eb": {"win": 3, "loss": 6, "draw": 1, "win_rate": 33.33333333333333}, "\u9be8\u541e": {"win": 9, "loss": 1, "draw": 0, "win_rate": 90.0}, "\u8352\u539f\u904a\u4fe0": {"win": 0, "loss": 10, "draw": 0, "win_rate": 0.0}, "\u5143\u7d20\u6cd5\u5e2b": {"win": 2, "loss": 8, "draw": 0, "win_rate": 20.0}, "\u8352\u795e": {"win": 0, "loss": 10, "draw": 0, "win_rate": 0.0}, "\u661f\u795e": {"win": 2, "loss": 8, "draw": 0, "win_rate": 20.0}}, "\u6cd5\u5e2b": {"\u8056\u9a0e\u58eb": {"win": 9, "loss": 1, "draw": 0, "win_rate": 90.0}, "\u523a\u5ba2": {"win": 9, "loss": 1, "draw": 0, "win_rate": 90.0}, "\u5f13\u7bad\u624b": {"win": 4, "loss": 6, "draw": 0, "win_rate": 40.0}, "\u72c2\u6230\u58eb": {"win": 5, "loss": 5, "draw": 0, "win_rate": 50.0}, "\u9f8d\u795e": {"win": 2, "loss": 8, "draw": 0, "win_rate": 20.0}, "\u8840\u795e": {"win": 0, "loss": 10, "draw": 0, "win_rate": 0.0}, "\u525b\u6bc5\u6b66\u58eb": {"win": 7, "loss": 3, "draw": 0, "win_rate": 70.0}, "\u9be8\u541e": {"win": 1, "loss": 9, "draw": 0, "win_rate": 10.0}, "\u8352\u539f\u904a\u4fe0": {"win": 5, "loss": 5, "draw": 0, "win_rate": 50.0}, "\u5143\u7d20\u6cd5\u5e2b": {"win": 7, "loss": 3, "draw": 0, "win_rate": 70.0}, "\u8352\u795e": {"win": 8, "loss": 2, "draw": 0, "win_rate": 80.0}, "\u661f\u795e": {"win": 9, "loss": 1, "draw": 0, "win_rate": 90.0}}, "\u523a\u5ba2": {"\u8056\u9a0e\u58eb": {"win": 8, "loss": 2, "draw": 0, "win_rate": 80.0}, "\u6cd5\u5e2b": {"win": 3, "loss": 7, "draw": 0, "win_rate": 30.0}, "\u5f13\u7bad\u624b": {"win": 10, "loss": 0, "draw": 0, "win_rate": 100.0}, "\u72c2\u6230\u58eb": {"win": 5, "loss": 5, "draw": 0, "win_rate": 50.0}, "\u9f8d\u795e": {"win": 1, "loss": 9, "draw": 0, "win_rate": 10.0}, "\u8840\u795e": {"win": 0, "loss": 10, "draw": 0, "win_rate": 0.0}, "\u525b\u6bc5\u6b66\u58eb": {"win": 4, "loss": 6, "draw": 0, "win_rate": 40.0}, "\u9be8\u541e": {"win": 9, "loss": 1, "draw": 0, "win_rate": 90.0}, "\u8352\u539f\u904a\u4fe0": {"win": 6, "loss": 4, "draw": 0, "win_rate": 60.0}, "\u5143\u7d20\u6cd5\u5e2b": {"win": 3, "loss": 7, "draw": 0, "win_rate": 30.0}, "\u8352\u795e": {"win": 9, "loss": 1, "draw": 0, "win_rate": 90.0}, "\u661f\u795e": {"win": 9, "loss": 1, "draw": 0, "win_rate": 90.0}}, "\u5f13\u7bad\u624b": {"\u8056\u9a0e\u58eb": {"win": 1, "loss": 9, "draw": 0, "win_rate": 10.0}, "\u6cd5\u5e2b": {"win": 1, "loss": 9, "draw": 0, "win_rate": 10.0}, "\u523a\u5ba2": {"win": 4, "loss": 6, "draw": 0, "win_rate": 40.0}, "\u72c2\u6230\u58eb": {"win": 3, "loss": 7, "draw": 0, "win_rate": 30.0}, "\u9f8d\u795e": {"win": 3, "loss": 7, "draw": 0, "win_rate": 30.0}, "\u8840\u795e": {"win": 8, "loss": 2, "draw": 0, "win_rate": 80.0}, "\u525b\u6bc5\u6b66\u58eb": {"win": 9, "loss": 1, "draw": 0, "win_rate": 90.0}, "\u9be8\u541e": {"win": 4, "loss": 6, "draw": 0, "win_rate": 40.0}, "\u8352\u539f\u904a\u4fe0": {"win": 1, "loss": 9, "draw": 0, "win_rate": 10.0}, "\u5143\u7d20\u6cd5\u5e2b": {"win": 7, "loss": 3, "draw": 0, "win_rate": 70.0}, "\u8352\u795e": {"win": 6, "loss": 4, "draw": 0, "win_rate": 60.0}, "\u661f\u795e": {"win": 1, "loss": 9, "draw": 0, "win_rate": 10.0}}, "\u72c2\u6230\u58eb": {"\u8056\u9a0e\u58eb": {"win": 8, "loss": 2, "draw": 0, "win_rate": 80.0}, "\u6cd5\u5e2b": {"win": 3, "loss": 7, "draw": 0, "win_rate": 30.0}, "\u523a\u5ba2": {"win": 4, "loss": 6, "draw": 0, "win_rate": 40.0}, "\u5f13\u7bad\u624b": {"win": 6, "loss": 4, "draw": 0, "win_rate": 60.0}, "\u9f8d\u795e": {"win": 3, "loss": 7, "draw": 0, "win_rate": 30.0}, "\u8840\u795e": {"win": 7, "loss": 3, "draw": 0, "win_rate": 70.0}, "\u525b\u6bc5\u6b66\u58eb": {"win": 4, "loss": 6, "draw": 0, "win_rate": 40.0}, "\u9be8\u541e": {"win": 3, "loss": 7, "draw": 0, "win_rate": 30.0}, "\u8352\u539f\u904a\u4fe0": {"win": 4, "loss": 6, "draw": 0, "win_rate": 40.0}, "\u5143\u7d20\u6cd5\u5e2b": {"win": 4, "loss": 6, "draw": 0, "win_rate": 40.0}, "\u8352\u795e": {"win": 9, "loss": 1, "draw": 0, "win_rate": 90.0}, "\u661f\u795e": {"win": 8, "loss": 2, "draw": 0, "win_rate": 80.0}}, "\u9f8d\u795e": {"\u8056\u9a0e\u58eb": {"win": 10, "loss": 0, "draw": 0, "win_rate": 100.0}, "\u6cd5\u5e2b": {"win": 9, "loss": 1, "draw": 0, "win_rate": 90.0}, "\u523a\u5ba2": {"win": 7, "loss": 3, "draw": 0, "win_rate": 70.0}, "\u5f13\u7bad\u624b": {"win": 7, "loss": 3, "draw": 0, "win_rate": 70.0}, "\u72c2\u6230\u58eb": {"win": 8, "loss": 2, "draw": 0, "win_rate": 80.0}, "\u8840\u795e": {"win": 8, "loss": 2, "draw": 0, "win_rate": 80.0}, "\u525b\u6bc5\u6b66\u58eb": {"win": 9, "loss": 1, "draw": 0, "win_rate": 90.0}, "\u9be8\u541e": {"win": 9, "loss": 1, "draw": 0, "win_rate": 90.0}, "\u8352\u539f\u904a\u4fe0": {"win": 9, "loss": 1, "draw": 0, "win_rate": 90.0}, "\u5143\u7d20\u6cd5\u5e2b": {"win": 10, "loss": 0, "draw": 0, "win_rate": 100.0}, "\u8352\u795e": {"win": 10, "loss": 0, "draw": 0, "win_rate": 100.0}, "\u661f\u795e": {"win": 7, "loss": 3, "draw": 0, "win_rate": 70.0}}, "\u8840\u795e": {"\u8056\u9a0e\u58eb": {"win": 8, "loss": 2, "draw": 0, "win_rate": 80.0}, "\u6cd5\u5e2b": {"win": 10, "loss": 0, "draw": 0, "win_rate": 100.0}, "\u523a\u5ba2": {"win": 9, "loss": 1, "draw": 0, "win_rate": 90.0}, "\u5f13\u7bad\u624b": {"win": 0, "loss": 10, "draw": 0, "win_rate": 0.0}, "\u72c2\u6230\u58eb": {"win": 2, "loss": 8, "draw": 0, "win_rate": 20.0}, "\u9f8d\u795e": {"win": 0, "loss": 10, "draw": 0, "win_rate": 0.0}, "\u525b\u6bc5\u6b66\u58eb": {"win": 7, "loss": 3, "draw": 0, "win_rate": 70.0}, "\u9be8\u541e": {"win": 8, "loss": 2, "draw": 0, "win_rate": 80.0}, "\u8352\u539f\u904a\u4fe0": {"win": 7, "loss": 3, "draw": 0, "win_rate": 70.0}, "\u5143\u7d20\u6cd5\u5e2b": {"win": 10, "loss": 0, "draw": 0, "win_rate": 100.0}, "\u8352\u795e": {"win": 4, "loss": 6, "draw": 0, "win_rate": 40.0}, "\u661f\u795e": {"win": 0, "loss": 10, "draw": 0, "win_rate": 0.0}}, "\u525b\u6bc5\u6b66\u58eb": {"\u8056\u9a0e\u58eb": {"win": 6, "loss": 3, "draw": 1, "win_rate": 66.66666666666666},