{"custom_metrics": {}, "episode_media": {}, "info": {"learner": {"shared_policy": {"learner_stats": {"allreduce_latency": 0.0, "grad_gnorm": 2.972570027150805, "cur_kl_coeff": 0.2, "cur_lr": 5.0000000000000016e-05, "total_loss": 4.562296148708889, "policy_loss": -0.014704882413661354, "vf_loss": 4.574040775702744, "vf_explained_var": 0.027699992297187684, "kl": 0.014801280196886023, "entropy": 0.9748070507453233, "entropy_coeff": 0.0}, "model": {}, "custom_metrics": {}, "num_agent_steps_trained": 126.98412698412699, "num_grad_updates_lifetime": 945.5, "diff_num_grad_updates_vs_sampler_policy": 944.5}}, "num_env_steps_sampled": 4000, "num_env_steps_trained": 4000, "num_agent_steps_sampled": 8000, "num_agent_steps_trained": 8000}, "env_runners": {"episode_reward_max": 0.0, "episode_reward_min": 0.0, "episode_reward_mean": 0.0, "episode_len_mean": 10.093434343434344, "episode_media": {}, "episodes_timesteps_total": 3997, "policy_reward_min": {"shared_policy": -3.0}, "policy_reward_max": {"shared_policy": 3.0}, "policy_reward_mean": {"shared_policy": 0.0}, "custom_metrics": {}, "hist_stats": {"episode_reward": [0.0, 0.0, 0.0, 0.0, 0.0, 0.0, 0.0, 0.0, 0.0, 0.0, 0.0, 0.0, 0.0, 0.0, 0.0, 0.0, 0.0, 0.0, 0.0, 0.0, 0.0, 0.0, 0.0, 0.0, 0.0, 0.0, 0.0, 0.0, 0.0, 0.0, 0.0, 0.0, 0.0, 0.0, 0.0, 0.0, 0.0, 0.0, 0.0, 0.0, 0.0, 0.0, 0.0, 0.0, 0.0, 0.0, 0.0, 0.0, 0.0, 0.0, 0.0, 0.0, 0.0, 0.0, 0.0, 0.0, 0.0, 0.0, 0.0, 0.0, 0.0, 0.0, 0.0, 0.0, 0.0, 0.0, 0.0, 0.0, 0.0, 0.0, 0.0, 0.0, 0.0, 0.0, 0.0, 0.0, 0.0, 0.0, 0.0, 0.0, 0.0, 0.0, 0.0, 0.0, 0.0, 0.0, 0.0, 0.0, 0.0, 0.0, 0.0, 0.0, 0.0, 0.0, 0.0, 0.0, 0.0, 0.0, 0.0, 0.0, 0.0, 0.0, 0.0, 0.0, 0.0, 0.0, 0.0, 0.0, 0.0, 0.0, 0.0, 0.0, 0.0, 0.0, 0.0, 0.0, 0.0, 0.0, 0.0, 0.0, 0.0, 0.0, 0.0, 0.0, 0.0, 0.0, 0.0, 0.0, 0.0, 0.0, 0.0, 0.0, 0.0, 0.0, 0.0, 0.0, 0.0, 0.0, 0.0, 0.0, 0.0, 0.0, 0.0, 0.0, 0.0, 0.0, 0.0, 0.0, 0.0, 0.0, 0.0, 0.0, 0.0, 0.0, 0.0, 0.0, 0.0, 0.0, 0.0, 0.0, 0.0, 0.0, 0.0, 0.0, 0.0, 0.0, 0.0, 0.0, 0.0, 0.0, 0.0, 0.0, 0.0, 0.0, 0.0, 0.0, 0.0, 0.0, 0.0, 0.0, 0.0, 0.0, 0.0, 0.0, 0.0, 0.0, 0.0, 0.0, 0.0, 0.0, 0.0, 0.0, 0.0, 0.0, 0.0, 0.0, 0.0, 0.0, 0.0, 0.0, 0.0, 0.0, 0.0, 0.0, 0.0, 0.0, 0.0, 0.0, 0.0, 0.0, 0.0, 0.0, 0.0, 0.0, 0.0, 0.0, 0.0, 0.0, 0.0, 0.0, 0.0, 0.0, 0.0, 0.0, 0.0, 0.0, 0.0, 0.0, 0.0, 0.0, 0.0, 0.0, 0.0, 0.0, 0.0, 0.0, 0.0, 0.0, 0.0, 0.0, 0.0, 0.0, 0.0, 0.0, 0.0, 0.0, 0.0, 0.0, 0.0, 0.0, 0.0, 0.0, 0.0, 0.0, 0.0, 0.0, 0.0, 0.0, 0.0, 0.0, 0.0, 0.0, 0.0, 0.0, 0.0, 0.0, 0.0, 0.0, 0.0, 0.0, 0.0, 0.0, 0.0, 0.0, 0.0, 0.0, 0.0, 0.0, 0.0, 0.0, 0.0, 0.0, 0.0, 0.0, 0.0, 0.0, 0.0, 0.0, 0.0, 0.0, 0.0, 0.0, 0.0, 0.0, 0.0, 0.0, 0.0, 0.0, 0.0, 0.0, 0.0, 0.0, 0.0, 0.0, 0.0, 0.0, 0.0, 0.0, 0.0, 0.0, 0.0, 0.0, 0.0, 0.0, 0.0, 0.0, 0.0, 0.0, 0.0, 0.0, 0.0, 0.0, 0.0, 0.0, 0.0, 0.0, 0.0, 0.0, 0.0, 0.0, 0.0, 0.0, 0.0, 0.0, 0.0, 0.0, 0.0, 0.0, 0.0, 0.0, 0.0, 0.0, 0.0, 0.0, 0.0, 0.0, 0.0, 0.0, 0.0, 0.0, 0.0, 0.0, 0.0, 0.0, 0.0, 0.0, 0.0, 0.0, 0.0, 0.0, 0.0, 0.0, 0.0, 0.0, 0.0, 0.0, 0.0, 0.0, 0.0, 0.0, 0.0, 0.0, 0.0, 0.0, 0.0, 0.0, 0.0, 0.0, 0.0, 0.0, 0.0, 0.0, 0.0, 0.0, 0.0, 0.0, 0.0, 0.0, 0.0, 0.0, 0.0, 0.0, 0.0, 0.0, 0.0, 0.0], "episode_lengths": [4, 7, 5, 15, 5, 6, 7, 12, 4, 8, 3, 14, 11, 27, 15, 7, 8, 20, 9, 7, 5, 8, 7, 13, 9, 9, 19, 3, 13, 30, 18, 11, 13, 21, 15, 6, 5, 30, 9, 5, 5, 9, 10, 6, 5, 7, 9, 19, 5, 4, 13, 6, 24, 4, 6, 7, 8, 18, 8, 4, 11, 9, 6, 11, 7, 4, 7, 3, 23, 18, 28, 4, 19, 9, 25, 13, 6, 5, 7, 25, 5, 4, 7, 7, 30, 7, 6, 5, 8, 5, 9, 3, 5, 7, 15, 12, 13, 18, 6, 15, 12, 5, 10, 17, 8, 6, 12, 5, 3, 7, 10, 7, 6, 15, 7, 9, 7, 7, 15, 8, 28, 13, 5, 16, 5, 7, 5, 4, 5, 9, 10, 4, 8, 7, 7, 24, 8, 9, 7, 9, 9, 7, 2, 26, 8, 4, 10, 7, 10, 21, 3, 7, 12, 13, 16, 10, 6, 12, 10, 5, 10, 21, 7, 20, 10, 5, 6, 5, 8, 30, 11, 3, 7, 6, 5, 11, 9, 4, 5, 3, 12, 12, 3, 15, 6, 9, 17, 13, 6, 8, 10, 9, 6, 2, 23, 6, 13, 6, 15, 7, 14, 7, 5, 5, 11, 5, 18, 16, 20, 13, 15, 30, 14, 8, 6, 8, 15, 8, 8, 8, 16, 7, 9, 5, 7, 3, 9, 21, 10, 1, 11, 12, 5, 17, 5, 13, 8, 27, 3, 10, 5, 13, 11, 5, 6, 9, 11, 5, 6, 26, 3, 20, 6, 9, 10, 17, 10, 7, 5, 12, 11, 7, 11, 2, 2, 15, 10, 8, 5, 17, 4, 17, 17, 6, 5, 6, 23, 30, 4, 1, 16, 8, 8, 5, 22, 30, 4, 6, 7, 5, 6, 14, 4, 2, 7, 6, 6, 11, 14, 19, 7, 14, 10, 8, 5, 9, 10, 14, 4, 11, 11, 8, 9, 3, 1, 13, 3, 10, 10, 12, 4, 6, 13, 14, 10, 10, 5, 7, 24, 20, 13, 8, 21, 22, 4, 7, 11, 10, 23, 3, 4, 15, 2, 8, 6, 21, 6, 13, 7, 4, 7, 8, 6, 30, 6, 13, 14, 12, 6, 9, 7, 1, 11, 6, 8, 7, 4, 8, 13, 20, 20, 10, 9, 4, 10, 8, 8, 16, 6, 27, 6, 2, 10, 30, 11, 4, 20, 8, 9, 8, 9, 6, 5, 16, 6, 15],